date,poi_name,district,poi_type,crowd_flow,xgb_predicted,lgb_predicted
2025-12-31,易园园林博物馆,金牛区,景区,1105,1337,1444
2025-12-31,洛带古镇,龙泉驿区,景区,1262,1363,1454
2025-12-31,沙河东篱翠湖公园,锦江区,广场,945,1223,1378
2025-12-31,凤凰山公园,金牛区,广场,990,1037,1339
2025-12-31,东安湖公园,龙泉驿区,广场,723,621,741
2025-12-31,青羊宫,青羊区,景区,3274,4849,4849
2025-12-31,活水公园,锦江区,广场,1490,1827,1887
2025-12-31,白鹭湾湿地公园,锦江区,广场,1415,1689,1758
2025-12-31,北湖凝萃公园,金牛区,广场,1005,886,1129
2025-12-31,龙泉山城市森林公园,龙泉驿区,广场,495,343,461
2025-12-31,金牛公园,金牛区,广场,1039,871,1079
2025-12-31,大慈寺,锦江区,景区,4553,4754,5108
2025-12-31,国宾蜀园,金牛区,公园,520,459,670
2025-12-31,金泉运动公园,金牛区,广场,763,661,887
2025-12-31,百花潭公园,青羊区,广场,1540,2088,1729
2025-12-31,圣灯公园,成华区,景区,1183,1448,1591
2025-12-31,棠湖公园,双流区,广场,644,604,682
2025-12-31,天府艺术公园,金牛区,广场,1467,1704,1894
2025-12-31,黄忠公园,金牛区,广场,790,854,1079
2025-12-31,南湖公园,双流区,广场,513,449,576
2025-12-31,塔子山公园,锦江区,广场,1375,1468,1803
2025-12-31,成都青羊绿舟文化产业园区,青羊区,公园,670,741,800
2025-12-31,双桂公园,成华区,广场,888,962,1176
2025-12-31,熊猫小镇红豆古树公园,成华区,广场,664,769,923
2025-12-31,青龙湖湿地公园,龙泉驿区,广场,816,803,1016
2025-12-31,杉板桥公园,成华区,景区,1447,1840,2031
2025-12-31,北湖生态公园,成华区,广场,1311,1515,1623
2025-12-31,黄龙溪古镇,双流区,景区,1496,1897,2055
2025-12-31,彭镇古镇,双流区,景区,851,869,950
2025-12-31,中环晓院,武侯区,公园,660,743,978
2025-12-31,江安河公园,双流区,广场,631,628,696
2025-12-31,望江楼公园,武侯区,广场,2026,1960,1988
2025-12-31,金沙滨河公园,青羊区,广场,1159,1505,1789
2025-12-31,天府芙蓉园,武侯区,景区,2126,2539,2783
2025-12-31,中和湿地公园,双流区,广场,660,537,691
2025-12-31,桂溪生态公园,武侯区,广场,1473,1591,1712
2025-12-31,洛水湿地公园,龙泉驿区,广场,447,412,536
2025-12-31,老成都民俗公园(人民南路四段),武侯区,广场,1102,1085,1273
2025-12-31,海斯凯体育公园,青羊区,广场,848,1143,1290
2025-12-31,武侯体育公园,武侯区,广场,851,1100,1316
2025-12-31,新华公园,成华区,广场,1090,1380,1549
2025-12-31,玉石湿地公园,龙泉驿区,广场,688,616,665
2025-12-31,万花公园,青羊区,广场,702,926,1040
2025-12-31,海滨公园,成华区,广场,912,995,1188
2025-12-31,文化公园,青羊区,广场,2277,1960,1714
2025-12-31,温江公园,温江区,广场,357,332,496
2025-12-31,锦江体育公园,锦江区,广场,810,975,1140
2025-12-31,驿马河公园,龙泉驿区,广场,487,413,529
2025-12-31,成华公园,成华区,广场,1046,886,1038
2025-12-31,二仙桥公园,成华区,广场,1019,967,1173
2025-12-31,浣花溪公园,青羊区,广场,2246,2368,2467
2025-12-31,鲁家滩湿地公园,温江区,广场,336,164,357
2025-12-31,南岸公园,双流区,广场,444,424,580
2025-12-31,龙潭新区公园,成华区,广场,672,774,903
2025-12-31,人民公园,青羊区,景区,4629,5476,5429
2025-12-31,wood park滑板运动公园(交子店),武侯区,公园,513,575,777
2025-12-31,天府公园,双流区,广场,599,525,524
2025-12-31,兴隆湖湿地公园,双流区,景区,839,984,1038
2026-01-01,玉石湿地公园,龙泉驿区,广场,1408,1618,1618
2026-01-01,青龙湖湿地公园,龙泉驿区,广场,2383,2433,2253
2026-01-01,洛水湿地公园,龙泉驿区,广场,1385,1242,1317
2026-01-01,驿马河公园,龙泉驿区,广场,1037,1231,1311
2026-01-01,洛带古镇,龙泉驿区,景区,3045,3587,3560
2026-01-01,金泉运动公园,金牛区,广场,2036,1899,1971
2026-01-01,棠湖公园,双流区,广场,1457,1698,1589
2026-01-01,天府芙蓉园,武侯区,景区,5664,5502,5734
2026-01-01,温江公园,温江区,广场,940,1163,1215
2026-01-01,金沙滨河公园,青羊区,广场,3476,3334,3311
2026-01-01,熊猫小镇红豆古树公园,成华区,广场,1733,2075,2132
2026-01-01,东安湖公园,龙泉驿区,广场,1804,2406,2075
2026-01-01,国宾蜀园,金牛区,公园,1230,1338,1313
2026-01-01,活水公园,锦江区,广场,4606,4279,4467
2026-01-01,双桂公园,成华区,广场,2045,2565,2522
2026-01-01,南岸公园,双流区,广场,1122,1397,1401
2026-01-01,北湖生态公园,成华区,广场,3786,3847,3874
2026-01-01,桂溪生态公园,武侯区,广场,4345,4643,4423
2026-01-01,金牛公园,金牛区,广场,2081,2362,2322
2026-01-01,海斯凯体育公园,青羊区,广场,3238,2827,2753
2026-01-01,成华公园,成华区,广场,2476,2419,2604
2026-01-01,百花潭公园,青羊区,广场,4048,4348,4635
2026-01-01,龙泉山城市森林公园,龙泉驿区,广场,1267,1436,1225
2026-01-01,彭镇古镇,双流区,景区,2292,2137,2297
2026-01-01,天府公园,双流区,广场,1216,1948,1705
2026-01-01,老成都民俗公园(人民南路四段),武侯区,广场,2278,2793,2671
2026-01-01,北湖凝萃公园,金牛区,广场,1943,2368,2349
2026-01-01,中和湿地公园,双流区,广场,1403,1623,1608
2026-01-01,锦江体育公园,锦江区,广场,2235,2541,2424
2026-01-01,杉板桥公园,成华区,景区,4160,4555,4229
2026-01-01,浣花溪公园,青羊区,广场,4821,5933,5446
2026-01-01,凤凰山公园,金牛区,广场,2951,2820,2782
2026-01-01,成都青羊绿舟文化产业园区,青羊区,公园,1723,1703,1676
2026-01-01,江安河公园,双流区,广场,1483,1724,1664
2026-01-01,wood park滑板运动公园(交子店),武侯区,公园,1708,1612,1537
2026-01-01,圣灯公园,成华区,景区,3371,3691,3631
2026-01-01,白鹭湾湿地公园,锦江区,广场,4377,4307,3827
2026-01-01,青羊宫,青羊区,景区,11462,10048,9874
2026-01-01,沙河东篱翠湖公园,锦江区,广场,3114,3164,2960
2026-01-01,南湖公园,双流区,广场,1070,1474,1364
2026-01-01,新华公园,成华区,广场,2713,3385,3160
2026-01-01,中环晓院,武侯区,公园,2127,2003,1915
2026-01-01,万花公园,青羊区,广场,1697,2242,2285
2026-01-01,大慈寺,锦江区,景区,12696,10876,10618
2026-01-01,易园园林博物馆,金牛区,景区,2960,3456,3385
2026-01-01,黄忠公园,金牛区,广场,2378,2391,2340
2026-01-01,人民公园,青羊区,景区,12338,12307,14033
2026-01-01,塔子山公园,锦江区,广场,4801,4171,4068
2026-01-01,兴隆湖湿地公园,双流区,景区,2596,2512,2554
2026-01-01,文化公园,青羊区,广场,5727,5168,5408
2026-01-01,海滨公园,成华区,广场,2204,2425,2407
2026-01-01,鲁家滩湿地公园,温江区,广场,745,873,820
2026-01-01,望江楼公园,武侯区,广场,4987,5360,5009
2026-01-01,武侯体育公园,武侯区,广场,2787,2624,2671
2026-01-01,黄龙溪古镇,双流区,景区,3613,5042,4570
2026-01-01,天府艺术公园,金牛区,广场,3447,4434,4338
2026-01-01,龙潭新区公园,成华区,广场,1695,2151,2140
2026-01-01,二仙桥公园,成华区,广场,1961,2473,2498
2026-01-02,成都青羊绿舟文化产业园区,青羊区,公园,1502,1756,1797
2026-01-02,望江楼公园,武侯区,广场,4277,5228,5158
2026-01-02,万花公园,青羊区,广场,2108,2328,2394
2026-01-02,熊猫小镇红豆古树公园,成华区,广场,1972,2127,2204
2026-01-02,凤凰山公园,金牛区,广场,3059,2686,2842
2026-01-02,北湖凝萃公园,金牛区,广场,2031,2439,2452
2026-01-02,江安河公园,双流区,广场,1684,1711,1735
2026-01-02,南湖公园,双流区,广场,1101,1475,1437
2026-01-02,天府芙蓉园,武侯区,景区,4423,5243,5863
2026-01-02,老成都民俗公园(人民南路四段),武侯区,广场,2862,2726,2790
2026-01-02,天府艺术公园,金牛区,广场,3447,4381,4393
2026-01-02,青羊宫,青羊区,景区,9215,10413,10132
2026-01-02,武侯体育公园,武侯区,广场,2207,2655,2764
2026-01-02,东安湖公园,龙泉驿区,广场,2036,2359,2080
2026-01-02,兴隆湖湿地公园,双流区,景区,2499,2435,2555
2026-01-02,黄忠公园,金牛区,广场,2365,2459,2444
2026-01-02,洛水湿地公园,龙泉驿区,广场,1378,1323,1376
2026-01-02,南岸公园,双流区,广场,1290,1440,1450
2026-01-02,桂溪生态公园,武侯区,广场,4308,4404,4441
2026-01-02,金牛公园,金牛区,广场,2041,2442,2448
2026-01-02,百花潭公园,青羊区,广场,5469,4275,4771
2026-01-02,棠湖公园,双流区,广场,1385,1695,1660
2026-01-02,中环晓院,武侯区,公园,2121,2056,2059
2026-01-02,海滨公园,成华区,广场,2869,2461,2496
2026-01-02,国宾蜀园,金牛区,公园,1237,1418,1419
2026-01-02,易园园林博物馆,金牛区,景区,3171,3480,3470
2026-01-02,彭镇古镇,双流区,景区,2401,2089,2288
2026-01-02,金泉运动公园,金牛区,广场,1902,1971,2053
2026-01-02,北湖生态公园,成华区,广场,2788,3885,3894
2026-01-02,双桂公园,成华区,广场,2209,2628,2620
2026-01-02,活水公园,锦江区,广场,3656,4374,4600
2026-01-02,沙河东篱翠湖公园,锦江区,广场,2334,3258,3058
2026-01-02,温江公园,温江区,广场,1258,1226,1272
2026-01-02,圣灯公园,成华区,景区,2811,3703,3663
2026-01-02,白鹭湾湿地公园,锦江区,广场,3864,4096,3820
2026-01-02,龙潭新区公园,成华区,广场,1921,2155,2207
2026-01-02,驿马河公园,龙泉驿区,广场,884,1311,1364
2026-01-02,二仙桥公园,成华区,广场,2284,2544,2614
2026-01-02,人民公园,青羊区,景区,15960,12386,13784
2026-01-02,青龙湖湿地公园,龙泉驿区,广场,1822,2461,2260
2026-01-02,大慈寺,锦江区,景区,11393,11456,10510
2026-01-02,新华公园,成华区,广场,3482,3302,3194
2026-01-02,洛带古镇,龙泉驿区,景区,2661,3563,3448
2026-01-02,塔子山公园,锦江区,广场,3673,4066,4125
2026-01-02,文化公园,青羊区,广场,5033,5365,5521
2026-01-02,黄龙溪古镇,双流区,景区,4466,5007,4418
2026-01-02,鲁家滩湿地公园,温江区,广场,822,936,910
2026-01-02,海斯凯体育公园,青羊区,广场,3141,2917,2877
2026-01-02,金沙滨河公园,青羊区,广场,2908,3438,3443
2026-01-02,龙泉山城市森林公园,龙泉驿区,广场,1204,1532,1211
2026-01-02,玉石湿地公园,龙泉驿区,广场,1559,1646,1681
2026-01-02,成华公园,成华区,广场,2549,2504,2673
2026-01-02,浣花溪公园,青羊区,广场,4132,5764,5538
2026-01-02,wood park滑板运动公园(交子店),武侯区,公园,1422,1660,1638
2026-01-02,中和湿地公园,双流区,广场,1640,1672,1680
2026-01-02,杉板桥公园,成华区,景区,3786,4668,4238
2026-01-02,锦江体育公园,锦江区,广场,2482,2593,2538
2026-01-02,天府公园,双流区,广场,1216,1982,1763
2026-01-03,百花潭公园,青羊区,广场,3837,4506,5187
2026-01-03,人民公园,青羊区,景区,13204,12437,13706
2026-01-03,武侯体育公园,武侯区,广场,1753,2643,2758
2026-01-03,黄忠公园,金牛区,广场,1905,2395,2476
2026-01-03,浣花溪公园,青羊区,广场,5086,5880,5724
2026-01-03,青龙湖湿地公园,龙泉驿区,广场,1761,2565,2207
2026-01-03,大慈寺,锦江区,景区,6533,11430,11377
2026-01-03,洛水湿地公园,龙泉驿区,广场,771,1232,1416
2026-01-03,中环晓院,武侯区,公园,1621,2011,2124
2026-01-03,新华公园,成华区,广场,2474,3422,3330
2026-01-03,南湖公园,双流区,广场,1208,1464,1452
2026-01-03,杉板桥公园,成华区,景区,3261,4725,4532
2026-01-03,金泉运动公园,金牛区,广场,1524,1986,2064
2026-01-03,塔子山公园,锦江区,广场,2870,4275,4310
2026-01-03,文化公园,青羊区,广场,3941,5652,5827
2026-01-03,万花公园,青羊区,广场,2051,2390,2478
2026-01-03,江安河公园,双流区,广场,1419,1697,1758
2026-01-03,熊猫小镇红豆古树公园,成华区,广场,1422,2151,2228
2026-01-03,兴隆湖湿地公园,双流区,景区,2035,2464,2714
2026-01-03,二仙桥公园,成华区,广场,1540,2536,2643
2026-01-03,海斯凯体育公园,青羊区,广场,2285,2959,2997
2026-01-03,金牛公园,金牛区,广场,2003,2433,2483
2026-01-03,驿马河公园,龙泉驿区,广场,807,1221,1405
2026-01-03,成华公园,成华区,广场,1945,2595,2762
2026-01-03,桂溪生态公园,武侯区,广场,2538,4607,4585
2026-01-03,国宾蜀园,金牛区,公园,1238,1427,1470
2026-01-03,北湖生态公园,成华区,广场,2509,4031,3973
2026-01-03,南岸公园,双流区,广场,880,1330,1481
2026-01-03,双桂公园,成华区,广场,2098,2640,2649
2026-01-03,彭镇古镇,双流区,景区,1417,2129,2401
2026-01-03,老成都民俗公园(人民南路四段),武侯区,广场,1701,2749,2776
2026-01-03,活水公园,锦江区,广场,3266,4730,4904
2026-01-03,金沙滨河公园,青羊区,广场,2421,3619,3561
2026-01-03,中和湿地公园,双流区,广场,967,1596,1713
2026-01-03,青羊宫,青羊区,景区,6571,10766,10656
2026-01-03,圣灯公园,成华区,景区,2662,3806,3888
2026-01-03,锦江体育公园,锦江区,广场,1878,2683,2616
2026-01-03,白鹭湾湿地公园,锦江区,广场,2552,4337,3986
2026-01-03,天府芙蓉园,武侯区,景区,4249,5760,6144
2026-01-03,天府艺术公园,金牛区,广场,3054,4502,4558
2026-01-03,北湖凝萃公园,金牛区,广场,1998,2432,2484
2026-01-03,龙潭新区公园,成华区,广场,1365,2061,2235
2026-01-03,成都青羊绿舟文化产业园区,青羊区,公园,1245,1715,1935
2026-01-03,沙河东篱翠湖公园,锦江区,广场,2386,3315,3182
2026-01-03,鲁家滩湿地公园,温江区,广场,499,837,929
2026-01-03,海滨公园,成华区,广场,1916,2468,2520
2026-01-03,易园园林博物馆,金牛区,景区,2209,3600,3705
2026-01-03,棠湖公园,双流区,广场,967,1666,1683
2026-01-03,东安湖公园,龙泉驿区,广场,1363,2436,2124
2026-01-03,洛带古镇,龙泉驿区,景区,2281,3573,3543
2026-01-03,凤凰山公园,金牛区,广场,2012,2936,2895
2026-01-03,玉石湿地公园,龙泉驿区,广场,948,1677,1722
2026-01-03,龙泉山城市森林公园,龙泉驿区,广场,830,1430,1266
2026-01-03,温江公园,温江区,广场,851,1148,1308
2026-01-03,望江楼公园,武侯区,广场,3425,5371,5405
2026-01-03,wood park滑板运动公园(交子店),武侯区,公园,1296,1669,1707
2026-01-03,天府公园,双流区,广场,1223,1853,1845
2026-01-03,黄龙溪古镇,双流区,景区,3500,5239,4755
2026-01-04,白鹭湾湿地公园,锦江区,广场,2698,2838,2834
2026-01-04,塔子山公园,锦江区,广场,2501,3039,3038
2026-01-04,成都青羊绿舟文化产业园区,青羊区,公园,1099,1261,1314
2026-01-04,北湖凝萃公园,金牛区,广场,2143,1736,1685
2026-01-04,凤凰山公园,金牛区,广场,2482,2176,2038
2026-01-04,老成都民俗公园(人民南路四段),武侯区,广场,1655,1832,1886
2026-01-04,彭镇古镇,双流区,景区,1404,1567,1674
2026-01-04,文化公园,青羊区,广场,3377,3786,4052
2026-01-04,百花潭公园,青羊区,广场,4430,3537,3708
2026-01-04,金牛公园,金牛区,广场,1588,1720,1672
2026-01-04,桂溪生态公园,武侯区,广场,3099,3011,3076
2026-01-04,国宾蜀园,金牛区,公园,882,1069,1045
2026-01-04,南岸公园,双流区,广场,1054,854,971
2026-01-04,东安湖公园,龙泉驿区,广场,1688,1531,1548
2026-01-04,黄龙溪古镇,双流区,景区,2590,3249,3278
2026-01-04,青羊宫,青羊区,景区,6620,7866,7961
2026-01-04,海滨公园,成华区,广场,1478,1721,1708
2026-01-04,棠湖公园,双流区,广场,1174,1053,1152
2026-01-04,天府芙蓉园,武侯区,景区,3480,4271,4238
2026-01-04,天府艺术公园,金牛区,广场,2662,3083,3130
2026-01-04,兴隆湖湿地公园,双流区,景区,1495,1810,1902
2026-01-04,武侯体育公园,武侯区,广场,1920,1930,1882
2026-01-04,熊猫小镇红豆古树公园,成华区,广场,1591,1483,1491
2026-01-04,江安河公园,双流区,广场,1295,1091,1177
2026-01-04,玉石湿地公园,龙泉驿区,广场,1465,1110,1149
2026-01-04,新华公园,成华区,广场,1816,2059,2284
2026-01-04,龙潭新区公园,成华区,广场,1278,1395,1500
2026-01-04,wood park滑板运动公园(交子店),武侯区,公园,1150,1179,1198
2026-01-04,二仙桥公园,成华区,广场,1743,1795,1767
2026-01-04,圣灯公园,成华区,景区,2450,2468,2620
2026-01-04,人民公园,青羊区,景区,11251,10076,10082
2026-01-04,青龙湖湿地公园,龙泉驿区,广场,1592,1729,1625
2026-01-04,温江公园,温江区,广场,1016,751,845
2026-01-04,金沙滨河公园,青羊区,广场,3053,2713,2523
2026-01-04,活水公园,锦江区,广场,3677,3111,3171
2026-01-04,双桂公园,成华区,广场,1560,1817,1770
2026-01-04,北湖生态公园,成华区,广场,2806,2602,2686
2026-01-04,驿马河公园,龙泉驿区,广场,722,854,885
2026-01-04,龙泉山城市森林公园,龙泉驿区,广场,1003,927,932
2026-01-04,海斯凯体育公园,青羊区,广场,2542,2084,2078
2026-01-04,大慈寺,锦江区,景区,9183,8450,8331
2026-01-04,成华公园,成华区,广场,1416,1666,1843
2026-01-04,洛带古镇,龙泉驿区,景区,2429,2543,2534
2026-01-04,中和湿地公园,双流区,广场,1152,1159,1226
2026-01-04,黄忠公园,金牛区,广场,1818,1723,1674
2026-01-04,天府公园,双流区,广场,1168,1101,1158
2026-01-04,锦江体育公园,锦江区,广场,1991,1781,1787
2026-01-04,浣花溪公园,青羊区,广场,4396,3909,4074
2026-01-04,杉板桥公园,成华区,景区,3712,3017,3112
2026-01-04,鲁家滩湿地公园,温江区,广场,577,579,644
2026-01-04,望江楼公园,武侯区,广场,3695,3406,3584
2026-01-04,沙河东篱翠湖公园,锦江区,广场,1866,2174,2123
2026-01-04,中环晓院,武侯区,公园,1528,1424,1442
2026-01-04,易园园林博物馆,金牛区,景区,2127,2450,2504
2026-01-04,万花公园,青羊区,广场,1518,1725,1683
2026-01-04,南湖公园,双流区,广场,959,866,997
2026-01-04,金泉运动公园,金牛区,广场,1670,1380,1389
2026-01-04,洛水湿地公园,龙泉驿区,广场,798,856,887
2026-01-05,杉板桥公园,成华区,景区,1726,2051,1965
2026-01-05,大慈寺,锦江区,景区,4583,5192,5555
2026-01-05,易园园林博物馆,金牛区,景区,1561,1471,1459
2026-01-05,天府芙蓉园,武侯区,景区,2397,2698,2809
2026-01-05,江安河公园,双流区,广场,756,751,739
2026-01-05,中和湿地公园,双流区,广场,734,722,716
2026-01-05,活水公园,锦江区,广场,2096,1957,2060
2026-01-05,青龙湖湿地公园,龙泉驿区,广场,1121,1051,1094
2026-01-05,龙潭新区公园,成华区,广场,1049,971,974
2026-01-05,天府艺术公园,金牛区,广场,2286,2009,2007
2026-01-05,棠湖公园,双流区,广场,839,715,703
2026-01-05,南湖公园,双流区,广场,500,551,578
2026-01-05,熊猫小镇红豆古树公园,成华区,广场,872,962,969
2026-01-05,塔子山公园,锦江区,广场,2014,1920,1881
2026-01-05,桂溪生态公园,武侯区,广场,1721,1988,2054
2026-01-05,锦江体育公园,锦江区,广场,1003,1093,1116
2026-01-05,玉石湿地公园,龙泉驿区,广场,735,716,722
2026-01-05,圣灯公园,成华区,景区,1394,1620,1636
2026-01-05,南岸公园,双流区,广场,527,583,568
2026-01-05,温江公园,温江区,广场,552,460,449
2026-01-05,东安湖公园,龙泉驿区,广场,962,954,996
2026-01-05,金沙滨河公园,青羊区,广场,1382,1573,1640
2026-01-05,中环晓院,武侯区,公园,1059,910,856
2026-01-05,国宾蜀园,金牛区,公园,551,621,622
2026-01-05,wood park滑板运动公园(交子店),武侯区,公园,884,739,736
2026-01-05,浣花溪公园,青羊区,广场,2828,2636,2796
2026-01-05,新华公园,成华区,广场,1520,1388,1471
2026-01-05,鲁家滩湿地公园,温江区,广场,349,315,330
2026-01-05,青羊宫,青羊区,景区,4715,4910,5079
2026-01-05,天府公园,双流区,广场,616,685,647
2026-01-05,万花公园,青羊区,广场,1101,1048,1086
2026-01-05,双桂公园,成华区,广场,1229,1151,1123
2026-01-05,人民公园,青羊区,景区,6869,6482,6443
2026-01-05,金泉运动公园,金牛区,广场,1025,829,902
2026-01-05,北湖生态公园,成华区,广场,1692,1722,1793
2026-01-05,成都青羊绿舟文化产业园区,青羊区,公园,676,799,830
2026-01-05,北湖凝萃公园,金牛区,广场,1093,1104,1047
2026-01-05,武侯体育公园,武侯区,广场,1311,1264,1236
2026-01-05,海斯凯体育公园,青羊区,广场,1461,1272,1300
2026-01-05,二仙桥公园,成华区,广场,1013,1136,1120
2026-01-05,兴隆湖湿地公园,双流区,景区,1104,1157,1258
2026-01-05,海滨公园,成华区,广场,1273,1176,1162
2026-01-05,彭镇古镇,双流区,景区,1114,1005,1114
2026-01-05,驿马河公园,龙泉驿区,广场,595,519,513
2026-01-05,黄忠公园,金牛区,广场,1265,1076,1031
2026-01-05,凤凰山公园,金牛区,广场,1555,1330,1398
2026-01-05,望江楼公园,武侯区,广场,2238,2305,2361
2026-01-05,老成都民俗公园(人民南路四段),武侯区,广场,1073,1288,1239
2026-01-05,龙泉山城市森林公园,龙泉驿区,广场,660,531,539
2026-01-05,白鹭湾湿地公园,锦江区,广场,1989,1921,1916
2026-01-05,沙河东篱翠湖公园,锦江区,广场,1331,1372,1347
2026-01-05,金牛公园,金牛区,广场,1197,1074,1029
2026-01-05,洛带古镇,龙泉驿区,景区,1421,1505,1789
2026-01-05,成华公园,成华区,广场,1104,1071,1049
2026-01-05,洛水湿地公园,龙泉驿区,广场,657,532,524
2026-01-05,黄龙溪古镇,双流区,景区,2291,2105,2307
2026-01-05,文化公园,青羊区,广场,2060,2408,2444
2026-01-05,百花潭公园,青羊区,广场,2112,2256,2253
2026-01-06,二仙桥公园,成华区,广场,1310,1281,1279
2026-01-06,龙潭新区公园,成华区,广场,913,1129,1093
2026-01-06,凤凰山公园,金牛区,广场,1306,1486,1517
2026-01-06,圣灯公园,成华区,景区,1524,1758,1849
2026-01-06,彭镇古镇,双流区,景区,1197,1153,1208
2026-01-06,百花潭公园,青羊区,广场,2228,2566,2542
2026-01-06,国宾蜀园,金牛区,公园,803,745,720
2026-01-06,玉石湿地公园,龙泉驿区,广场,724,834,841
2026-01-06,万花公园,青羊区,广场,1004,1213,1224
2026-01-06,新华公园,成华区,广场,1832,1596,1630
2026-01-06,洛水湿地公园,龙泉驿区,广场,608,661,628
2026-01-06,青龙湖湿地公园,龙泉驿区,广场,1234,1200,1147
2026-01-06,熊猫小镇红豆古树公园,成华区,广场,931,1076,1082
2026-01-06,wood park滑板运动公园(交子店),武侯区,公园,804,862,841
2026-01-06,人民公园,青羊区,景区,7464,7651,7487
2026-01-06,桂溪生态公园,武侯区,广场,2581,2206,2185
2026-01-06,洛带古镇,龙泉驿区,景区,1520,1757,1851
2026-01-06,江安河公园,双流区,广场,992,860,851
2026-01-06,鲁家滩湿地公园,温江区,广场,431,458,414
2026-01-06,北湖凝萃公园,金牛区,广场,1193,1234,1206
2026-01-06,大慈寺,锦江区,景区,6374,6167,6058
2026-01-06,白鹭湾湿地公园,锦江区,广场,2049,2156,2082
2026-01-06,金牛公园,金牛区,广场,1137,1204,1181
2026-01-06,成都青羊绿舟文化产业园区,青羊区,公园,1048,958,945
2026-01-06,易园园林博物馆,金牛区,景区,1654,1626,1674
2026-01-06,沙河东篱翠湖公园,锦江区,广场,1791,1541,1547
2026-01-06,中和湿地公园,双流区,广场,996,818,827
2026-01-06,温江公园,温江区,广场,495,587,556
2026-01-06,棠湖公园,双流区,广场,788,824,814
2026-01-06,成华公园,成华区,广场,1479,1143,1238
2026-01-06,文化公园,青羊区,广场,2292,2718,2654
2026-01-06,双桂公园,成华区,广场,1384,1288,1288
2026-01-06,中环晓院,武侯区,公园,1009,1033,1008
2026-01-06,黄龙溪古镇,双流区,景区,2357,2333,2394
2026-01-06,南湖公园,双流区,广场,688,657,679
2026-01-06,兴隆湖湿地公园,双流区,景区,1336,1338,1373
2026-01-06,海斯凯体育公园,青羊区,广场,1367,1461,1491
2026-01-06,海滨公园,成华区,广场,1124,1304,1304
2026-01-06,龙泉山城市森林公园,龙泉驿区,广场,562,697,626
2026-01-06,驿马河公园,龙泉驿区,广场,604,659,614
2026-01-06,黄忠公园,金牛区,广场,1400,1206,1191
2026-01-06,金泉运动公园,金牛区,广场,851,962,1014
2026-01-06,望江楼公园,武侯区,广场,2487,2510,2526
2026-01-06,武侯体育公园,武侯区,广场,1166,1407,1403
2026-01-06,北湖生态公园,成华区,广场,2000,1898,1929
2026-01-06,活水公园,锦江区,广场,2498,2092,2267
2026-01-06,天府艺术公园,金牛区,广场,2560,2187,2153
2026-01-06,锦江体育公园,锦江区,广场,1122,1233,1272
2026-01-06,天府芙蓉园,武侯区,景区,2701,2951,3102
2026-01-06,塔子山公园,锦江区,广场,2289,2119,2054
2026-01-06,浣花溪公园,青羊区,广场,2628,2883,2960
2026-01-06,南岸公园,双流区,广场,763,701,677
2026-01-06,金沙滨河公园,青羊区,广场,1648,1805,1847
2026-01-06,东安湖公园,龙泉驿区,广场,1023,1170,1059
2026-01-06,杉板桥公园,成华区,景区,2204,2253,2265
2026-01-06,天府公园,双流区,广场,937,829,704
2026-01-06,老成都民俗公园(人民南路四段),武侯区,广场,1506,1417,1401
2026-01-06,青羊宫,青羊区,景区,5242,5518,5496
2026-01-07,金沙滨河公园,青羊区,广场,2090,1816,1864
2026-01-07,海斯凯体育公园,青羊区,广场,1709,1461,1484
2026-01-07,白鹭湾湿地公园,锦江区,广场,2256,2169,2074
2026-01-07,南湖公园,双流区,广场,642,669,682
2026-01-07,杉板桥公园,成华区,景区,1902,2103,2286
2026-01-07,易园园林博物馆,金牛区,景区,2043,1607,1675
2026-01-07,沙河东篱翠湖公园,锦江区,广场,1628,1528,1553
2026-01-07,龙泉山城市森林公园,龙泉驿区,广场,626,666,629
2026-01-07,凤凰山公园,金牛区,广场,1264,1513,1536
2026-01-07,金泉运动公园,金牛区,广场,1184,964,1014
2026-01-07,北湖凝萃公园,金牛区,广场,1319,1248,1203
2026-01-07,驿马河公园,龙泉驿区,广场,671,642,614
2026-01-07,龙潭新区公园,成华区,广场,1123,1144,1095
2026-01-07,北湖生态公园,成华区,广场,1942,1899,1945
2026-01-07,玉石湿地公园,龙泉驿区,广场,715,823,841
2026-01-07,wood park滑板运动公园(交子店),武侯区,公园,727,873,853
2026-01-07,锦江体育公园,锦江区,广场,1031,1279,1269
2026-01-07,中和湿地公园,双流区,广场,924,828,830
2026-01-07,江安河公园,双流区,广场,1026,871,854
2026-01-07,熊猫小镇红豆古树公园,成华区,广场,1067,1096,1084
2026-01-07,万花公园,青羊区,广场,1353,1196,1219
2026-01-07,圣灯公园,成华区,景区,1936,1603,1853
2026-01-07,温江公园,温江区,广场,598,606,562
2026-01-07,成华公园,成华区,广场,1428,1193,1218
2026-01-07,天府公园,双流区,广场,892,824,718
2026-01-07,活水公园,锦江区,广场,2444,2078,2258
2026-01-07,洛带古镇,龙泉驿区,景区,1677,1707,1908
2026-01-07,成都青羊绿舟文化产业园区,青羊区,公园,833,952,935
2026-01-07,双桂公园,成华区,广场,1504,1317,1290
2026-01-07,浣花溪公园,青羊区,广场,3167,2848,2941
2026-01-07,老成都民俗公园(人民南路四段),武侯区,广场,1426,1475,1415
2026-01-07,武侯体育公园,武侯区,广场,1358,1484,1423
2026-01-07,鲁家滩湿地公园,温江区,广场,457,470,425
2026-01-07,人民公园,青羊区,景区,8941,7375,7645
2026-01-07,中环晓院,武侯区,公园,1204,1051,1016
2026-01-07,大慈寺,锦江区,景区,6423,6045,6249
2026-01-07,南岸公园,双流区,广场,692,711,674
2026-01-07,桂溪生态公园,武侯区,广场,1958,2198,2208
2026-01-07,文化公园,青羊区,广场,2568,2611,2625
2026-01-07,望江楼公园,武侯区,广场,2543,2559,2558
2026-01-07,金牛公园,金牛区,广场,1425,1210,1181
2026-01-07,天府艺术公园,金牛区,广场,2549,2199,2201
2026-01-07,洛水湿地公园,龙泉驿区,广场,688,638,628
2026-01-07,塔子山公园,锦江区,广场,2285,2088,2101
2026-01-07,百花潭公园,青羊区,广场,2197,2640,2460
2026-01-07,天府芙蓉园,武侯区,景区,3565,2848,3141
2026-01-07,青龙湖湿地公园,龙泉驿区,广场,1266,1135,1187
2026-01-07,棠湖公园,双流区,广场,732,841,817
2026-01-07,青羊宫,青羊区,景区,5601,5241,5592
2026-01-07,新华公园,成华区,广场,1493,1672,1611
2026-01-07,国宾蜀园,金牛区,公园,775,753,719
2026-01-07,二仙桥公园,成华区,广场,1315,1319,1281
2026-01-07,彭镇古镇,双流区,景区,1391,1053,1220
2026-01-07,兴隆湖湿地公园,双流区,景区,1170,1269,1376
2026-01-07,黄忠公园,金牛区,广场,1253,1210,1192
2026-01-07,海滨公园,成华区,广场,1364,1353,1304
2026-01-07,黄龙溪古镇,双流区,景区,2540,2222,2411
2026-01-07,东安湖公园,龙泉驿区,广场,1092,1115,1098
2026-01-08,天府艺术公园,金牛区,广场,2129,2217,2204
2026-01-08,锦江体育公园,锦江区,广场,1041,1266,1280
2026-01-08,新华公园,成华区,广场,1834,1612,1648
2026-01-08,国宾蜀园,金牛区,公园,677,732,730
2026-01-08,东安湖公园,龙泉驿区,广场,1185,1057,1155
2026-01-08,南岸公园,双流区,广场,745,709,675
2026-01-08,大慈寺,锦江区,景区,5201,5926,6452
2026-01-08,圣灯公园,成华区,景区,2015,1695,1856
2026-01-08,武侯体育公园,武侯区,广场,1365,1460,1428
2026-01-08,天府公园,双流区,广场,678,811,728
2026-01-08,青羊宫,青羊区,景区,4590,4973,5639
2026-01-08,活水公园,锦江区,广场,2483,2016,2268
2026-01-08,海滨公园,成华区,广场,1081,1315,1315
2026-01-08,洛带古镇,龙泉驿区,景区,1530,1530,1923
2026-01-08,浣花溪公园,青羊区,广场,2735,2912,3015
2026-01-08,沙河东篱翠湖公园,锦江区,广场,1672,1558,1600
2026-01-08,南湖公园,双流区,广场,704,683,683
2026-01-08,中环晓院,武侯区,公园,958,1055,1056
2026-01-08,金沙滨河公园,青羊区,广场,2154,1749,1888
2026-01-08,塔子山公园,锦江区,广场,2180,2038,2123
2026-01-08,老成都民俗公园(人民南路四段),武侯区,广场,1222,1448,1456
2026-01-08,桂溪生态公园,武侯区,广场,2118,2176,2251
2026-01-08,杉板桥公园,成华区,景区,2168,2036,2300
2026-01-08,中和湿地公园,双流区,广场,813,838,866
2026-01-08,望江楼公园,武侯区,广场,2478,2545,2581
2026-01-08,温江公园,温江区,广场,718,580,556
2026-01-08,黄龙溪古镇,双流区,景区,2300,2047,2423
2026-01-08,洛水湿地公园,龙泉驿区,广场,655,657,631
2026-01-08,龙潭新区公园,成华区,广场,1237,1128,1107
2026-01-08,江安河公园,双流区,广场,867,889,865
2026-01-08,万花公园,青羊区,广场,1197,1187,1258
2026-01-08,金牛公园,金牛区,广场,1072,1198,1210
2026-01-08,北湖凝萃公园,金牛区,广场,1196,1257,1225
2026-01-08,易园园林博物馆,金牛区,景区,1469,1587,1679
2026-01-08,兴隆湖湿地公园,双流区,景区,1271,1285,1379
2026-01-08,龙泉山城市森林公园,龙泉驿区,广场,620,637,629
2026-01-08,彭镇古镇,双流区,景区,1132,1051,1223
2026-01-08,白鹭湾湿地公园,锦江区,广场,2103,2103,2086
2026-01-08,北湖生态公园,成华区,广场,2092,1914,1954
2026-01-08,凤凰山公园,金牛区,广场,1393,1422,1532
2026-01-08,双桂公园,成华区,广场,1045,1295,1337
2026-01-08,二仙桥公园,成华区,广场,1265,1277,1310
2026-01-08,驿马河公园,龙泉驿区,广场,533,655,616
2026-01-08,人民公园,青羊区,景区,8230,6725,7849
2026-01-08,文化公园,青羊区,广场,3048,2480,2648
2026-01-08,棠湖公园,双流区,广场,788,849,818
2026-01-08,百花潭公园,青羊区,广场,2506,2558,2674
2026-01-08,金泉运动公园,金牛区,广场,1062,949,1025
2026-01-08,鲁家滩湿地公园,温江区,广场,476,450,419
2026-01-08,玉石湿地公园,龙泉驿区,广场,674,838,855
2026-01-08,海斯凯体育公园,青羊区,广场,1573,1473,1525
2026-01-08,青龙湖湿地公园,龙泉驿区,广场,1309,1132,1197
2026-01-08,成都青羊绿舟文化产业园区,青羊区,公园,841,953,968
2026-01-08,熊猫小镇红豆古树公园,成华区,广场,1234,1101,1100
2026-01-08,天府芙蓉园,武侯区,景区,2954,2797,3109
2026-01-08,wood park滑板运动公园(交子店),武侯区,公园,799,875,858
2026-01-08,黄忠公园,金牛区,广场,1023,1217,1214
2026-01-08,成华公园,成华区,广场,1305,1158,1233
2026-01-09,兴隆湖湿地公园,双流区,景区,1727,2157,2242
2026-01-09,南湖公园,双流区,广场,860,916,1061
2026-01-09,温江公园,温江区,广场,764,886,951
2026-01-09,中和湿地公园,双流区,广场,1242,1261,1398
2026-01-09,锦江体育公园,锦江区,广场,1948,1947,1931
2026-01-09,驿马河公园,龙泉驿区,广场,770,949,974
2026-01-09,青羊宫,青羊区,景区,7547,7096,7319
2026-01-09,天府艺术公园,金牛区,广场,2443,3184,3317
2026-01-09,棠湖公园,双流区,广场,1176,1180,1252
2026-01-09,北湖生态公园,成华区,广场,2754,2482,2757
2026-01-09,海斯凯体育公园,青羊区,广场,1698,2287,2276
2026-01-09,成华公园,成华区,广场,1778,1822,1644
2026-01-09,塔子山公园,锦江区,广场,3140,2976,3381
2026-01-09,文化公园,青羊区,广场,3276,4062,4058
2026-01-09,天府芙蓉园,武侯区,景区,3307,4267,4171
2026-01-09,双桂公园,成华区,广场,1972,1767,1958
2026-01-09,圣灯公园,成华区,景区,2348,2792,2522
2026-01-09,黄龙溪古镇,双流区,景区,2829,3906,3321
2026-01-09,熊猫小镇红豆古树公园,成华区,广场,1156,1517,1552
2026-01-09,wood park滑板运动公园(交子店),武侯区,公园,1256,1213,1276
2026-01-09,鲁家滩湿地公园,温江区,广场,619,659,784
2026-01-09,百花潭公园,青羊区,广场,3382,4008,4061
2026-01-09,成都青羊绿舟文化产业园区,青羊区,公园,1338,1516,1453
2026-01-09,龙潭新区公园,成华区,广场,1515,1611,1597
2026-01-09,中环晓院,武侯区,公园,1295,1524,1601
2026-01-09,北湖凝萃公园,金牛区,广场,1347,1783,1863
2026-01-09,金牛公园,金牛区,广场,1494,1720,1892
2026-01-09,人民公园,青羊区,景区,10890,11482,11949
2026-01-09,武侯体育公园,武侯区,广场,1760,2024,2046
2026-01-09,彭镇古镇,双流区,景区,1696,1827,1899
2026-01-09,白鹭湾湿地公园,锦江区,广场,2837,2935,3045
2026-01-09,龙泉山城市森林公园,龙泉驿区,广场,846,969,1241
2026-01-09,万花公园,青羊区,广场,1906,1767,1891
2026-01-09,凤凰山公园,金牛区,广场,2418,2210,2388
2026-01-09,二仙桥公园,成华区,广场,1916,1801,1952
2026-01-09,老成都民俗公园(人民南路四段),武侯区,广场,1912,2013,2117
2026-01-09,金泉运动公园,金牛区,广场,1549,1400,1550
2026-01-09,玉石湿地公园,龙泉驿区,广场,1141,1251,1217
2026-01-09,东安湖公园,龙泉驿区,广场,1631,1445,1672
2026-01-09,天府公园,双流区,广场,1183,1218,1381
2026-01-09,活水公园,锦江区,广场,2799,3438,3225
2026-01-09,易园园林博物馆,金牛区,景区,2673,2562,2380
2026-01-09,浣花溪公园,青羊区,广场,3491,4817,4574
2026-01-09,金沙滨河公园,青羊区,广场,2284,2709,2866
2026-01-09,青龙湖湿地公园,龙泉驿区,广场,1560,1465,1824
2026-01-09,桂溪生态公园,武侯区,广场,2526,3095,3325
2026-01-09,望江楼公园,武侯区,广场,3449,4013,3903
2026-01-09,大慈寺,锦江区,景区,9161,7315,8875
2026-01-09,洛带古镇,龙泉驿区,景区,1998,2522,2302
2026-01-09,沙河东篱翠湖公园,锦江区,广场,2276,2369,2459
2026-01-09,南岸公园,双流区,广场,977,962,1034
2026-01-09,黄忠公园,金牛区,广场,1693,1761,1886
2026-01-09,新华公园,成华区,广场,2525,2496,2853
2026-01-09,洛水湿地公园,龙泉驿区,广场,698,932,981
2026-01-09,国宾蜀园,金牛区,公园,1146,1082,1145
2026-01-09,江安河公园,双流区,广场,1356,1256,1276
2026-01-09,杉板桥公园,成华区,景区,2437,3335,3563
2026-01-09,海滨公园,成华区,广场,2037,1896,1790
2026-01-10,龙泉山城市森林公园,龙泉驿区,广场,1173,1296,1401
2026-01-10,二仙桥公园,成华区,广场,2320,2222,2400
2026-01-10,塔子山公园,锦江区,广场,4053,3913,4288
2026-01-10,白鹭湾湿地公园,锦江区,广场,2673,3647,3574
2026-01-10,万花公园,青羊区,广场,1663,2133,2363
2026-01-10,人民公园,青羊区,景区,13890,15620,15151
2026-01-10,龙潭新区公园,成华区,广场,1599,1740,1924
2026-01-10,鲁家滩湿地公园,温江区,广场,594,823,937
2026-01-10,wood park滑板运动公园(交子店),武侯区,公园,1328,1552,1667
2026-01-10,新华公园,成华区,广场,3127,3082,3382
2026-01-10,金沙滨河公园,青羊区,广场,2630,3305,3521
2026-01-10,圣灯公园,成华区,景区,3534,3402,3352
2026-01-10,青龙湖湿地公园,龙泉驿区,广场,1621,2062,2144
2026-01-10,黄龙溪古镇,双流区,景区,4731,4679,4279
2026-01-10,活水公园,锦江区,广场,3243,4182,3992
2026-01-10,文化公园,青羊区,广场,5378,5083,5346
2026-01-10,温江公园,温江区,广场,876,1045,1150
2026-01-10,北湖生态公园,成华区,广场,3516,3247,3349
2026-01-10,海滨公园,成华区,广场,1916,2172,2224
2026-01-10,大慈寺,锦江区,景区,11615,10115,11091
2026-01-10,中环晓院,武侯区,公园,1647,1847,2065
2026-01-10,凤凰山公园,金牛区,广场,2588,2807,2850
2026-01-10,天府公园,双流区,广场,1175,1658,1610
2026-01-10,南湖公园,双流区,广场,932,1103,1331
2026-01-10,桂溪生态公园,武侯区,广场,3489,3801,3900
2026-01-10,洛水湿地公园,龙泉驿区,广场,1253,1110,1177
2026-01-10,浣花溪公园,青羊区,广场,5175,5621,5554
2026-01-10,国宾蜀园,金牛区,公园,1222,1419,1515
2026-01-10,东安湖公园,龙泉驿区,广场,2113,1799,1944
2026-01-10,老成都民俗公园(人民南路四段),武侯区,广场,2065,2438,2551
2026-01-10,杉板桥公园,成华区,景区,4146,4193,4422
2026-01-10,中和湿地公园,双流区,广场,1513,1544,1711
2026-01-10,百花潭公园,青羊区,广场,4265,4907,4976
2026-01-10,金牛公园,金牛区,广场,1691,2166,2328
2026-01-10,双桂公园,成华区,广场,2332,2225,2406
2026-01-10,彭镇古镇,双流区,景区,2028,2259,2405
2026-01-10,江安河公园,双流区,广场,1525,1431,1527
2026-01-10,玉石湿地公园,龙泉驿区,广场,1351,1421,1455
2026-01-10,熊猫小镇红豆古树公园,成华区,广场,1938,1860,1924
2026-01-10,金泉运动公园,金牛区,广场,1565,1768,1891
2026-01-10,北湖凝萃公园,金牛区,广场,1992,2172,2294
2026-01-10,成都青羊绿舟文化产业园区,青羊区,公园,1731,1728,1832
2026-01-10,沙河东篱翠湖公园,锦江区,广场,2548,2746,2883
2026-01-10,洛带古镇,龙泉驿区,景区,2588,3185,3202
2026-01-10,南岸公园,双流区,广场,1137,1151,1253
2026-01-10,青羊宫,青羊区,景区,7892,9892,10201
2026-01-10,望江楼公园,武侯区,广场,4840,4916,4845
2026-01-10,兴隆湖湿地公园,双流区,景区,2235,2713,2782
2026-01-10,驿马河公园,龙泉驿区,广场,1090,1108,1170
2026-01-10,天府芙蓉园,武侯区,景区,4098,5215,5273
2026-01-10,成华公园,成华区,广场,2386,2279,2310
2026-01-10,海斯凯体育公园,青羊区,广场,2230,2716,2828
2026-01-10,天府艺术公园,金牛区,广场,3274,3953,4188
2026-01-10,棠湖公园,双流区,广场,1334,1353,1507
2026-01-10,锦江体育公园,锦江区,广场,2008,2254,2431
2026-01-10,武侯体育公园,武侯区,广场,2289,2380,2487
2026-01-10,易园园林博物馆,金牛区,景区,2412,3180,3299
2026-01-10,黄忠公园,金牛区,广场,2106,2177,2321
2026-01-11,白鹭湾湿地公园,锦江区,广场,3202,2883,2807
2026-01-11,洛带古镇,龙泉驿区,景区,2227,2488,2537
2026-01-11,海滨公园,成华区,广场,2025,1715,1758
2026-01-11,金牛公园,金牛区,广场,2018,1713,1722
2026-01-11,人民公园,青羊区,景区,10213,10777,10329
2026-01-11,凤凰山公园,金牛区,广场,2285,2120,2007
2026-01-11,棠湖公园,双流区,广场,1215,1068,1145
2026-01-11,黄忠公园,金牛区,广场,1871,1716,1723
2026-01-11,塔子山公园,锦江区,广场,2446,3016,3078
2026-01-11,熊猫小镇红豆古树公园,成华区,广场,1612,1508,1485
2026-01-11,彭镇古镇,双流区,景区,1569,1625,1639
2026-01-11,二仙桥公园,成华区,广场,1517,1795,1817
2026-01-11,武侯体育公园,武侯区,广场,2188,1916,1931
2026-01-11,百花潭公园,青羊区,广场,4150,3703,3727
2026-01-11,鲁家滩湿地公园,温江区,广场,531,612,639
2026-01-11,青龙湖湿地公园,龙泉驿区,广场,1937,1764,1639
2026-01-11,桂溪生态公园,武侯区,广场,2734,2982,3048
2026-01-11,青羊宫,青羊区,景区,8251,7990,8036
2026-01-11,大慈寺,锦江区,景区,8553,8448,8308
2026-01-11,天府艺术公园,金牛区,广场,3440,3053,3170
2026-01-11,文化公园,青羊区,广场,4643,3973,4042
2026-01-11,洛水湿地公园,龙泉驿区,广场,922,886,920
2026-01-11,新华公园,成华区,广场,2492,2193,2308
2026-01-11,北湖凝萃公园,金牛区,广场,1310,1724,1735
2026-01-11,南岸公园,双流区,广场,967,876,964
2026-01-11,国宾蜀园,金牛区,公园,989,1066,1035
2026-01-11,黄龙溪古镇,双流区,景区,3088,3226,3251
2026-01-11,天府芙蓉园,武侯区,景区,3765,4251,4175
2026-01-11,东安湖公园,龙泉驿区,广场,1150,1536,1558
2026-01-11,老成都民俗公园(人民南路四段),武侯区,广场,1675,1971,1931
2026-01-11,兴隆湖湿地公园,双流区,景区,1715,1855,1864
2026-01-11,望江楼公园,武侯区,广场,3819,3560,3618
2026-01-11,万花公园,青羊区,广场,1457,1730,1672
2026-01-11,龙潭新区公园,成华区,广场,1657,1411,1493
2026-01-11,双桂公园,成华区,广场,1662,1812,1820
2026-01-11,浣花溪公园,青羊区,广场,4421,4034,4096
2026-01-11,易园园林博物馆,金牛区,景区,1997,2417,2461
2026-01-11,锦江体育公园,锦江区,广场,2057,1744,1776
2026-01-11,中环晓院,武侯区,公园,1316,1416,1492
2026-01-11,杉板桥公园,成华区,景区,2747,3063,3128
2026-01-11,成华公园,成华区,广场,2007,1828,1887
2026-01-11,温江公园,温江区,广场,916,772,839
2026-01-11,天府公园,双流区,广场,1133,1110,1150
2026-01-11,江安河公园,双流区,广场,1066,1112,1171
2026-01-11,玉石湿地公园,龙泉驿区,广场,1323,1135,1181
2026-01-11,活水公园,锦江区,广场,3281,3265,3212
2026-01-11,沙河东篱翠湖公园,锦江区,广场,1802,2167,2173
2026-01-11,北湖生态公园,成华区,广场,2738,2612,2658
2026-01-11,南湖公园,双流区,广场,771,886,991
2026-01-11,中和湿地公园,双流区,广场,1364,1182,1220
2026-01-11,驿马河公园,龙泉驿区,广场,882,884,917
2026-01-11,圣灯公园,成华区,景区,2279,2524,2576
2026-01-11,龙泉山城市森林公园,龙泉驿区,广场,995,956,963
2026-01-11,wood park滑板运动公园(交子店),武侯区,公园,1221,1183,1187
2026-01-11,海斯凯体育公园,青羊区,广场,2248,2079,2128
2026-01-11,金沙滨河公园,青羊区,广场,2045,2654,2552
2026-01-11,成都青羊绿舟文化产业园区,青羊区,公园,1377,1286,1307
2026-01-11,金泉运动公园,金牛区,广场,1204,1378,1379
2026-01-12,新华公园,成华区,广场,1863,1702,1590
2026-01-12,国宾蜀园,金牛区,公园,812,723,703
2026-01-12,青龙湖湿地公园,龙泉驿区,广场,1359,1111,1097
2026-01-12,成华公园,成华区,广场,1278,1267,1140
2026-01-12,桂溪生态公园,武侯区,广场,1805,2164,2181
2026-01-12,活水公园,锦江区,广场,2598,2032,2150
2026-01-12,大慈寺,锦江区,景区,7328,5662,5903
2026-01-12,南岸公园,双流区,广场,801,688,665
2026-01-12,圣灯公园,成华区,景区,1627,1635,1816
2026-01-12,温江公园,温江区,广场,552,575,550
2026-01-12,洛水湿地公园,龙泉驿区,广场,638,607,616
2026-01-12,成都青羊绿舟文化产业园区,青羊区,公园,913,930,928
2026-01-12,青羊宫,青羊区,景区,6077,5203,5197
2026-01-12,双桂公园,成华区,广场,1155,1351,1272
2026-01-12,黄忠公园,金牛区,广场,1323,1210,1174
2026-01-12,棠湖公园,双流区,广场,726,822,802
2026-01-12,海斯凯体育公园,青羊区,广场,1489,1463,1468
2026-01-12,海滨公园,成华区,广场,1406,1373,1288
2026-01-12,塔子山公园,锦江区,广场,2522,2034,2014
2026-01-12,驿马河公园,龙泉驿区,广场,544,611,602
2026-01-12,武侯体育公园,武侯区,广场,1223,1480,1401
2026-01-12,北湖生态公园,成华区,广场,1842,1909,1883
2026-01-12,兴隆湖湿地公园,双流区,景区,1402,1256,1339
2026-01-12,天府芙蓉园,武侯区,景区,3035,2807,3017
2026-01-12,龙泉山城市森林公园,龙泉驿区,广场,537,622,615
2026-01-12,文化公园,青羊区,广场,3243,2508,2531
2026-01-12,锦江体育公园,锦江区,广场,1088,1252,1255
2026-01-12,中环晓院,武侯区,公园,1136,1074,998
2026-01-12,中和湿地公园,双流区,广场,1025,809,812
2026-01-12,天府艺术公园,金牛区,广场,2660,2184,2118
2026-01-12,金沙滨河公园,青羊区,广场,1983,1764,1835
2026-01-12,人民公园,青羊区,景区,6981,7115,7192
2026-01-12,彭镇古镇,双流区,景区,1167,1056,1169
2026-01-12,金牛公园,金牛区,广场,1036,1202,1165
2026-01-12,wood park滑板运动公园(交子店),武侯区,公园,929,848,830
2026-01-12,凤凰山公园,金牛区,广场,1347,1497,1494
2026-01-12,黄龙溪古镇,双流区,景区,2447,2171,2283
2026-01-12,杉板桥公园,成华区,景区,2021,2120,2182
2026-01-12,洛带古镇,龙泉驿区,景区,1410,1685,1757
2026-01-12,南湖公园,双流区,广场,588,650,667
2026-01-12,二仙桥公园,成华区,广场,1333,1326,1263
2026-01-12,白鹭湾湿地公园,锦江区,广场,2039,2169,2084
2026-01-12,易园园林博物馆,金牛区,景区,1786,1588,1641
2026-01-12,沙河东篱翠湖公园,锦江区,广场,1349,1511,1531
2026-01-12,百花潭公园,青羊区,广场,2370,2608,2586
2026-01-12,鲁家滩湿地公园,温江区,广场,357,438,409
2026-01-12,万花公园,青羊区,广场,1300,1168,1209
2026-01-12,浣花溪公园,青羊区,广场,2431,2870,2953
2026-01-12,龙潭新区公园,成华区,广场,1152,1131,1091
2026-01-12,天府公园,双流区,广场,710,801,667
2026-01-12,北湖凝萃公园,金牛区,广场,1450,1249,1189
2026-01-12,金泉运动公园,金牛区,广场,1091,934,997
2026-01-12,老成都民俗公园(人民南路四段),武侯区,广场,1135,1479,1391
2026-01-12,玉石湿地公园,龙泉驿区,广场,679,795,830
2026-01-12,江安河公园,双流区,广场,695,855,839
2026-01-12,东安湖公园,龙泉驿区,广场,1185,1076,1018
2026-01-12,熊猫小镇红豆古树公园,成华区,广场,1258,1086,1067
2026-01-12,望江楼公园,武侯区,广场,2690,2573,2491
2026-01-13,玉石湿地公园,龙泉驿区,广场,834,818,837
2026-01-13,塔子山公园,锦江区,广场,2428,2031,2027
2026-01-13,驿马河公园,龙泉驿区,广场,750,637,610
2026-01-13,海滨公园,成华区,广场,1421,1325,1293
2026-01-13,白鹭湾湿地公园,锦江区,广场,2077,2174,2089
2026-01-13,锦江体育公园,锦江区,广场,1222,1233,1261
2026-01-13,金牛公园,金牛区,广场,1095,1206,1170
2026-01-13,天府芙蓉园,武侯区,景区,2878,2954,2994
2026-01-13,熊猫小镇红豆古树公园,成华区,广场,945,1087,1072
2026-01-13,黄忠公园,金牛区,广场,1326,1215,1179
2026-01-13,国宾蜀园,金牛区,公园,643,720,708
2026-01-13,杉板桥公园,成华区,景区,2050,2241,2187
2026-01-13,北湖凝萃公园,金牛区,广场,1114,1241,1194
2026-01-13,中环晓院,武侯区,公园,1225,1036,997
2026-01-13,老成都民俗公园(人民南路四段),武侯区,广场,1216,1409,1390
2026-01-13,圣灯公园,成华区,景区,1535,1772,1822
2026-01-13,活水公园,锦江区,广场,2077,2017,2161
2026-01-13,温江公园,温江区,广场,553,562,550
2026-01-13,沙河东篱翠湖公园,锦江区,广场,1704,1526,1536
2026-01-13,大慈寺,锦江区,景区,7111,5964,5883
2026-01-13,双桂公园,成华区,广场,1169,1303,1277
2026-01-13,青龙湖湿地公园,龙泉驿区,广场,1440,1136,1113
2026-01-13,易园园林博物馆,金牛区,景区,2117,1639,1647
2026-01-13,金泉运动公园,金牛区,广场,975,937,1003
2026-01-13,望江楼公园,武侯区,广场,2624,2499,2498
2026-01-13,凤凰山公园,金牛区,广场,1352,1457,1506
2026-01-13,桂溪生态公园,武侯区,广场,2443,2193,2188
2026-01-13,天府艺术公园,金牛区,广场,2509,2206,2132
2026-01-13,wood park滑板运动公园(交子店),武侯区,公园,821,854,829
2026-01-13,武侯体育公园,武侯区,广场,1481,1413,1391
2026-01-13,鲁家滩湿地公园,温江区,广场,433,443,408
2026-01-13,成华公园,成华区,广场,1537,1190,1146
2026-01-13,二仙桥公园,成华区,广场,1495,1289,1268
2026-01-13,万花公园,青羊区,广场,1420,1184,1243
2026-01-13,洛水湿地公园,龙泉驿区,广场,733,640,624
2026-01-13,江安河公园,双流区,广场,778,856,844
2026-01-13,龙泉山城市森林公园,龙泉驿区,广场,687,697,622
2026-01-13,文化公园,青羊区,广场,2298,2468,2548
2026-01-13,南湖公园,双流区,广场,806,649,673
2026-01-13,天府公园,双流区,广场,965,817,681
2026-01-13,青羊宫,青羊区,景区,4464,5199,5204
2026-01-13,金沙滨河公园,青羊区,广场,2224,1777,1865
2026-01-13,成都青羊绿舟文化产业园区,青羊区,公园,1061,935,963
2026-01-13,龙潭新区公园,成华区,广场,1119,1112,1097
2026-01-13,人民公园,青羊区,景区,6254,7176,7220
2026-01-13,彭镇古镇,双流区,景区,1278,1136,1185
2026-01-13,百花潭公园,青羊区,广场,2367,2596,2566
2026-01-13,新华公园,成华区,广场,2016,1629,1596
2026-01-13,棠湖公园,双流区,广场,879,816,808
2026-01-13,北湖生态公园,成华区,广场,2110,1933,1896
2026-01-13,南岸公园,双流区,广场,662,691,672
2026-01-13,东安湖公园,龙泉驿区,广场,980,1101,1033
2026-01-13,海斯凯体育公园,青羊区,广场,1180,1465,1502
2026-01-13,黄龙溪古镇,双流区,景区,2230,2192,2320
2026-01-13,浣花溪公园,青羊区,广场,2401,2909,2964
2026-01-13,兴隆湖湿地公园,双流区,景区,1438,1361,1355
2026-01-13,中和湿地公园,双流区,广场,1015,803,817
2026-01-13,洛带古镇,龙泉驿区,景区,1959,1755,1787
2026-01-14,锦江体育公园,锦江区,广场,1770,2284,2367
2026-01-14,熊猫小镇红豆古树公园,成华区,广场,1426,1925,1861
2026-01-14,龙潭新区公园,成华区,广场,1772,1919,1922
2026-01-14,白鹭湾湿地公园,锦江区,广场,3289,3474,3671
2026-01-14,二仙桥公园,成华区,广场,1640,2345,2330
2026-01-14,易园园林博物馆,金牛区,景区,2261,3159,2956
2026-01-14,人民公园,青羊区,景区,9798,14475,14877
2026-01-14,金牛公园,金牛区,广场,1763,2229,2238
2026-01-14,中和湿地公园,双流区,广场,1584,1701,1684
2026-01-14,成都青羊绿舟文化产业园区,青羊区,公园,1320,1739,1710
2026-01-14,青羊宫,青羊区,景区,8728,9480,10079
2026-01-14,黄忠公园,金牛区,广场,1637,2249,2236
2026-01-14,新华公园,成华区,广场,2479,3213,3363
2026-01-14,鲁家滩湿地公园,温江区,广场,625,796,872
2026-01-14,百花潭公园,青羊区,广场,4372,4882,4772
2026-01-14,大慈寺,锦江区,景区,11058,10098,11318
2026-01-14,棠湖公园,双流区,广场,1062,1526,1455
2026-01-14,凤凰山公园,金牛区,广场,2315,3119,2915
2026-01-14,彭镇古镇,双流区,景区,2179,2267,2277
2026-01-14,中环晓院,武侯区,公园,1779,1904,1888
2026-01-14,北湖凝萃公园,金牛区,广场,1900,2229,2246
2026-01-14,洛带古镇,龙泉驿区,景区,2971,2971,2771
2026-01-14,江安河公园,双流区,广场,1366,1610,1492
2026-01-14,杉板桥公园,成华区,景区,3396,4298,4682
2026-01-14,洛水湿地公园,龙泉驿区,广场,907,1152,1137
2026-01-14,海斯凯体育公园,青羊区,广场,2250,2670,2764
2026-01-14,北湖生态公园,成华区,广场,3093,3205,3352
2026-01-14,金泉运动公园,金牛区,广场,1366,1849,1833
2026-01-14,驿马河公园,龙泉驿区,广场,966,1169,1133
2026-01-14,玉石湿地公园,龙泉驿区,广场,1389,1529,1466
2026-01-14,龙泉山城市森林公园,龙泉驿区,广场,1058,1258,1390
2026-01-14,圣灯公园,成华区,景区,3339,3420,3189
2026-01-14,浣花溪公园,青羊区,广场,4097,5635,5596
2026-01-14,沙河东篱翠湖公园,锦江区,广场,2077,2793,2868
2026-01-14,南湖公园,双流区,广场,1035,1262,1245
2026-01-14,兴隆湖湿地公园,双流区,景区,2048,2574,2684
2026-01-14,老成都民俗公园(人民南路四段),武侯区,广场,2149,2434,2483
2026-01-14,万花公园,青羊区,广场,1580,2231,2267
2026-01-14,天府芙蓉园,武侯区,景区,5342,5688,5370
2026-01-14,活水公园,锦江区,广场,3598,4405,4179
2026-01-14,武侯体育公园,武侯区,广场,2223,2465,2480
2026-01-14,温江公园,温江区,广场,898,1134,1106
2026-01-14,金沙滨河公园,青羊区,广场,2582,3510,3571
2026-01-14,wood park滑板运动公园(交子店),武侯区,公园,1547,1532,1601
2026-01-14,双桂公园,成华区,广场,2036,2266,2314
2026-01-14,天府艺术公园,金牛区,广场,3814,3761,4051
2026-01-14,成华公园,成华区,广场,2341,2498,2001
2026-01-14,天府公园,双流区,广场,1465,1401,1603
2026-01-14,南岸公园,双流区,广场,907,1283,1210
2026-01-14,海滨公园,成华区,广场,2032,2340,2205
2026-01-14,塔子山公园,锦江区,广场,3720,3602,4135
2026-01-14,桂溪生态公园,武侯区,广场,3642,4008,4092
2026-01-14,青龙湖湿地公园,龙泉驿区,广场,2121,1945,2252
2026-01-14,黄龙溪古镇,双流区,景区,3099,4267,3813
2026-01-14,东安湖公园,龙泉驿区,广场,1956,1959,1951
2026-01-14,国宾蜀园,金牛区,公园,1282,1399,1417
2026-01-14,文化公园,青羊区,广场,5163,4924,4793
2026-01-14,望江楼公园,武侯区,广场,3236,4421,4715
2026-01-15,活水公园,锦江区,广场,2737,3782,3394
2026-01-15,塔子山公园,锦江区,广场,2407,3084,3457
2026-01-15,金泉运动公园,金牛区,广场,1608,1442,1633
2026-01-15,二仙桥公园,成华区,广场,1662,1891,2061
2026-01-15,武侯体育公园,武侯区,广场,1738,2056,2158
2026-01-15,龙潭新区公园,成华区,广场,1365,1608,1702
2026-01-15,万花公园,青羊区,广场,1441,1839,2035
2026-01-15,天府艺术公园,金牛区,广场,3074,3305,3450
2026-01-15,北湖生态公园,成华区,广场,2108,2562,2881
2026-01-15,白鹭湾湿地公园,锦江区,广场,2251,2987,3248
2026-01-15,浣花溪公园,青羊区,广场,3592,5050,5014
2026-01-15,国宾蜀园,金牛区,公园,906,1090,1245
2026-01-15,驿马河公园,龙泉驿区,广场,723,958,1046
2026-01-15,易园园林博物馆,金牛区,景区,2325,2823,2671
2026-01-15,彭镇古镇,双流区,景区,1467,2046,2109
2026-01-15,熊猫小镇红豆古树公园,成华区,广场,1647,1512,1623
2026-01-15,天府芙蓉园,武侯区,景区,3758,4778,4601
2026-01-15,温江公园,温江区,广场,949,857,1018
2026-01-15,玉石湿地公园,龙泉驿区,广场,1298,1280,1320
2026-01-15,黄龙溪古镇,双流区,景区,3674,4289,3522
2026-01-15,wood park滑板运动公园(交子店),武侯区,公园,1378,1202,1367
2026-01-15,圣灯公园,成华区,景区,2764,3085,2819
2026-01-15,兴隆湖湿地公园,双流区,景区,1944,2371,2524
2026-01-15,沙河东篱翠湖公园,锦江区,广场,1889,2435,2619
2026-01-15,双桂公园,成华区,广场,1944,1817,2074
2026-01-15,金沙滨河公园,青羊区,广场,2809,3056,3048
2026-01-15,天府公园,双流区,广场,1166,1215,1388
2026-01-15,龙泉山城市森林公园,龙泉驿区,广场,938,1183,1332
2026-01-15,洛带古镇,龙泉驿区,景区,2182,3001,2604
2026-01-15,北湖凝萃公园,金牛区,广场,1947,1862,1964
2026-01-15,桂溪生态公园,武侯区,广场,2744,3232,3571
2026-01-15,中和湿地公园,双流区,广场,1162,1258,1468
2026-01-15,成都青羊绿舟文化产业园区,青羊区,公园,1139,1552,1565
2026-01-15,海滨公园,成华区,广场,1710,1925,1891
2026-01-15,南湖公园,双流区,广场,911,892,1122
2026-01-15,中环晓院,武侯区,公园,1599,1536,1720
2026-01-15,文化公园,青羊区,广场,3046,4097,4364
2026-01-15,南岸公园,双流区,广场,860,951,1114
2026-01-15,老成都民俗公园(人民南路四段),武侯区,广场,2113,2047,2208
2026-01-15,锦江体育公园,锦江区,广场,1508,1949,2061
2026-01-15,青羊宫,青羊区,景区,6884,7759,8098
2026-01-15,洛水湿地公园,龙泉驿区,广场,744,942,1054
2026-01-15,鲁家滩湿地公园,温江区,广场,630,603,821
2026-01-15,黄忠公园,金牛区,广场,1446,1852,1987
2026-01-15,新华公园,成华区,广场,2166,2526,2979
2026-01-15,海斯凯体育公园,青羊区,广场,1695,2443,2439
2026-01-15,大慈寺,锦江区,景区,7299,7927,9411
2026-01-15,金牛公园,金牛区,广场,1728,1830,2001
2026-01-15,江安河公园,双流区,广场,1101,1248,1369
2026-01-15,青龙湖湿地公园,龙泉驿区,广场,1765,1658,1880
2026-01-15,成华公园,成华区,广场,1828,1925,1619
2026-01-15,人民公园,青羊区,景区,10837,12218,12638
2026-01-15,凤凰山公园,金牛区,广场,1697,2476,2475
2026-01-15,东安湖公园,龙泉驿区,广场,1465,1723,1749
2026-01-15,杉板桥公园,成华区,景区,3390,3723,3902
2026-01-15,望江楼公园,武侯区,广场,4071,3954,4104
2026-01-15,棠湖公园,双流区,广场,950,1173,1333
2026-01-15,百花潭公园,青羊区,广场,3796,4193,4497
2026-01-16,万花公园,青羊区,广场,1269,1392,1460
2026-01-16,凤凰山公园,金牛区,广场,1482,1790,1783
2026-01-16,成都青羊绿舟文化产业园区,青羊区,公园,1263,985,1126
2026-01-16,黄忠公园,金牛区,广场,1531,1426,1409
2026-01-16,百花潭公园,青羊区,广场,3636,2908,2603
2026-01-16,龙泉山城市森林公园,龙泉驿区,广场,622,676,664
2026-01-16,海滨公园,成华区,广场,1287,1553,1560
2026-01-16,天府公园,双流区,广场,949,822,751
2026-01-16,中环晓院,武侯区,公园,1269,1173,1217
2026-01-16,鲁家滩湿地公园,温江区,广场,467,374,447
2026-01-16,桂溪生态公园,武侯区,广场,2118,2614,2652
2026-01-16,wood park滑板运动公园(交子店),武侯区,公园,900,924,1066
2026-01-16,江安河公园,双流区,广场,1000,940,1019
2026-01-16,洛水湿地公园,龙泉驿区,广场,640,699,744
2026-01-16,北湖凝萃公园,金牛区,广场,1436,1453,1435
2026-01-16,活水公园,锦江区,广场,2894,2580,2615
2026-01-16,新华公园,成华区,广场,1717,2011,1973
2026-01-16,青龙湖湿地公园,龙泉驿区,广场,1536,1406,1389
2026-01-16,金沙滨河公园,青羊区,广场,2319,2240,2200
2026-01-16,玉石湿地公园,龙泉驿区,广场,1056,925,1016
2026-01-16,兴隆湖湿地公园,双流区,景区,1531,1674,1674
2026-01-16,双桂公园,成华区,广场,1673,1500,1537
2026-01-16,南岸公园,双流区,广场,937,727,786
2026-01-16,沙河东篱翠湖公园,锦江区,广场,1647,1779,1798
2026-01-16,圣灯公园,成华区,景区,2248,2403,2284
2026-01-16,大慈寺,锦江区,景区,6106,7470,7105
2026-01-16,南湖公园,双流区,广场,912,721,814
2026-01-16,杉板桥公园,成华区,景区,2547,2889,2662
2026-01-16,望江楼公园,武侯区,广场,2435,2914,3034
2026-01-16,中和湿地公园,双流区,广场,964,957,1015
2026-01-16,海斯凯体育公园,青羊区,广场,1701,1698,1761
2026-01-16,东安湖公园,龙泉驿区,广场,1264,1248,1152
2026-01-16,彭镇古镇,双流区,景区,1135,1475,1462
2026-01-16,金牛公园,金牛区,广场,1598,1410,1386
2026-01-16,易园园林博物馆,金牛区,景区,1989,2216,2039
2026-01-16,驿马河公园,龙泉驿区,广场,612,697,733
2026-01-16,国宾蜀园,金牛区,公园,919,774,902
2026-01-16,浣花溪公园,青羊区,广场,3333,3540,3712
2026-01-16,天府芙蓉园,武侯区,景区,3512,3895,3862
2026-01-16,塔子山公园,锦江区,广场,2833,2447,2528
2026-01-16,文化公园,青羊区,广场,3834,2868,2689
2026-01-16,棠湖公园,双流区,广场,1096,904,983
2026-01-16,北湖生态公园,成华区,广场,2597,2395,2261
2026-01-16,天府艺术公园,金牛区,广场,2902,2598,2580
2026-01-16,白鹭湾湿地公园,锦江区,广场,2517,2533,2606
2026-01-16,黄龙溪古镇,双流区,景区,2375,2931,2648
2026-01-16,熊猫小镇红豆古树公园,成华区,广场,1332,1218,1292
2026-01-16,金泉运动公园,金牛区,广场,1382,1085,1192
2026-01-16,武侯体育公园,武侯区,广场,1815,1662,1674
2026-01-16,锦江体育公园,锦江区,广场,1359,1498,1522
2026-01-16,老成都民俗公园(人民南路四段),武侯区,广场,1518,1635,1643
2026-01-16,温江公园,温江区,广场,588,572,656
2026-01-16,青羊宫,青羊区,景区,6952,6789,6520
2026-01-16,二仙桥公园,成华区,广场,1785,1508,1510
2026-01-16,成华公园,成华区,广场,1446,1402,1255
2026-01-16,龙潭新区公园,成华区,广场,1020,1217,1353
2026-01-16,人民公园,青羊区,景区,7834,8783,8618
2026-01-16,洛带古镇,龙泉驿区,景区,1715,2273,1981
2026-01-17,wood park滑板运动公园(交子店),武侯区,公园,1674,2083,1957
2026-01-17,杉板桥公园,成华区,景区,4269,5317,5728
2026-01-17,江安河公园,双流区,广场,2073,1916,1788
2026-01-17,海斯凯体育公园,青羊区,广场,4319,3444,3494
2026-01-17,凤凰山公园,金牛区,广场,3499,3921,3394
2026-01-17,洛水湿地公园,龙泉驿区,广场,1471,1451,1315
2026-01-17,洛带古镇,龙泉驿区,景区,3565,3904,3636
2026-01-17,驿马河公园,龙泉驿区,广场,1711,1468,1318
2026-01-17,天府芙蓉园,武侯区,景区,7253,7044,6805
2026-01-17,塔子山公园,锦江区,广场,5661,4963,5252
2026-01-17,金泉运动公园,金牛区,广场,2837,2342,2197
2026-01-17,圣灯公园,成华区,景区,3775,4409,4301
2026-01-17,龙泉山城市森林公园,龙泉驿区,广场,1617,1637,1500
2026-01-17,北湖生态公园,成华区,广场,4657,4255,3930
2026-01-17,锦江体育公园,锦江区,广场,2435,2916,2991
2026-01-17,南湖公园,双流区,广场,1776,1524,1535
2026-01-17,成都青羊绿舟文化产业园区,青羊区,公园,2465,2242,2047
2026-01-17,金沙滨河公园,青羊区,广场,5418,4637,4441
2026-01-17,天府艺术公园,金牛区,广场,5864,5123,5157
2026-01-17,国宾蜀园,金牛区,公园,1877,1951,1747
2026-01-17,棠湖公园,双流区,广场,1605,1839,1768
2026-01-17,白鹭湾湿地公园,锦江区,广场,4950,4763,4339
2026-01-17,南岸公园,双流区,广场,1794,1490,1430
2026-01-17,文化公园,青羊区,广场,6758,6738,6548
2026-01-17,温江公园,温江区,广场,1397,1345,1299
2026-01-17,浣花溪公园,青羊区,广场,7175,7304,6880
2026-01-17,易园园林博物馆,金牛区,景区,3840,4149,4126
2026-01-17,彭镇古镇,双流区,景区,2858,2851,2893
2026-01-17,青羊宫,青羊区,景区,13872,13192,13444
2026-01-17,老成都民俗公园(人民南路四段),武侯区,广场,3302,3089,3210
2026-01-17,成华公园,成华区,广场,3230,2987,2898
2026-01-17,东安湖公园,龙泉驿区,广场,2936,2449,2251
2026-01-17,中和湿地公园,双流区,广场,2210,2161,2072
2026-01-17,人民公园,青羊区,景区,21842,19296,19171
2026-01-17,天府公园,双流区,广场,2041,1961,1781
2026-01-17,鲁家滩湿地公园,温江区,广场,1202,951,1015
2026-01-17,望江楼公园,武侯区,广场,5021,5934,5998
2026-01-17,青龙湖湿地公园,龙泉驿区,广场,3339,2748,2566
2026-01-17,黄龙溪古镇,双流区,景区,5851,5746,4814
2026-01-17,活水公园,锦江区,广场,6500,5698,5322
2026-01-17,沙河东篱翠湖公园,锦江区,广场,3357,3460,3517
2026-01-17,兴隆湖湿地公园,双流区,景区,2580,3383,3375
2026-01-17,百花潭公园,青羊区,广场,7361,6143,6163
2026-01-17,万花公园,青羊区,广场,2815,2835,2686
2026-01-17,双桂公园,成华区,广场,3172,2901,3058
2026-01-17,北湖凝萃公园,金牛区,广场,2823,2797,2921
2026-01-17,海滨公园,成华区,广场,2795,2795,2804
2026-01-17,大慈寺,锦江区,景区,14753,15335,15278
2026-01-17,中环晓院,武侯区,公园,1989,2459,2603
2026-01-17,桂溪生态公园,武侯区,广场,4775,5053,4782
2026-01-17,玉石湿地公园,龙泉驿区,广场,2172,1917,1722
2026-01-17,黄忠公园,金牛区,广场,3210,2798,2911
2026-01-17,新华公园,成华区,广场,4136,4020,4316
2026-01-17,武侯体育公园,武侯区,广场,3357,3025,3171
2026-01-17,二仙桥公园,成华区,广场,2969,2886,3045
2026-01-17,熊猫小镇红豆古树公园,成华区,广场,2573,2450,2255
2026-01-17,龙潭新区公园,成华区,广场,2813,2264,2304
2026-01-17,金牛公园,金牛区,广场,2450,2772,2934
2026-01-18,浣花溪公园,青羊区,广场,4170,4772,4907
2026-01-18,海斯凯体育公园,青羊区,广场,2176,2362,2379
2026-01-18,江安河公园,双流区,广场,1076,1334,1326
2026-01-18,中和湿地公园,双流区,广场,1183,1382,1383
2026-01-18,黄忠公园,金牛区,广场,1503,1995,1947
2026-01-18,玉石湿地公园,龙泉驿区,广场,1484,1343,1312
2026-01-18,洛水湿地公园,龙泉驿区,广场,948,1025,1009
2026-01-18,驿马河公园,龙泉驿区,广场,988,1016,1008
2026-01-18,凤凰山公园,金牛区,广场,2009,2581,2392
2026-01-18,武侯体育公园,武侯区,广场,2376,2229,2216
2026-01-18,双桂公园,成华区,广场,2233,2133,2077
2026-01-18,沙河东篱翠湖公园,锦江区,广场,1883,2484,2397
2026-01-18,成华公园,成华区,广场,1724,2171,1998
2026-01-18,国宾蜀园,金牛区,公园,902,1240,1225
2026-01-18,南岸公园,双流区,广场,979,1034,1070
2026-01-18,锦江体育公园,锦江区,广场,1584,2110,2025
2026-01-18,中环晓院,武侯区,公园,1457,1731,1760
2026-01-18,成都青羊绿舟文化产业园区,青羊区,公园,1301,1470,1488
2026-01-18,桂溪生态公园,武侯区,广场,3386,3558,3348
2026-01-18,熊猫小镇红豆古树公园,成华区,广场,1782,1735,1665
2026-01-18,龙潭新区公园,成华区,广场,1794,1644,1725
2026-01-18,天府艺术公园,金牛区,广场,2682,3571,3380
2026-01-18,黄龙溪古镇,双流区,景区,3357,3827,3607
2026-01-18,白鹭湾湿地公园,锦江区,广场,3273,3345,3209
2026-01-18,温江公园,温江区,广场,1103,877,917
2026-01-18,彭镇古镇,双流区,景区,1818,1853,1933
2026-01-18,海滨公园,成华区,广场,2267,2068,2031
2026-01-18,易园园林博物馆,金牛区,景区,2212,2891,2812
2026-01-18,金牛公园,金牛区,广场,1947,1989,1928
2026-01-18,人民公园,青羊区,景区,10384,11015,12408
2026-01-18,望江楼公园,武侯区,广场,3923,4162,4003
2026-01-18,鲁家滩湿地公园,温江区,广场,590,595,693
2026-01-18,老成都民俗公园(人民南路四段),武侯区,广场,2003,2290,2196
2026-01-18,青羊宫,青羊区,景区,9087,8854,9108
2026-01-18,棠湖公园,双流区,广场,1012,1284,1307
2026-01-18,青龙湖湿地公园,龙泉驿区,广场,1609,1980,1787
2026-01-18,大慈寺,锦江区,景区,9226,9897,10600
2026-01-18,百花潭公园,青羊区,广场,3328,4118,3530
2026-01-18,东安湖公园,龙泉驿区,广场,1756,1709,1626
2026-01-18,北湖凝萃公园,金牛区,广场,1428,2016,1974
2026-01-18,二仙桥公园,成华区,广场,1784,2096,2057
2026-01-18,南湖公园,双流区,广场,961,1080,1131
2026-01-18,龙泉山城市森林公园,龙泉驿区,广场,1066,927,964
2026-01-18,北湖生态公园,成华区,广场,3423,3131,2841
2026-01-18,天府芙蓉园,武侯区,景区,4931,5118,5157
2026-01-18,圣灯公园,成华区,景区,2702,3105,3008
2026-01-18,金泉运动公园,金牛区,广场,1617,1557,1522
2026-01-18,新华公园,成华区,广场,2503,2828,2687
2026-01-18,金沙滨河公园,青羊区,广场,3108,3183,3081
2026-01-18,活水公园,锦江区,广场,4355,3968,3928
2026-01-18,文化公园,青羊区,广场,4838,4151,3845
2026-01-18,杉板桥公园,成华区,景区,3445,3624,3699
2026-01-18,洛带古镇,龙泉驿区,景区,2756,2664,2644
2026-01-18,塔子山公园,锦江区,广场,2944,3419,3307
2026-01-18,兴隆湖湿地公园,双流区,景区,2161,2095,2188
2026-01-18,万花公园,青羊区,广场,1991,1923,1846
2026-01-18,天府公园,双流区,广场,996,1170,1144
2026-01-18,wood park滑板运动公园(交子店),武侯区,公园,1264,1395,1418
2026-01-19,杉板桥公园,成华区,景区,2218,2293,2286
2026-01-19,青羊宫,青羊区,景区,6544,5450,5566
2026-01-19,天府芙蓉园,武侯区,景区,2928,3066,3269
2026-01-19,成华公园,成华区,广场,1248,1264,1231
2026-01-19,江安河公园,双流区,广场,711,836,839
2026-01-19,金牛公园,金牛区,广场,1246,1222,1168
2026-01-19,龙泉山城市森林公园,龙泉驿区,广场,642,632,608
2026-01-19,兴隆湖湿地公园,双流区,景区,1100,1324,1396
2026-01-19,黄忠公园,金牛区,广场,1266,1206,1170
2026-01-19,桂溪生态公园,武侯区,广场,2057,2114,2218
2026-01-19,北湖凝萃公园,金牛区,广场,1411,1226,1189
2026-01-19,彭镇古镇,双流区,景区,1410,1162,1254
2026-01-19,温江公园,温江区,广场,563,558,550
2026-01-19,天府艺术公园,金牛区,广场,2301,2160,2137
2026-01-19,浣花溪公园,青羊区,广场,3019,2973,2928
2026-01-19,玉石湿地公园,龙泉驿区,广场,685,784,827
2026-01-19,熊猫小镇红豆古树公园,成华区,广场,1238,1063,1097
2026-01-19,天府公园,双流区,广场,823,772,687
2026-01-19,国宾蜀园,金牛区,公园,663,740,722
2026-01-19,成都青羊绿舟文化产业园区,青羊区,公园,836,875,942
2026-01-19,沙河东篱翠湖公园,锦江区,广场,1294,1572,1537
2026-01-19,老成都民俗公园(人民南路四段),武侯区,广场,1582,1429,1379
2026-01-19,百花潭公园,青羊区,广场,2933,2776,2598
2026-01-19,驿马河公园,龙泉驿区,广场,616,610,609
2026-01-19,洛水湿地公园,龙泉驿区,广场,571,602,618
2026-01-19,大慈寺,锦江区,景区,6108,6090,6148
2026-01-19,活水公园,锦江区,广场,2609,2290,2309
2026-01-19,金沙滨河公园,青羊区,广场,2153,1819,1896
2026-01-19,圣灯公园,成华区,景区,1676,1781,1881
2026-01-19,双桂公园,成华区,广场,1327,1308,1271
2026-01-19,东安湖公园,龙泉驿区,广场,1090,1085,1063
2026-01-19,武侯体育公园,武侯区,广场,1681,1395,1395
2026-01-19,海滨公园,成华区,广场,1251,1315,1322
2026-01-19,万花公园,青羊区,广场,1240,1185,1213
2026-01-19,北湖生态公园,成华区,广场,1568,1854,1898
2026-01-19,wood park滑板运动公园(交子店),武侯区,公园,761,881,843
2026-01-19,塔子山公园,锦江区,广场,2148,2088,2018
2026-01-19,金泉运动公园,金牛区,广场,853,939,1007
2026-01-19,南岸公园,双流区,广场,562,672,677
2026-01-19,海斯凯体育公园,青羊区,广场,1474,1420,1480
2026-01-19,白鹭湾湿地公园,锦江区,广场,1859,2085,2102
2026-01-19,新华公园,成华区,广场,1469,1602,1603
2026-01-19,锦江体育公园,锦江区,广场,1487,1191,1265
2026-01-19,易园园林博物馆,金牛区,景区,1966,1655,1699
2026-01-19,黄龙溪古镇,双流区,景区,2714,2292,2402
2026-01-19,文化公园,青羊区,广场,2915,2622,2496
2026-01-19,鲁家滩湿地公园,温江区,广场,439,397,392
2026-01-19,二仙桥公园,成华区,广场,1071,1300,1276
2026-01-19,望江楼公园,武侯区,广场,2469,2517,2471
2026-01-19,龙潭新区公园,成华区,广场,991,1085,1082
2026-01-19,洛带古镇,龙泉驿区,景区,2078,1716,1880
2026-01-19,凤凰山公园,金牛区,广场,1406,1501,1570
2026-01-19,中和湿地公园,双流区,广场,1013,811,830
2026-01-19,棠湖公园,双流区,广场,735,799,803
2026-01-19,中环晓院,武侯区,公园,942,1071,996
2026-01-19,南湖公园,双流区,广场,622,633,679
2026-01-19,青龙湖湿地公园,龙泉驿区,广场,1086,1116,1120
2026-01-19,人民公园,青羊区,景区,7088,8000,7570
2026-01-20,青龙湖湿地公园,龙泉驿区,广场,1058,1160,1177
2026-01-20,金泉运动公园,金牛区,广场,898,949,1029
2026-01-20,黄龙溪古镇,双流区,景区,1974,2305,2396
2026-01-20,杉板桥公园,成华区,景区,1891,2286,2275
2026-01-20,青羊宫,青羊区,景区,4877,5551,5572
2026-01-20,中环晓院,武侯区,公园,800,1068,1035
2026-01-20,天府公园,双流区,广场,703,822,742
2026-01-20,天府芙蓉园,武侯区,景区,2326,3001,3234
2026-01-20,wood park滑板运动公园(交子店),武侯区,公园,730,884,867
2026-01-20,洛带古镇,龙泉驿区,景区,1260,1749,1880
2026-01-20,桂溪生态公园,武侯区,广场,1843,2116,2217
2026-01-20,海滨公园,成华区,广场,853,1314,1344
2026-01-20,北湖生态公园,成华区,广场,1516,1888,1948
2026-01-20,望江楼公园,武侯区,广场,2180,2492,2570
2026-01-20,圣灯公园,成华区,景区,1177,1799,1878
2026-01-20,万花公园,青羊区,广场,955,1202,1243
2026-01-20,熊猫小镇红豆古树公园,成华区,广场,787,1079,1120
2026-01-20,龙潭新区公园,成华区,广场,744,1104,1122
2026-01-20,北湖凝萃公园,金牛区,广场,866,1244,1222
2026-01-20,文化公园,青羊区,广场,2066,2750,2787
2026-01-20,活水公园,锦江区,广场,1646,2239,2336
2026-01-20,东安湖公园,龙泉驿区,广场,970,1127,1108
2026-01-20,二仙桥公园,成华区,广场,1133,1295,1298
2026-01-20,兴隆湖湿地公园,双流区,景区,978,1342,1416
2026-01-20,百花潭公园,青羊区,广场,2344,2631,2612
2026-01-20,金沙滨河公园,青羊区,广场,1377,1847,1902
2026-01-20,老成都民俗公园(人民南路四段),武侯区,广场,1225,1453,1421
2026-01-20,锦江体育公园,锦江区,广场,990,1228,1308
2026-01-20,金牛公园,金牛区,广场,900,1221,1200
2026-01-20,洛水湿地公园,龙泉驿区,广场,568,647,651
2026-01-20,人民公园,青羊区,景区,4873,7168,7234
2026-01-20,浣花溪公园,青羊区,广场,1893,2892,2953
2026-01-20,鲁家滩湿地公园,温江区,广场,353,428,437
2026-01-20,黄忠公园,金牛区,广场,946,1224,1203
2026-01-20,国宾蜀园,金牛区,公园,474,748,746
2026-01-20,白鹭湾湿地公园,锦江区,广场,1456,2084,2111
2026-01-20,天府艺术公园,金牛区,广场,1589,2163,2175
2026-01-20,中和湿地公园,双流区,广场,747,803,852
2026-01-20,双桂公园,成华区,广场,893,1321,1305
2026-01-20,温江公园,温江区,广场,391,576,591
2026-01-20,成华公园,成华区,广场,1020,1246,1274
2026-01-20,凤凰山公园,金牛区,广场,1025,1525,1552
2026-01-20,沙河东篱翠湖公园,锦江区,广场,1274,1545,1541
2026-01-20,大慈寺,锦江区,景区,4895,5663,5992
2026-01-20,武侯体育公园,武侯区,广场,1137,1405,1418
2026-01-20,南岸公园,双流区,广场,562,679,717
2026-01-20,成都青羊绿舟文化产业园区,青羊区,公园,625,928,974
2026-01-20,江安河公园,双流区,广场,736,846,886
2026-01-20,驿马河公园,龙泉驿区,广场,546,643,646
2026-01-20,海斯凯体育公园,青羊区,广场,959,1469,1510
2026-01-20,新华公园,成华区,广场,1178,1632,1655
2026-01-20,龙泉山城市森林公园,龙泉驿区,广场,390,679,638
2026-01-20,塔子山公园,锦江区,广场,1806,2044,2057
2026-01-20,易园园林博物馆,金牛区,景区,1221,1665,1703
2026-01-20,棠湖公园,双流区,广场,557,810,849
2026-01-20,南湖公园,双流区,广场,496,643,719
2026-01-20,彭镇古镇,双流区,景区,1064,1169,1260
2026-01-20,玉石湿地公园,龙泉驿区,广场,645,820,870
2026-01-21,青羊宫,青羊区,景区,5687,5466,5664
2026-01-21,青龙湖湿地公园,龙泉驿区,广场,1106,1154,1206
2026-01-21,棠湖公园,双流区,广场,668,823,836
2026-01-21,二仙桥公园,成华区,广场,1487,1307,1302
2026-01-21,天府艺术公园,金牛区,广场,2592,2181,2218
2026-01-21,人民公园,青羊区,景区,6187,7637,7687
2026-01-21,黄龙溪古镇,双流区,景区,2651,2296,2422
2026-01-21,东安湖公园,龙泉驿区,广场,1253,1104,1158
2026-01-21,温江公园,温江区,广场,514,589,578
2026-01-21,熊猫小镇红豆古树公园,成华区,广场,973,1093,1107
2026-01-21,百花潭公园,青羊区,广场,2496,2654,2679
2026-01-21,鲁家滩湿地公园,温江区,广场,428,451,431
2026-01-21,天府公园,双流区,广场,806,798,758
2026-01-21,易园园林博物馆,金牛区,景区,1688,1684,1685
2026-01-21,彭镇古镇,双流区,景区,1038,1178,1246
2026-01-21,白鹭湾湿地公园,锦江区,广场,1918,2113,2110
2026-01-21,金牛公园,金牛区,广场,1384,1233,1204
2026-01-21,大慈寺,锦江区,景区,7086,5981,6074
2026-01-21,龙潭新区公园,成华区,广场,1218,1118,1109
2026-01-21,老成都民俗公园(人民南路四段),武侯区,广场,1610,1431,1415
2026-01-21,成都青羊绿舟文化产业园区,青羊区,公园,916,946,965
2026-01-21,驿马河公园,龙泉驿区,广场,733,655,637
2026-01-21,塔子山公园,锦江区,广场,2087,2091,2133
2026-01-21,望江楼公园,武侯区,广场,2313,2488,2585
2026-01-21,武侯体育公园,武侯区,广场,1625,1417,1425
2026-01-21,沙河东篱翠湖公园,锦江区,广场,1589,1544,1551
2026-01-21,双桂公园,成华区,广场,1156,1303,1304
2026-01-21,国宾蜀园,金牛区,公园,833,755,734
2026-01-21,海斯凯体育公园,青羊区,广场,1761,1477,1516
2026-01-21,龙泉山城市森林公园,龙泉驿区,广场,688,698,640
2026-01-21,浣花溪公园,青羊区,广场,2845,2896,2987
2026-01-21,洛水湿地公园,龙泉驿区,广场,628,651,648
2026-01-21,新华公园,成华区,广场,1654,1616,1634
2026-01-21,玉石湿地公园,龙泉驿区,广场,913,832,861
2026-01-21,凤凰山公园,金牛区,广场,1464,1489,1568
2026-01-21,黄忠公园,金牛区,广场,1121,1236,1209
2026-01-21,成华公园,成华区,广场,1259,1247,1248
2026-01-21,南湖公园,双流区,广场,721,657,701
2026-01-21,南岸公园,双流区,广场,624,693,704
2026-01-21,中和湿地公园,双流区,广场,1034,817,840
2026-01-21,天府芙蓉园,武侯区,景区,3604,3033,3235
2026-01-21,江安河公园,双流区,广场,892,860,873
2026-01-21,金泉运动公园,金牛区,广场,1166,957,1017
2026-01-21,万花公园,青羊区,广场,1370,1212,1234
2026-01-21,北湖凝萃公园,金牛区,广场,1325,1256,1224
2026-01-21,锦江体育公园,锦江区,广场,1438,1254,1282
2026-01-21,兴隆湖湿地公园,双流区,景区,1608,1364,1412
2026-01-21,海滨公园,成华区,广场,1444,1326,1305
2026-01-21,活水公园,锦江区,广场,2089,2242,2373
2026-01-21,北湖生态公园,成华区,广场,1853,1859,1986
2026-01-21,金沙滨河公园,青羊区,广场,1692,1842,1925
2026-01-21,桂溪生态公园,武侯区,广场,2529,2164,2320
2026-01-21,洛带古镇,龙泉驿区,景区,1792,1749,1912
2026-01-21,圣灯公园,成华区,景区,2027,1802,1860
2026-01-21,wood park滑板运动公园(交子店),武侯区,公园,975,885,859
2026-01-21,文化公园,青羊区,广场,2352,2746,2802
2026-01-21,杉板桥公园,成华区,景区,2433,2294,2302
2026-01-21,中环晓院,武侯区,公园,1131,1054,1035
2026-01-22,老成都民俗公园(人民南路四段),武侯区,广场,1011,1159,1127
2026-01-22,天府公园,双流区,广场,514,638,517
2026-01-22,桂溪生态公园,武侯区,广场,1594,1792,1846
2026-01-22,青龙湖湿地公园,龙泉驿区,广场,767,942,836
2026-01-22,凤凰山公园,金牛区,广场,1023,1151,1231
2026-01-22,南岸公园,双流区,广场,574,523,524
2026-01-22,文化公园,青羊区,广场,2376,2178,2014
2026-01-22,望江楼公园,武侯区,广场,1756,2111,2156
2026-01-22,海滨公园,成华区,广场,841,1060,1060
2026-01-22,国宾蜀园,金牛区,公园,692,520,498
2026-01-22,百花潭公园,青羊区,广场,1848,1975,2023
2026-01-22,塔子山公园,锦江区,广场,1348,1718,1687
2026-01-22,大慈寺,锦江区,景区,4395,5390,5210
2026-01-22,新华公园,成华区,广场,1180,1260,1342
2026-01-22,洛带古镇,龙泉驿区,景区,1174,1309,1183
2026-01-22,金牛公园,金牛区,广场,887,923,927
2026-01-22,棠湖公园,双流区,广场,609,647,654
2026-01-22,兴隆湖湿地公园,双流区,景区,999,1079,1000
2026-01-22,龙潭新区公园,成华区,广场,907,912,903
2026-01-22,金沙滨河公园,青羊区,广场,1706,1467,1470
2026-01-22,圣灯公园,成华区,景区,1305,1360,1370
2026-01-22,wood park滑板运动公园(交子店),武侯区,公园,560,628,617
2026-01-22,杉板桥公园,成华区,景区,1481,1842,1760
2026-01-22,金泉运动公园,金牛区,广场,851,714,780
2026-01-22,锦江体育公园,锦江区,广场,842,993,1002
2026-01-22,中和湿地公园,双流区,广场,764,607,602
2026-01-22,天府芙蓉园,武侯区,景区,2472,2616,2629
2026-01-22,北湖凝萃公园,金牛区,广场,949,972,967
2026-01-22,驿马河公园,龙泉驿区,广场,584,471,462
2026-01-22,武侯体育公园,武侯区,广场,865,1161,1147
2026-01-22,沙河东篱翠湖公园,锦江区,广场,1272,1258,1228
2026-01-22,双桂公园,成华区,广场,1035,1012,1023
2026-01-22,龙泉山城市森林公园,龙泉驿区,广场,490,490,455
2026-01-22,海斯凯体育公园,青羊区,广场,1092,1126,1175
2026-01-22,洛水湿地公园,龙泉驿区,广场,500,473,477
2026-01-22,玉石湿地公园,龙泉驿区,广场,670,630,664
2026-01-22,黄忠公园,金牛区,广场,911,936,948
2026-01-22,成华公园,成华区,广场,897,894,884
2026-01-22,南湖公园,双流区,广场,554,489,519
2026-01-22,浣花溪公园,青羊区,广场,2574,2340,2588
2026-01-22,万花公园,青羊区,广场,883,948,921
2026-01-22,活水公园,锦江区,广场,1762,1811,1850
2026-01-22,二仙桥公园,成华区,广场,980,1013,1020
2026-01-22,人民公园,青羊区,景区,5711,5898,5945
2026-01-22,鲁家滩湿地公园,温江区,广场,325,267,265
2026-01-22,彭镇古镇,双流区,景区,1039,881,853
2026-01-22,白鹭湾湿地公园,锦江区,广场,1694,1835,1865
2026-01-22,易园园林博物馆,金牛区,景区,1311,1248,1151
2026-01-22,北湖生态公园,成华区,广场,1361,1531,1587
2026-01-22,熊猫小镇红豆古树公园,成华区,广场,856,844,868
2026-01-22,东安湖公园,龙泉驿区,广场,772,929,801
2026-01-22,天府艺术公园,金牛区,广场,1779,1790,1787
2026-01-22,青羊宫,青羊区,景区,4853,4446,4262
2026-01-22,江安河公园,双流区,广场,733,677,678
2026-01-22,成都青羊绿舟文化产业园区,青羊区,公园,826,774,754
2026-01-22,中环晓院,武侯区,公园,774,791,763
2026-01-22,黄龙溪古镇,双流区,景区,1921,1888,1928
2026-01-22,温江公园,温江区,广场,506,404,406
2026-01-23,黄忠公园,金牛区,广场,895,1111,1065
2026-01-23,洛水湿地公园,龙泉驿区,广场,504,547,539
2026-01-23,天府艺术公园,金牛区,广场,2119,2009,1979
2026-01-23,玉石湿地公园,龙泉驿区,广场,704,737,740
2026-01-23,棠湖公园,双流区,广场,787,739,722
2026-01-23,天府公园,双流区,广场,812,631,626
2026-01-23,南湖公园,双流区,广场,555,572,592
2026-01-23,万花公园,青羊区,广场,862,1072,1126
2026-01-23,易园园林博物馆,金牛区,景区,1451,1596,1514
2026-01-23,武侯体育公园,武侯区,广场,1272,1307,1271
2026-01-23,天府芙蓉园,武侯区,景区,3136,3107,2904
2026-01-23,东安湖公园,龙泉驿区,广场,1080,1006,978
2026-01-23,金泉运动公园,金牛区,广场,1053,865,920
2026-01-23,兴隆湖湿地公园,双流区,景区,1200,1261,1285
2026-01-23,中环晓院,武侯区,公园,1057,926,889
2026-01-23,桂溪生态公园,武侯区,广场,1881,2026,2124
2026-01-23,望江楼公园,武侯区,广场,2037,2328,2457
2026-01-23,青羊宫,青羊区,景区,4197,5054,5075
2026-01-23,凤凰山公园,金牛区,广场,1456,1473,1435
2026-01-23,国宾蜀园,金牛区,公园,750,642,642
2026-01-23,人民公园,青羊区,景区,7968,5929,6245
2026-01-23,白鹭湾湿地公园,锦江区,广场,1733,1993,1979
2026-01-23,鲁家滩湿地公园,温江区,广场,361,351,339
2026-01-23,熊猫小镇红豆古树公园,成华区,广场,911,973,990
2026-01-23,二仙桥公园,成华区,广场,1158,1166,1147
2026-01-23,成都青羊绿舟文化产业园区,青羊区,公园,712,804,856
2026-01-23,海斯凯体育公园,青羊区,广场,1312,1307,1355
2026-01-23,黄龙溪古镇,双流区,景区,2261,2126,2251
2026-01-23,彭镇古镇,双流区,景区,1135,1054,1123
2026-01-23,北湖生态公园,成华区,广场,1418,1655,1796
2026-01-23,杉板桥公园,成华区,景区,1728,2153,2064
2026-01-23,洛带古镇,龙泉驿区,景区,1750,1529,1713
2026-01-23,金牛公园,金牛区,广场,981,1103,1059
2026-01-23,活水公园,锦江区,广场,2505,2263,2035
2026-01-23,浣花溪公园,青羊区,广场,2786,2723,2778
2026-01-23,沙河东篱翠湖公园,锦江区,广场,1214,1438,1387
2026-01-23,圣灯公园,成华区,景区,1618,1692,1695
2026-01-23,龙泉山城市森林公园,龙泉驿区,广场,525,582,560
2026-01-23,wood park滑板运动公园(交子店),武侯区,公园,630,743,757
2026-01-23,成华公园,成华区,广场,1272,1134,1028
2026-01-23,江安河公园,双流区,广场,663,770,758
2026-01-23,锦江体育公园,锦江区,广场,1252,1158,1162
2026-01-23,中和湿地公园,双流区,广场,703,730,724
2026-01-23,驿马河公园,龙泉驿区,广场,469,543,534
2026-01-23,南岸公园,双流区,广场,586,597,597
2026-01-23,双桂公园,成华区,广场,1162,1188,1154
2026-01-23,金沙滨河公园,青羊区,广场,1861,1871,1720
2026-01-23,温江公园,温江区,广场,457,488,471
2026-01-23,北湖凝萃公园,金牛区,广场,977,1140,1079
2026-01-23,文化公园,青羊区,广场,2107,2524,2438
2026-01-23,塔子山公园,锦江区,广场,1610,1890,1871
2026-01-23,龙潭新区公园,成华区,广场,948,1022,988
2026-01-23,大慈寺,锦江区,景区,6626,5271,5354
2026-01-23,海滨公园,成华区,广场,1009,1216,1151
2026-01-23,青龙湖湿地公园,龙泉驿区,广场,1061,988,1037
2026-01-23,老成都民俗公园(人民南路四段),武侯区,广场,1404,1350,1270
2026-01-23,百花潭公园,青羊区,广场,2341,2275,2286
2026-01-23,新华公园,成华区,广场,1338,1434,1484
2026-01-24,沙河东篱翠湖公园,锦江区,广场,1508,2055,1980
2026-01-24,百花潭公园,青羊区,广场,2171,3480,3333
2026-01-24,浣花溪公园,青羊区,广场,3012,3802,3849
2026-01-24,金沙滨河公园,青羊区,广场,1967,2598,2417
2026-01-24,天府芙蓉园,武侯区,景区,2738,4158,3988
2026-01-24,圣灯公园,成华区,景区,1874,2161,2457
2026-01-24,青龙湖湿地公园,龙泉驿区,广场,1181,1374,1383
2026-01-24,杉板桥公园,成华区,景区,2435,2932,3033
2026-01-24,活水公园,锦江区,广场,1945,3365,3032
2026-01-24,文化公园,青羊区,广场,2766,3772,3621
2026-01-24,东安湖公园,龙泉驿区,广场,1140,1326,1301
2026-01-24,塔子山公园,锦江区,广场,1892,2762,2734
2026-01-24,wood park滑板运动公园(交子店),武侯区,公园,847,1072,1091
2026-01-24,北湖生态公园,成华区,广场,1817,2308,2372
2026-01-24,洛水湿地公园,龙泉驿区,广场,650,762,798
2026-01-24,玉石湿地公园,龙泉驿区,广场,799,1031,1032
2026-01-24,双桂公园,成华区,广场,1298,1698,1659
2026-01-24,国宾蜀园,金牛区,公园,609,967,941
2026-01-24,驿马河公园,龙泉驿区,广场,523,756,787
2026-01-24,武侯体育公园,武侯区,广场,1081,1783,1787
2026-01-24,南湖公园,双流区,广场,641,849,876
2026-01-24,新华公园,成华区,广场,1331,2250,2101
2026-01-24,中和湿地公园,双流区,广场,658,1079,1084
2026-01-24,江安河公园,双流区,广场,752,1082,1045
2026-01-24,望江楼公园,武侯区,广场,2772,3451,3387
2026-01-24,成华公园,成华区,广场,1025,1841,1687
2026-01-24,金泉运动公园,金牛区,广场,950,1246,1264
2026-01-24,锦江体育公园,锦江区,广场,1026,1618,1651
2026-01-24,黄忠公园,金牛区,广场,921,1548,1569
2026-01-24,龙泉山城市森林公园,龙泉驿区,广场,497,806,799
2026-01-24,凤凰山公园,金牛区,广场,1612,2044,1917
2026-01-24,海滨公园,成华区,广场,1209,1588,1580
2026-01-24,熊猫小镇红豆古树公园,成华区,广场,990,1394,1355
2026-01-24,洛带古镇,龙泉驿区,景区,1680,2089,2317
2026-01-24,鲁家滩湿地公园,温江区,广场,465,558,582
2026-01-24,大慈寺,锦江区,景区,6890,7617,7557
2026-01-24,彭镇古镇,双流区,景区,1134,1465,1592
2026-01-24,易园园林博物馆,金牛区,景区,1343,2118,2341
2026-01-24,白鹭湾湿地公园,锦江区,广场,2172,2720,2596
2026-01-24,成都青羊绿舟文化产业园区,青羊区,公园,743,1139,1178
2026-01-24,金牛公园,金牛区,广场,1118,1542,1567
2026-01-24,人民公园,青羊区,景区,8629,9525,9257
2026-01-24,龙潭新区公园,成华区,广场,847,1355,1353
2026-01-24,棠湖公园,双流区,广场,836,1038,1025
2026-01-24,天府公园,双流区,广场,674,920,956
2026-01-24,南岸公园,双流区,广场,712,823,856
2026-01-24,温江公园,温江区,广场,486,727,733
2026-01-24,天府艺术公园,金牛区,广场,1968,2786,2841
2026-01-24,青羊宫,青羊区,景区,4941,7155,7512
2026-01-24,海斯凯体育公园,青羊区,广场,1254,1789,1956
2026-01-24,老成都民俗公园(人民南路四段),武侯区,广场,1413,1938,1764
2026-01-24,兴隆湖湿地公园,双流区,景区,1478,1695,1825
2026-01-24,中环晓院,武侯区,公园,1141,1348,1359
2026-01-24,北湖凝萃公园,金牛区,广场,977,1579,1583
2026-01-24,桂溪生态公园,武侯区,广场,2421,2775,2886
2026-01-24,黄龙溪古镇,双流区,景区,2123,2984,3076
2026-01-24,二仙桥公园,成华区,广场,1416,1658,1653
2026-01-24,万花公园,青羊区,广场,895,1519,1543
2026-01-25,大慈寺,锦江区,景区,9870,8427,8355
2026-01-25,双桂公园,成华区,广场,1988,1866,1832
2026-01-25,凤凰山公园,金牛区,广场,2356,2202,2039
2026-01-25,北湖生态公园,成华区,广场,2634,2692,2675
2026-01-25,活水公园,锦江区,广场,3343,3365,3285
2026-01-25,黄龙溪古镇,双流区,景区,2933,3320,3295
2026-01-25,新华公园,成华区,广场,2650,2251,2316
2026-01-25,棠湖公园,双流区,广场,1258,1087,1153
2026-01-25,海滨公园,成华区,广场,1748,1757,1797
2026-01-25,武侯体育公园,武侯区,广场,2185,1958,1946
2026-01-25,二仙桥公园,成华区,广场,1415,1851,1829
2026-01-25,玉石湿地公园,龙泉驿区,广场,1084,1148,1186
2026-01-25,驿马河公园,龙泉驿区,广场,919,897,923
2026-01-25,青龙湖湿地公园,龙泉驿区,广场,2030,1806,1673
2026-01-25,万花公园,青羊区,广场,1567,1757,1689
2026-01-25,东安湖公园,龙泉驿区,广场,1634,1557,1580
2026-01-25,wood park滑板运动公园(交子店),武侯区,公园,1289,1261,1202
2026-01-25,鲁家滩湿地公园,温江区,广场,482,636,635
2026-01-25,金沙滨河公园,青羊区,广场,2411,2707,2587
2026-01-25,易园园林博物馆,金牛区,景区,2718,2469,2481
2026-01-25,圣灯公园,成华区,景区,3043,2589,2596
2026-01-25,中和湿地公园,双流区,广场,1232,1204,1240
2026-01-25,塔子山公园,锦江区,广场,2664,3083,3077
2026-01-25,锦江体育公园,锦江区,广场,2010,1769,1791
2026-01-25,龙潭新区公园,成华区,广场,1448,1431,1501
2026-01-25,金泉运动公园,金牛区,广场,1490,1406,1393
2026-01-25,白鹭湾湿地公园,锦江区,广场,2366,2920,2845
2026-01-25,望江楼公园,武侯区,广场,3367,3601,3615
2026-01-25,人民公园,青羊区,景区,12402,11009,10237
2026-01-25,中环晓院,武侯区,公园,1457,1496,1504
2026-01-25,文化公园,青羊区,广场,4008,4149,4162
2026-01-25,彭镇古镇,双流区,景区,1722,1667,1680
2026-01-25,天府公园,双流区,广场,1018,1145,1164
2026-01-25,沙河东篱翠湖公园,锦江区,广场,1823,2206,2185
2026-01-25,南岸公园,双流区,广场,908,895,974
2026-01-25,洛带古镇,龙泉驿区,景区,2491,2543,2552
2026-01-25,江安河公园,双流区,广场,939,1131,1178
2026-01-25,成都青羊绿舟文化产业园区,青羊区,公园,1323,1295,1317
2026-01-25,桂溪生态公园,武侯区,广场,2842,3057,3108
2026-01-25,老成都民俗公园(人民南路四段),武侯区,广场,1696,2030,1942
2026-01-25,黄忠公园,金牛区,广场,2006,1762,1734
2026-01-25,南湖公园,双流区,广场,923,905,1003
2026-01-25,青羊宫,青羊区,景区,8883,8086,8061
2026-01-25,熊猫小镇红豆古树公园,成华区,广场,1394,1559,1517
2026-01-25,温江公园,温江区,广场,682,802,844
2026-01-25,浣花溪公园,青羊区,广场,4150,4111,4159
2026-01-25,龙泉山城市森林公园,龙泉驿区,广场,877,967,958
2026-01-25,兴隆湖湿地公园,双流区,景区,2139,1904,1905
2026-01-25,天府芙蓉园,武侯区,景区,4180,4354,4281
2026-01-25,海斯凯体育公园,青羊区,广场,1736,2118,2145
2026-01-25,北湖凝萃公园,金牛区,广场,1709,1768,1749
2026-01-25,杉板桥公园,成华区,景区,2592,3102,3115
2026-01-25,天府艺术公园,金牛区,广场,3341,3124,3195
2026-01-25,金牛公园,金牛区,广场,1733,1765,1733
2026-01-25,洛水湿地公园,龙泉驿区,广场,874,895,925
2026-01-25,国宾蜀园,金牛区,公园,1028,1116,1050
2026-01-25,百花潭公园,青羊区,广场,4238,3859,3848
2026-01-25,成华公园,成华区,广场,2054,1947,1926
2026-01-26,熊猫小镇红豆古树公园,成华区,广场,1141,1093,1087
2026-01-26,人民公园,青羊区,景区,7660,6788,7185
2026-01-26,易园园林博物馆,金牛区,景区,1512,1643,1652
2026-01-26,万花公园,青羊区,广场,1011,1182,1243
2026-01-26,青羊宫,青羊区,景区,5055,5320,5294
2026-01-26,鲁家滩湿地公园,温江区,广场,371,435,404
2026-01-26,中环晓院,武侯区,公园,1122,1048,1003
2026-01-26,天府公园,双流区,广场,903,821,667
2026-01-26,二仙桥公园,成华区,广场,1285,1294,1275
2026-01-26,北湖凝萃公园,金牛区,广场,1103,1245,1195
2026-01-26,成都青羊绿舟文化产业园区,青羊区,公园,862,928,955
2026-01-26,金牛公园,金牛区,广场,1427,1204,1175
2026-01-26,海斯凯体育公园,青羊区,广场,1405,1458,1502
2026-01-26,天府艺术公园,金牛区,广场,2122,2213,2108
2026-01-26,凤凰山公园,金牛区,广场,1721,1505,1509
2026-01-26,新华公园,成华区,广场,1527,1641,1601
2026-01-26,国宾蜀园,金牛区,公园,904,724,709
2026-01-26,洛带古镇,龙泉驿区,景区,1817,1763,1792
2026-01-26,塔子山公园,锦江区,广场,1888,2033,2012
2026-01-26,望江楼公园,武侯区,广场,3027,2534,2492
2026-01-26,百花潭公园,青羊区,广场,2912,2587,2552
2026-01-26,兴隆湖湿地公园,双流区,景区,1546,1339,1363
2026-01-26,青龙湖湿地公园,龙泉驿区,广场,1405,1131,1101
2026-01-26,温江公园,温江区,广场,685,565,543
2026-01-26,老成都民俗公园(人民南路四段),武侯区,广场,1380,1414,1403
2026-01-26,文化公园,青羊区,广场,3088,2467,2582
2026-01-26,大慈寺,锦江区,景区,5198,5661,5947
2026-01-26,桂溪生态公园,武侯区,广场,1921,2218,2223
2026-01-26,龙潭新区公园,成华区,广场,1203,1121,1093
2026-01-26,南岸公园,双流区,广场,641,688,666
2026-01-26,海滨公园,成华区,广场,1081,1336,1296
2026-01-26,北湖生态公园,成华区,广场,2090,1940,1884
2026-01-26,棠湖公园,双流区,广场,919,813,805
2026-01-26,白鹭湾湿地公园,锦江区,广场,2141,2151,2106
2026-01-26,彭镇古镇,双流区,景区,1121,1133,1208
2026-01-26,驿马河公园,龙泉驿区,广场,624,629,603
2026-01-26,圣灯公园,成华区,景区,1852,1783,1829
2026-01-26,金沙滨河公园,青羊区,广场,2009,1830,1867
2026-01-26,江安河公园,双流区,广场,739,853,841
2026-01-26,东安湖公园,龙泉驿区,广场,937,1102,1018
2026-01-26,沙河东篱翠湖公园,锦江区,广场,1351,1525,1540
2026-01-26,中和湿地公园,双流区,广场,973,805,821
2026-01-26,玉石湿地公园,龙泉驿区,广场,930,810,827
2026-01-26,南湖公园,双流区,广场,727,646,670
2026-01-26,天府芙蓉园,武侯区,景区,3604,3038,3106
2026-01-26,黄忠公园,金牛区,广场,1118,1213,1176
2026-01-26,浣花溪公园,青羊区,广场,3172,2908,2964
2026-01-26,龙泉山城市森林公园,龙泉驿区,广场,706,665,615
2026-01-26,杉板桥公园,成华区,景区,1825,2246,2190
2026-01-26,洛水湿地公园,龙泉驿区,广场,539,632,618
2026-01-26,活水公园,锦江区,广场,2533,2062,2167
2026-01-26,双桂公园,成华区,广场,1072,1314,1284
2026-01-26,武侯体育公园,武侯区,广场,1364,1425,1394
2026-01-26,成华公园,成华区,广场,1428,1205,1156
2026-01-26,金泉运动公园,金牛区,广场,1069,941,1003
2026-01-26,黄龙溪古镇,双流区,景区,2822,2211,2322
2026-01-26,锦江体育公园,锦江区,广场,1502,1240,1261
2026-01-26,wood park滑板运动公园(交子店),武侯区,公园,896,866,832
2026-01-27,武侯体育公园,武侯区,广场,1510,1399,1402
2026-01-27,杉板桥公园,成华区,景区,2076,2302,2261
2026-01-27,大慈寺,锦江区,景区,7093,6350,6187
2026-01-27,老成都民俗公园(人民南路四段),武侯区,广场,1497,1414,1411
2026-01-27,南湖公园,双流区,广场,729,633,673
2026-01-27,龙潭新区公园,成华区,广场,1251,1110,1101
2026-01-27,文化公园,青羊区,广场,3276,2655,2664
2026-01-27,玉石湿地公园,龙泉驿区,广场,759,813,832
2026-01-27,青龙湖湿地公园,龙泉驿区,广场,1273,1129,1143
2026-01-27,温江公园,温江区,广场,686,560,549
2026-01-27,龙泉山城市森林公园,龙泉驿区,广场,570,668,622
2026-01-27,兴隆湖湿地公园,双流区,景区,1326,1371,1388
2026-01-27,黄龙溪古镇,双流区,景区,2781,2425,2402
2026-01-27,百花潭公园,青羊区,广场,2680,2692,2586
2026-01-27,驿马河公园,龙泉驿区,广场,654,630,608
2026-01-27,望江楼公园,武侯区,广场,2155,2515,2534
2026-01-27,海斯凯体育公园,青羊区,广场,1296,1466,1491
2026-01-27,塔子山公园,锦江区,广场,1736,2097,2059
2026-01-27,洛水湿地公园,龙泉驿区,广场,726,631,623
2026-01-27,国宾蜀园,金牛区,公园,808,730,708
2026-01-27,新华公园,成华区,广场,1754,1611,1617
2026-01-27,凤凰山公园,金牛区,广场,1628,1494,1559
2026-01-27,双桂公园,成华区,广场,1224,1300,1292
2026-01-27,江安河公园,双流区,广场,801,835,844
2026-01-27,桂溪生态公园,武侯区,广场,1961,2233,2270
2026-01-27,成华公园,成华区,广场,1204,1171,1197
2026-01-27,易园园林博物馆,金牛区,景区,1943,1675,1674
2026-01-27,东安湖公园,龙泉驿区,广场,905,1163,1055
2026-01-27,棠湖公园,双流区,广场,908,804,808
2026-01-27,鲁家滩湿地公园,温江区,广场,490,431,405
2026-01-27,青羊宫,青羊区,景区,5852,5579,5521
2026-01-27,中环晓院,武侯区,公园,1211,1030,998
2026-01-27,天府芙蓉园,武侯区,景区,2547,3061,3215
2026-01-27,金沙滨河公园,青羊区,广场,1967,1819,1897
2026-01-27,洛带古镇,龙泉驿区,景区,1900,1825,1848
2026-01-27,二仙桥公园,成华区,广场,1482,1286,1283
2026-01-27,北湖凝萃公园,金牛区,广场,1316,1245,1206
2026-01-27,北湖生态公园,成华区,广场,2113,1893,1934
2026-01-27,活水公园,锦江区,广场,2624,2148,2263
2026-01-27,wood park滑板运动公园(交子店),武侯区,公园,972,835,830
2026-01-27,彭镇古镇,双流区,景区,1178,1162,1209
2026-01-27,浣花溪公园,青羊区,广场,2560,2969,2955
2026-01-27,成都青羊绿舟文化产业园区,青羊区,公园,1028,938,939
2026-01-27,天府公园,双流区,广场,826,809,703
2026-01-27,白鹭湾湿地公园,锦江区,广场,2197,2152,2126
2026-01-27,金泉运动公园,金牛区,广场,961,946,1014
2026-01-27,南岸公园,双流区,广场,639,673,675
2026-01-27,黄忠公园,金牛区,广场,1006,1217,1187
2026-01-27,人民公园,青羊区,景区,6640,7810,7597
2026-01-27,熊猫小镇红豆古树公园,成华区,广场,1187,1053,1098
2026-01-27,金牛公园,金牛区,广场,1284,1214,1185
2026-01-27,圣灯公园,成华区,景区,2183,1801,1849
2026-01-27,沙河东篱翠湖公园,锦江区,广场,1699,1554,1551
2026-01-27,中和湿地公园,双流区,广场,1006,794,831
2026-01-27,万花公园,青羊区,广场,1328,1192,1232
2026-01-27,锦江体育公园,锦江区,广场,1394,1249,1272
2026-01-27,海滨公园,成华区,广场,1278,1319,1304
2026-01-27,天府艺术公园,金牛区,广场,2651,2202,2154
2026-01-28,wood park滑板运动公园(交子店),武侯区,公园,878,897,839
2026-01-28,东安湖公园,龙泉驿区,广场,1222,1134,1074
2026-01-28,黄龙溪古镇,双流区,景区,1926,2399,2398
2026-01-28,龙泉山城市森林公园,龙泉驿区,广场,688,607,614
2026-01-28,温江公园,温江区,广场,579,593,555
2026-01-28,玉石湿地公园,龙泉驿区,广场,867,811,830
2026-01-28,鲁家滩湿地公园,温江区,广场,443,394,402
2026-01-28,杉板桥公园,成华区,景区,1823,2296,2278
2026-01-28,南岸公园,双流区,广场,682,690,675
2026-01-28,黄忠公园,金牛区,广场,1340,1242,1174
2026-01-28,北湖生态公园,成华区,广场,2218,1976,1958
2026-01-28,南湖公园,双流区,广场,743,666,672
2026-01-28,二仙桥公园,成华区,广场,1501,1321,1284
2026-01-28,熊猫小镇红豆古树公园,成华区,广场,1057,1136,1093
2026-01-28,天府芙蓉园,武侯区,景区,3525,3299,3243
2026-01-28,浣花溪公园,青羊区,广场,3005,3025,2927
2026-01-28,青羊宫,青羊区,景区,4473,5507,5592
2026-01-28,天府艺术公园,金牛区,广场,2378,2360,2178
2026-01-28,活水公园,锦江区,广场,2676,2239,2312
2026-01-28,金沙滨河公园,青羊区,广场,1944,1817,1914
2026-01-28,桂溪生态公园,武侯区,广场,1990,2330,2300
2026-01-28,兴隆湖湿地公园,双流区,景区,1336,1360,1374
2026-01-28,圣灯公园,成华区,景区,2146,1798,1849
2026-01-28,海斯凯体育公园,青羊区,广场,1724,1454,1486
2026-01-28,金牛公园,金牛区,广场,1211,1249,1177
2026-01-28,国宾蜀园,金牛区,公园,721,779,707
2026-01-28,中和湿地公园,双流区,广场,910,858,826
2026-01-28,百花潭公园,青羊区,广场,3050,2607,2590
2026-01-28,锦江体育公园,锦江区,广场,1075,1297,1264
2026-01-28,驿马河公园,龙泉驿区,广场,756,616,606
2026-01-28,老成都民俗公园(人民南路四段),武侯区,广场,1528,1484,1398
2026-01-28,洛水湿地公园,龙泉驿区,广场,698,613,615
2026-01-28,洛带古镇,龙泉驿区,景区,1545,1754,1846
2026-01-28,成都青羊绿舟文化产业园区,青羊区,公园,830,946,933
2026-01-28,北湖凝萃公园,金牛区,广场,1015,1284,1189
2026-01-28,新华公园,成华区,广场,1799,1649,1615
2026-01-28,沙河东篱翠湖公园,锦江区,广场,1362,1611,1552
2026-01-28,塔子山公园,锦江区,广场,1846,2194,2089
2026-01-28,望江楼公园,武侯区,广场,2531,2621,2550
2026-01-28,天府公园,双流区,广场,723,807,704
2026-01-28,青龙湖湿地公园,龙泉驿区,广场,1327,1153,1151
2026-01-28,万花公园,青羊区,广场,1230,1209,1221
2026-01-28,易园园林博物馆,金牛区,景区,1622,1731,1674
2026-01-28,大慈寺,锦江区,景区,6396,6223,6164
2026-01-28,武侯体育公园,武侯区,广场,1408,1480,1415
2026-01-28,彭镇古镇,双流区,景区,1218,1161,1205
2026-01-28,文化公园,青羊区,广场,2523,2727,2699
2026-01-28,成华公园,成华区,广场,1523,1282,1232
2026-01-28,人民公园,青羊区,景区,8175,7878,7631
2026-01-28,白鹭湾湿地公园,锦江区,广场,2005,2228,2121
2026-01-28,江安河公园,双流区,广场,735,876,844
2026-01-28,凤凰山公园,金牛区,广场,1769,1486,1578
2026-01-28,金泉运动公园,金牛区,广场,1067,985,1009
2026-01-28,中环晓院,武侯区,公园,1094,1068,991
2026-01-28,双桂公园,成华区,广场,1522,1316,1279
2026-01-28,海滨公园,成华区,广场,1425,1370,1297
2026-01-28,龙潭新区公园,成华区,广场,1190,1165,1101
2026-01-28,棠湖公园,双流区,广场,914,846,807
2026-01-29,成华公园,成华区,广场,1076,1252,1234
2026-01-29,龙泉山城市森林公园,龙泉驿区,广场,739,612,621
2026-01-29,双桂公园,成华区,广场,1484,1303,1295
2026-01-29,海斯凯体育公园,青羊区,广场,1599,1421,1508
2026-01-29,江安河公园,双流区,广场,1036,848,867
2026-01-29,沙河东篱翠湖公园,锦江区,广场,1282,1613,1564
2026-01-29,凤凰山公园,金牛区,广场,1299,1492,1588
2026-01-29,锦江体育公园,锦江区,广场,1164,1234,1295
2026-01-29,塔子山公园,锦江区,广场,2473,2169,2066
2026-01-29,青龙湖湿地公园,龙泉驿区,广场,1112,1123,1168
2026-01-29,大慈寺,锦江区,景区,6207,5970,5880
2026-01-29,文化公园,青羊区,广场,3283,2830,2749
2026-01-29,龙潭新区公园,成华区,广场,1008,1104,1114
2026-01-29,海滨公园,成华区,广场,1152,1320,1341
2026-01-29,白鹭湾湿地公园,锦江区,广场,2122,2102,2120
2026-01-29,人民公园,青羊区,景区,8895,7392,7111
2026-01-29,北湖生态公园,成华区,广场,1839,1948,1957
2026-01-29,鲁家滩湿地公园,温江区,广场,476,388,410
2026-01-29,二仙桥公园,成华区,广场,1532,1288,1296
2026-01-29,wood park滑板运动公园(交子店),武侯区,公园,906,888,848
2026-01-29,金沙滨河公园,青羊区,广场,1727,1829,1922
2026-01-29,圣灯公园,成华区,景区,1912,1803,1853
2026-01-29,中和湿地公园,双流区,广场,696,797,851
2026-01-29,驿马河公园,龙泉驿区,广场,718,618,627
2026-01-29,活水公园,锦江区,广场,2655,2305,2313
2026-01-29,新华公园,成华区,广场,1789,1595,1617
2026-01-29,杉板桥公园,成华区,景区,2023,2255,2273
2026-01-29,天府艺术公园,金牛区,广场,2369,2344,2185
2026-01-29,青羊宫,青羊区,景区,5418,5588,5587
2026-01-29,浣花溪公园,青羊区,广场,3084,3079,2954
2026-01-29,南湖公园,双流区,广场,775,645,700
2026-01-29,黄忠公园,金牛区,广场,1413,1199,1194
2026-01-29,洛水湿地公园,龙泉驿区,广场,704,622,633
2026-01-29,武侯体育公园,武侯区,广场,1378,1432,1419
2026-01-29,金泉运动公园,金牛区,广场,1101,931,1028
2026-01-29,玉石湿地公园,龙泉驿区,广场,942,804,851
2026-01-29,东安湖公园,龙泉驿区,广场,1115,1085,1088
2026-01-29,棠湖公园,双流区,广场,950,811,831
2026-01-29,洛带古镇,龙泉驿区,景区,1774,1747,1839
2026-01-29,中环晓院,武侯区,公园,1183,1061,997
2026-01-29,易园园林博物馆,金牛区,景区,2043,1684,1678
2026-01-29,万花公园,青羊区,广场,1073,1182,1243
2026-01-29,天府公园,双流区,广场,943,832,706
2026-01-29,望江楼公园,武侯区,广场,2452,2628,2530
2026-01-29,桂溪生态公园,武侯区,广场,1961,2180,2292
2026-01-29,兴隆湖湿地公园,双流区,景区,1288,1343,1378
2026-01-29,天府芙蓉园,武侯区,景区,2970,3181,3234
2026-01-29,百花潭公园,青羊区,广场,2229,2732,2612
2026-01-29,成都青羊绿舟文化产业园区,青羊区,公园,865,921,951
2026-01-29,国宾蜀园,金牛区,公园,652,736,723
2026-01-29,温江公园,温江区,广场,627,561,573
2026-01-29,金牛公园,金牛区,广场,1384,1208,1189
2026-01-29,北湖凝萃公园,金牛区,广场,1229,1228,1208
2026-01-29,老成都民俗公园(人民南路四段),武侯区,广场,1231,1470,1407
2026-01-29,南岸公园,双流区,广场,758,669,699
2026-01-29,熊猫小镇红豆古树公园,成华区,广场,918,1070,1118
2026-01-29,黄龙溪古镇,双流区,景区,2556,2386,2392
2026-01-29,彭镇古镇,双流区,景区,1034,1171,1225
2026-01-30,中和湿地公园,双流区,广场,674,721,732
2026-01-30,龙潭新区公园,成华区,广场,1051,1003,985
2026-01-30,天府公园,双流区,广场,839,738,641
2026-01-30,成华公园,成华区,广场,1364,1137,1044
2026-01-30,彭镇古镇,双流区,景区,1218,1060,1090
2026-01-30,青龙湖湿地公园,龙泉驿区,广场,918,1060,1043
2026-01-30,杉板桥公园,成华区,景区,1951,2221,1979
2026-01-30,望江楼公园,武侯区,广场,1898,2437,2326
2026-01-30,玉石湿地公园,龙泉驿区,广场,764,739,730
2026-01-30,中环晓院,武侯区,公园,910,939,857
2026-01-30,棠湖公园,双流区,广场,732,728,708
2026-01-30,熊猫小镇红豆古树公园,成华区,广场,910,991,998
2026-01-30,海滨公园,成华区,广场,1023,1215,1173
2026-01-30,武侯体育公园,武侯区,广场,1151,1311,1251
2026-01-30,北湖生态公园,成华区,广场,2004,1819,1796
2026-01-30,双桂公园,成华区,广场,1053,1174,1131
2026-01-30,新华公园,成华区,广场,1465,1414,1467
2026-01-30,南岸公园,双流区,广场,567,581,581
2026-01-30,南湖公园,双流区,广场,600,561,584
2026-01-30,天府芙蓉园,武侯区,景区,2239,3093,2909
2026-01-30,二仙桥公园,成华区,广场,1327,1175,1128
2026-01-30,wood park滑板运动公园(交子店),武侯区,公园,776,775,748
2026-01-30,老成都民俗公园(人民南路四段),武侯区,广场,1494,1346,1247
2026-01-30,桂溪生态公园,武侯区,广场,2077,2132,2125
2026-01-30,兴隆湖湿地公园,双流区,景区,1423,1233,1252
2026-01-30,圣灯公园,成华区,景区,1936,1712,1632
2026-01-30,江安河公园,双流区,广场,712,764,744
2026-01-30,黄龙溪古镇,双流区,景区,2456,2312,2278
2026-01-30,凤凰山公园,金牛区,广场,1175,1390,1436
2026-01-30,大慈寺,锦江区,景区,4756,5667,5513
2026-01-30,沙河东篱翠湖公园,锦江区,广场,1414,1430,1383
2026-01-30,海斯凯体育公园,青羊区,广场,1517,1308,1321
2026-01-30,北湖凝萃公园,金牛区,广场,1194,1138,1059
2026-01-30,浣花溪公园,青羊区,广场,3066,2812,2824
2026-01-30,东安湖公园,龙泉驿区,广场,818,993,979
2026-01-30,龙泉山城市森林公园,龙泉驿区,广场,594,549,537
2026-01-30,成都青羊绿舟文化产业园区,青羊区,公园,666,818,847
2026-01-30,国宾蜀园,金牛区,公园,581,652,632
2026-01-30,金沙滨河公园,青羊区,广场,2015,1645,1669
2026-01-30,百花潭公园,青羊区,广场,2084,2479,2341
2026-01-30,黄忠公园,金牛区,广场,940,1117,1045
2026-01-30,温江公园,温江区,广场,563,481,455
2026-01-30,青羊宫,青羊区,景区,4361,5214,5095
2026-01-30,金泉运动公园,金牛区,广场,944,860,917
2026-01-30,洛水湿地公园,龙泉驿区,广场,494,550,530
2026-01-30,易园园林博物馆,金牛区,景区,1529,1591,1451
2026-01-30,万花公园,青羊区,广场,1182,1072,1109
2026-01-30,洛带古镇,龙泉驿区,景区,1512,1564,1715
2026-01-30,天府艺术公园,金牛区,广场,2311,2136,1975
2026-01-30,人民公园,青羊区,景区,5468,6957,6545
2026-01-30,金牛公园,金牛区,广场,1209,1117,1040
2026-01-30,活水公园,锦江区,广场,2373,2099,2040
2026-01-30,文化公园,青羊区,广场,2932,2594,2515
2026-01-30,塔子山公园,锦江区,广场,1534,2015,1833
2026-01-30,驿马河公园,龙泉驿区,广场,536,538,524
2026-01-30,鲁家滩湿地公园,温江区,广场,428,325,315
2026-01-30,锦江体育公园,锦江区,广场,1092,1149,1119
2026-01-30,白鹭湾湿地公园,锦江区,广场,1549,1989,1981
2026-01-31,天府芙蓉园,武侯区,景区,4037,4520,4238
2026-01-31,黄忠公园,金牛区,广场,1471,1763,1735
2026-01-31,二仙桥公园,成华区,广场,1794,1839,1828
2026-01-31,塔子山公园,锦江区,广场,3435,3014,3062
2026-01-31,兴隆湖湿地公园,双流区,景区,1619,1957,1903
2026-01-31,青羊宫,青羊区,景区,6462,8068,7882
2026-01-31,武侯体育公园,武侯区,广场,1829,1964,1946
2026-01-31,南湖公园,双流区,广场,1022,891,990
2026-01-31,金泉运动公园,金牛区,广场,1306,1391,1393
2026-01-31,白鹭湾湿地公园,锦江区,广场,2381,2906,2838
2026-01-31,活水公园,锦江区,广场,3243,3336,3245
2026-01-31,中环晓院,武侯区,公园,1236,1487,1499
2026-01-31,易园园林博物馆,金牛区,景区,2823,2500,2472
2026-01-31,棠湖公园,双流区,广场,1136,1073,1145
2026-01-31,青龙湖湿地公园,龙泉驿区,广场,1390,1716,1642
2026-01-31,万花公园,青羊区,广场,1514,1714,1683
2026-01-31,望江楼公园,武侯区,广场,2795,3607,3588
2026-01-31,玉石湿地公园,龙泉驿区,广场,933,1105,1173
2026-01-31,凤凰山公园,金牛区,广场,1841,2196,2052
2026-01-31,海滨公园,成华区,广场,2281,1742,1773
2026-01-31,天府公园,双流区,广场,1082,1096,1143
2026-01-31,洛水湿地公园,龙泉驿区,广场,723,847,916
2026-01-31,天府艺术公园,金牛区,广场,2934,3097,3158
2026-01-31,人民公园,青羊区,景区,9317,10884,10034
2026-01-31,龙潭新区公园,成华区,广场,1259,1417,1492
2026-01-31,北湖生态公园,成华区,广场,2583,2669,2651
2026-01-31,成华公园,成华区,广场,1405,1872,1896
2026-01-31,双桂公园,成华区,广场,1690,1853,1831
2026-01-31,金沙滨河公园,青羊区,广场,2287,2685,2593
2026-01-31,沙河东篱翠湖公园,锦江区,广场,2252,2159,2184
2026-01-31,驿马河公园,龙泉驿区,广场,741,851,909
2026-01-31,杉板桥公园,成华区,景区,2528,3144,3177
2026-01-31,中和湿地公园,双流区,广场,1082,1191,1232
2026-01-31,海斯凯体育公园,青羊区,广场,2340,2074,2138
2026-01-31,北湖凝萃公园,金牛区,广场,1971,1772,1749
2026-01-31,熊猫小镇红豆古树公园,成华区,广场,1491,1545,1505
2026-01-31,江安河公园,双流区,广场,1012,1117,1165
2026-01-31,锦江体育公园,锦江区,广场,1852,1734,1791
2026-01-31,浣花溪公园,青羊区,广场,3674,3992,4108
2026-01-31,金牛公园,金牛区,广场,1770,1759,1733
2026-01-31,圣灯公园,成华区,景区,2396,2625,2587
2026-01-31,老成都民俗公园(人民南路四段),武侯区,广场,1742,2028,1929
2026-01-31,大慈寺,锦江区,景区,7821,8489,8133
2026-01-31,彭镇古镇,双流区,景区,1785,1705,1663
2026-01-31,文化公园,青羊区,广场,4695,4009,4051
2026-01-31,成都青羊绿舟文化产业园区,青羊区,公园,1022,1246,1293
2026-01-31,国宾蜀园,金牛区,公园,1131,1103,1046
2026-01-31,新华公园,成华区,广场,2617,2227,2320
2026-01-31,桂溪生态公园,武侯区,广场,2777,3066,3127
2026-01-31,南岸公园,双流区,广场,1013,871,966
2026-01-31,百花潭公园,青羊区,广场,2856,3767,3796
2026-01-31,东安湖公园,龙泉驿区,广场,1378,1526,1583
2026-01-31,鲁家滩湿地公园,温江区,广场,640,607,645
2026-01-31,龙泉山城市森林公园,龙泉驿区,广场,818,905,977
2026-01-31,温江公园,温江区,广场,877,784,836
2026-01-31,洛带古镇,龙泉驿区,景区,2373,2511,2438
2026-01-31,wood park滑板运动公园(交子店),武侯区,公园,1145,1236,1198
2026-01-31,黄龙溪古镇,双流区,景区,3241,3346,3225
2026-02-01,金沙滨河公园,青羊区,广场,2295,2683,2673
2026-02-01,黄忠公园,金牛区,广场,1855,1784,1740
2026-02-01,沙河东篱翠湖公园,锦江区,广场,2336,2238,2197
2026-02-01,浣花溪公园,青羊区,广场,4163,4089,4130
2026-02-01,中和湿地公园,双流区,广场,1064,1217,1243
2026-02-01,老成都民俗公园(人民南路四段),武侯区,广场,2199,2077,1963
2026-02-01,凤凰山公园,金牛区,广场,2283,2172,2120
2026-02-01,兴隆湖湿地公园,双流区,景区,2113,1883,1901
2026-02-01,圣灯公园,成华区,景区,2695,2616,2620
2026-02-01,北湖生态公园,成华区,广场,2653,2681,2705
2026-02-01,青龙湖湿地公园,龙泉驿区,广场,1542,1697,1693
2026-02-01,鲁家滩湿地公园,温江区,广场,527,591,606
2026-02-01,江安河公园,双流区,广场,1088,1144,1177
2026-02-01,望江楼公园,武侯区,广场,4196,3614,3676
2026-02-01,新华公园,成华区,广场,2433,2275,2368
2026-02-01,国宾蜀园,金牛区,公园,1212,1083,1061
2026-02-01,桂溪生态公园,武侯区,广场,3075,3075,3138
2026-02-01,温江公园,温江区,广场,948,793,831
2026-02-01,万花公园,青羊区,广场,1683,1730,1704
2026-02-01,成华公园,成华区,广场,1817,1873,1918
2026-02-01,锦江体育公园,锦江区,广场,2222,1772,1800
2026-02-01,金牛公园,金牛区,广场,1721,1776,1739
2026-02-01,龙泉山城市森林公园,龙泉驿区,广场,849,877,962
2026-02-01,塔子山公园,锦江区,广场,2867,2995,3103
2026-02-01,白鹭湾湿地公园,锦江区,广场,3033,2923,2919
2026-02-01,杉板桥公园,成华区,景区,3717,3173,3165
2026-02-01,易园园林博物馆,金牛区,景区,2603,2470,2505
2026-02-01,武侯体育公园,武侯区,广场,1832,2003,1955
2026-02-01,青羊宫,青羊区,景区,8658,8079,8028
2026-02-01,驿马河公园,龙泉驿区,广场,991,869,907
2026-02-01,wood park滑板运动公园(交子店),武侯区,公园,1070,1226,1214
2026-02-01,二仙桥公园,成华区,广场,2214,1881,1835
2026-02-01,海斯凯体育公园,青羊区,广场,2226,2132,2151
2026-02-01,棠湖公园,双流区,广场,1376,1099,1152
2026-02-01,熊猫小镇红豆古树公园,成华区,广场,1640,1579,1526
2026-02-01,黄龙溪古镇,双流区,景区,3053,3307,3353
2026-02-01,百花潭公园,青羊区,广场,3322,3846,3834
2026-02-01,天府艺术公园,金牛区,广场,3017,3112,3200
2026-02-01,天府芙蓉园,武侯区,景区,3625,4499,4360
2026-02-01,彭镇古镇,双流区,景区,1739,1661,1652
2026-02-01,玉石湿地公园,龙泉驿区,广场,1512,1124,1191
2026-02-01,金泉运动公园,金牛区,广场,1802,1410,1402
2026-02-01,活水公园,锦江区,广场,4101,3396,3319
2026-02-01,东安湖公园,龙泉驿区,广场,1717,1527,1594
2026-02-01,南岸公园,双流区,广场,892,903,955
2026-02-01,成都青羊绿舟文化产业园区,青羊区,公园,1339,1256,1323
2026-02-01,洛水湿地公园,龙泉驿区,广场,874,872,904
2026-02-01,天府公园,双流区,广场,1457,1094,1152
2026-02-01,龙潭新区公园,成华区,广场,1417,1481,1520
2026-02-01,中环晓院,武侯区,公园,1905,1492,1519
2026-02-01,大慈寺,锦江区,景区,7727,8493,8659
2026-02-01,海滨公园,成华区,广场,2336,1806,1782
2026-02-01,人民公园,青羊区,景区,9585,11402,10819
2026-02-01,文化公园,青羊区,广场,3500,3912,4131
2026-02-01,双桂公园,成华区,广场,2043,1928,1844
2026-02-01,洛带古镇,龙泉驿区,景区,3301,2545,2520
2026-02-01,北湖凝萃公园,金牛区,广场,2237,1796,1758
2026-02-01,南湖公园,双流区,广场,783,917,977
2026-02-02,成都青羊绿舟文化产业园区,青羊区,公园,775,972,984
2026-02-02,成华公园,成华区,广场,1410,1300,1297
2026-02-02,杉板桥公园,成华区,景区,2852,2546,2494
2026-02-02,洛水湿地公园,龙泉驿区,广场,796,673,648
2026-02-02,新华公园,成华区,广场,1518,1694,1677
2026-02-02,棠湖公园,双流区,广场,875,869,850
2026-02-02,国宾蜀园,金牛区,公园,957,787,755
2026-02-02,二仙桥公园,成华区,广场,1410,1375,1340
2026-02-02,武侯体育公园,武侯区,广场,1268,1496,1463
2026-02-02,中环晓院,武侯区,公园,1304,1111,1048
2026-02-02,彭镇古镇,双流区,景区,1073,1315,1283
2026-02-02,wood park滑板运动公园(交子店),武侯区,公园,1048,924,877
2026-02-02,人民公园,青羊区,景区,7779,8080,7865
2026-02-02,沙河东篱翠湖公园,锦江区,广场,1637,1621,1611
2026-02-02,金沙滨河公园,青羊区,广场,2339,1907,2023
2026-02-02,文化公园,青羊区,广场,3073,2737,2791
2026-02-02,老成都民俗公园(人民南路四段),武侯区,广场,1260,1507,1462
2026-02-02,南湖公园,双流区,广场,661,702,697
2026-02-02,圣灯公园,成华区,景区,2165,1978,1936
2026-02-02,龙泉山城市森林公园,龙泉驿区,广场,740,683,666
2026-02-02,易园园林博物馆,金牛区,景区,1950,1818,1761
2026-02-02,活水公园,锦江区,广场,2370,2307,2425
2026-02-02,金泉运动公园,金牛区,广场,871,1004,1067
2026-02-02,黄龙溪古镇,双流区,景区,2730,2606,2553
2026-02-02,白鹭湾湿地公园,锦江区,广场,2099,2222,2217
2026-02-02,中和湿地公园,双流区,广场,873,868,887
2026-02-02,天府公园,双流区,广场,973,877,802
2026-02-02,江安河公园,双流区,广场,1064,906,887
2026-02-02,百花潭公园,青羊区,广场,3048,2812,2744
2026-02-02,天府艺术公园,金牛区,广场,2345,2303,2279
2026-02-02,兴隆湖湿地公园,双流区,景区,1196,1514,1451
2026-02-02,天府芙蓉园,武侯区,景区,3460,3389,3353
2026-02-02,双桂公园,成华区,广场,1648,1390,1349
2026-02-02,万花公园,青羊区,广场,1431,1247,1284
2026-02-02,鲁家滩湿地公园,温江区,广场,473,460,422
2026-02-02,北湖生态公园,成华区,广场,1965,2015,2064
2026-02-02,玉石湿地公园,龙泉驿区,广场,986,855,878
2026-02-02,南岸公园,双流区,广场,848,737,699
2026-02-02,海滨公园,成华区,广场,1215,1402,1357
2026-02-02,海斯凯体育公园,青羊区,广场,1380,1546,1551
2026-02-02,青龙湖湿地公园,龙泉驿区,广场,1111,1186,1286
2026-02-02,浣花溪公园,青羊区,广场,3551,3055,2988
2026-02-02,熊猫小镇红豆古树公园,成华区,广场,1018,1151,1157
2026-02-02,驿马河公园,龙泉驿区,广场,741,671,635
2026-02-02,锦江体育公园,锦江区,广场,1391,1284,1328
2026-02-02,塔子山公园,锦江区,广场,2645,2195,2180
2026-02-02,大慈寺,锦江区,景区,5448,6666,6552
2026-02-02,桂溪生态公园,武侯区,广场,1945,2314,2395
2026-02-02,金牛公园,金牛区,广场,1254,1282,1242
2026-02-02,龙潭新区公园,成华区,广场,1319,1177,1150
2026-02-02,黄忠公园,金牛区,广场,1573,1289,1244
2026-02-02,青羊宫,青羊区,景区,4754,5739,5829
2026-02-02,东安湖公园,龙泉驿区,广场,1197,1157,1173
2026-02-02,凤凰山公园,金牛区,广场,1320,1587,1677
2026-02-02,温江公园,温江区,广场,695,610,576
2026-02-02,望江楼公园,武侯区,广场,3070,2622,2650
2026-02-02,北湖凝萃公园,金牛区,广场,1211,1315,1259
2026-02-02,洛带古镇,龙泉驿区,景区,1711,1929,1962
2026-02-03,天府艺术公园,金牛区,广场,1781,2159,2083
2026-02-03,天府芙蓉园,武侯区,景区,3444,3072,3023
2026-02-03,龙泉山城市森林公园,龙泉驿区,广场,652,600,599
2026-02-03,百花潭公园,青羊区,广场,2402,2447,2509
2026-02-03,龙潭新区公园,成华区,广场,904,1070,1034
2026-02-03,锦江体育公园,锦江区,广场,1204,1175,1179
2026-02-03,文化公园,青羊区,广场,2914,2637,2701
2026-02-03,双桂公园,成华区,广场,1167,1229,1190
2026-02-03,国宾蜀园,金牛区,公园,835,695,668
2026-02-03,成华公园,成华区,广场,1381,1201,1149
2026-02-03,金泉运动公园,金牛区,广场,823,915,972
2026-02-03,青羊宫,青羊区,景区,5033,5342,5409
2026-02-03,武侯体育公园,武侯区,广场,1433,1344,1311
2026-02-03,wood park滑板运动公园(交子店),武侯区,公园,797,803,780
2026-02-03,金沙滨河公园,青羊区,广场,2105,1731,1816
2026-02-03,黄龙溪古镇,双流区,景区,2067,2325,2387
2026-02-03,黄忠公园,金牛区,广场,1262,1151,1101
2026-02-03,圣灯公园,成华区,景区,1960,1749,1700
2026-02-03,桂溪生态公园,武侯区,广场,1743,2180,2258
2026-02-03,兴隆湖湿地公园,双流区,景区,1311,1278,1311
2026-02-03,南湖公园,双流区,广场,628,617,603
2026-02-03,驿马河公园,龙泉驿区,广场,704,596,551
2026-02-03,北湖生态公园,成华区,广场,1873,1814,1917
2026-02-03,南岸公园,双流区,广场,700,640,605
2026-02-03,彭镇古镇,双流区,景区,935,1130,1133
2026-02-03,人民公园,青羊区,景区,8527,7702,6963
2026-02-03,金牛公园,金牛区,广场,992,1148,1106
2026-02-03,老成都民俗公园(人民南路四段),武侯区,广场,1153,1379,1302
2026-02-03,熊猫小镇红豆古树公园,成华区,广场,1129,1031,1042
2026-02-03,望江楼公园,武侯区,广场,2444,2472,2452
2026-02-03,二仙桥公园,成华区,广场,1030,1221,1195
2026-02-03,海斯凯体育公园,青羊区,广场,1196,1366,1384
2026-02-03,中和湿地公园,双流区,广场,720,787,774
2026-02-03,洛带古镇,龙泉驿区,景区,1925,1591,1774
2026-02-03,海滨公园,成华区,广场,1092,1260,1205
2026-02-03,鲁家滩湿地公园,温江区,广场,386,371,340
2026-02-03,棠湖公园,双流区,广场,638,790,750
2026-02-03,杉板桥公园,成华区,景区,2027,2237,2182
2026-02-03,青龙湖湿地公园,龙泉驿区,广场,1344,1071,1166
2026-02-03,江安河公园,双流区,广场,979,827,786
2026-02-03,万花公园,青羊区,广场,1362,1141,1163
2026-02-03,浣花溪公园,青羊区,广场,2246,2824,2811
2026-02-03,塔子山公园,锦江区,广场,2022,2010,1967
2026-02-03,白鹭湾湿地公园,锦江区,广场,1981,2075,2077
2026-02-03,玉石湿地公园,龙泉驿区,广场,822,797,777
2026-02-03,温江公园,温江区,广场,536,524,482
2026-02-03,沙河东篱翠湖公园,锦江区,广场,1706,1466,1445
2026-02-03,凤凰山公园,金牛区,广场,1378,1486,1569
2026-02-03,北湖凝萃公园,金牛区,广场,1385,1173,1117
2026-02-03,成都青羊绿舟文化产业园区,青羊区,公园,754,878,886
2026-02-03,大慈寺,锦江区,景区,6424,5766,5891
2026-02-03,易园园林博物馆,金牛区,景区,1601,1633,1525
2026-02-03,东安湖公园,龙泉驿区,广场,922,1084,1066
2026-02-03,洛水湿地公园,龙泉驿区,广场,727,604,554
2026-02-03,新华公园,成华区,广场,1330,1456,1543
2026-02-03,活水公园,锦江区,广场,2059,2250,2232
2026-02-03,中环晓院,武侯区,公园,1088,976,893
2026-02-03,天府公园,双流区,广场,633,778,715
2026-02-04,鲁家滩湿地公园,温江区,广场,553,579,455
2026-02-04,江安河公园,双流区,广场,983,1113,1010
2026-02-04,青龙湖湿地公园,龙泉驿区,广场,1636,1512,1613
2026-02-04,白鹭湾湿地公园,锦江区,广场,2529,2782,2629
2026-02-04,百花潭公园,青羊区,广场,3560,3455,3145
2026-02-04,浣花溪公园,青羊区,广场,3008,3705,3560
2026-02-04,望江楼公园,武侯区,广场,3335,3207,3299
2026-02-04,东安湖公园,龙泉驿区,广场,1529,1435,1262
2026-02-04,大慈寺,锦江区,景区,7253,7838,8020
2026-02-04,温江公园,温江区,广场,705,770,653
2026-02-04,龙潭新区公园,成华区,广场,1180,1392,1348
2026-02-04,驿马河公园,龙泉驿区,广场,734,839,715
2026-02-04,北湖生态公园,成华区,广场,2486,2475,2547
2026-02-04,南岸公园,双流区,广场,877,880,780
2026-02-04,熊猫小镇红豆古树公园,成华区,广场,1114,1426,1406
2026-02-04,天府公园,双流区,广场,853,1006,963
2026-02-04,双桂公园,成华区,广场,1347,1658,1616
2026-02-04,人民公园,青羊区,景区,10981,9658,10229
2026-02-04,北湖凝萃公园,金牛区,广场,1626,1603,1497
2026-02-04,海斯凯体育公园,青羊区,广场,1955,1831,1840
2026-02-04,玉石湿地公园,龙泉驿区,广场,1020,1074,1012
2026-02-04,天府艺术公园,金牛区,广场,2945,2806,2828
2026-02-04,天府芙蓉园,武侯区,景区,3232,4192,4116
2026-02-04,黄忠公园,金牛区,广场,1862,1569,1475
2026-02-04,桂溪生态公园,武侯区,广场,2356,2815,2917
2026-02-04,海滨公园,成华区,广场,1529,1745,1629
2026-02-04,国宾蜀园,金牛区,公园,1115,1002,924
2026-02-04,金牛公园,金牛区,广场,1863,1571,1483
2026-02-04,二仙桥公园,成华区,广场,1912,1668,1621
2026-02-04,凤凰山公园,金牛区,广场,1719,2099,2046
2026-02-04,成都青羊绿舟文化产业园区,青羊区,公园,991,1151,1116
2026-02-04,圣灯公园,成华区,景区,2011,2449,2361
2026-02-04,老成都民俗公园(人民南路四段),武侯区,广场,1835,1829,1733
2026-02-04,活水公园,锦江区,广场,2781,3096,3042
2026-02-04,文化公园,青羊区,广场,4130,3472,3509
2026-02-04,武侯体育公园,武侯区,广场,1815,1834,1757
2026-02-04,金沙滨河公园,青羊区,广场,2431,2439,2429
2026-02-04,南湖公园,双流区,广场,890,898,821
2026-02-04,易园园林博物馆,金牛区,景区,2636,2303,2122
2026-02-04,彭镇古镇,双流区,景区,1505,1559,1524
2026-02-04,洛带古镇,龙泉驿区,景区,2542,2045,2213
2026-02-04,新华公园,成华区,广场,1779,2266,2112
2026-02-04,龙泉山城市森林公园,龙泉驿区,广场,949,805,692
2026-02-04,洛水湿地公园,龙泉驿区,广场,841,829,718
2026-02-04,中环晓院,武侯区,公园,1169,1333,1221
2026-02-04,中和湿地公园,双流区,广场,1158,1140,1111
2026-02-04,沙河东篱翠湖公园,锦江区,广场,1957,2001,1881
2026-02-04,兴隆湖湿地公园,双流区,景区,1645,1711,1690
2026-02-04,杉板桥公园,成华区,景区,3061,3043,2943
2026-02-04,锦江体育公园,锦江区,广场,1309,1689,1586
2026-02-04,棠湖公园,双流区,广场,968,1074,974
2026-02-04,万花公园,青羊区,广场,1656,1603,1538
2026-02-04,黄龙溪古镇,双流区,景区,3482,3018,2923
2026-02-04,青羊宫,青羊区,景区,7607,7487,7660
2026-02-04,塔子山公园,锦江区,广场,2349,2617,2831
2026-02-04,金泉运动公园,金牛区,广场,1082,1300,1287
2026-02-04,wood park滑板运动公园(交子店),武侯区,公园,1027,1157,1078
2026-02-04,成华公园,成华区,广场,1857,1734,1631
2026-02-05,金牛公园,金牛区,广场,983,1101,1079
2026-02-05,杉板桥公园,成华区,景区,1905,2244,2250
2026-02-05,彭镇古镇,双流区,景区,1081,1078,1163
2026-02-05,百花潭公园,青羊区,广场,2281,2474,2569
2026-02-05,国宾蜀园,金牛区,公园,583,653,646
2026-02-05,江安河公园,双流区,广场,810,793,788
2026-02-05,人民公园,青羊区,景区,8545,7054,7371
2026-02-05,南岸公园,双流区,广场,681,600,609
2026-02-05,北湖凝萃公园,金牛区,广场,1294,1140,1106
2026-02-05,北湖生态公园,成华区,广场,1999,1795,1935
2026-02-05,海斯凯体育公园,青羊区,广场,1472,1357,1381
2026-02-05,天府艺术公园,金牛区,广场,2094,2115,2109
2026-02-05,wood park滑板运动公园(交子店),武侯区,公园,985,775,766
2026-02-05,桂溪生态公园,武侯区,广场,2374,2134,2347
2026-02-05,沙河东篱翠湖公园,锦江区,广场,1527,1482,1433
2026-02-05,黄龙溪古镇,双流区,景区,2673,2285,2424
2026-02-05,成都青羊绿舟文化产业园区,青羊区,公园,776,845,907
2026-02-05,成华公园,成华区,广场,1185,1076,1072
2026-02-05,熊猫小镇红豆古树公园,成华区,广场,1020,1014,1019
2026-02-05,中和湿地公园,双流区,广场,814,737,749
2026-02-05,金沙滨河公园,青羊区,广场,2071,1746,1835
2026-02-05,老成都民俗公园(人民南路四段),武侯区,广场,1402,1311,1285
2026-02-05,浣花溪公园,青羊区,广场,2612,2812,3135
2026-02-05,鲁家滩湿地公园,温江区,广场,408,324,338
2026-02-05,凤凰山公园,金牛区,广场,1508,1481,1601
2026-02-05,驿马河公园,龙泉驿区,广场,705,561,553
2026-02-05,南湖公园,双流区,广场,733,569,594
2026-02-05,兴隆湖湿地公园,双流区,景区,1479,1266,1352
2026-02-05,洛带古镇,龙泉驿区,景区,1502,1628,1835
2026-02-05,青羊宫,青羊区,景区,6171,5019,5289
2026-02-05,锦江体育公园,锦江区,广场,1026,1182,1165
2026-02-05,棠湖公园,双流区,广场,901,750,752
2026-02-05,塔子山公园,锦江区,广场,1984,1939,1958
2026-02-05,二仙桥公园,成华区,广场,1212,1177,1162
2026-02-05,活水公园,锦江区,广场,2287,2161,2309
2026-02-05,金泉运动公园,金牛区,广场,1127,878,948
2026-02-05,中环晓院,武侯区,公园,820,911,876
2026-02-05,文化公园,青羊区,广场,2727,2286,2652
2026-02-05,武侯体育公园,武侯区,广场,1309,1311,1309
2026-02-05,易园园林博物馆,金牛区,景区,1919,1603,1580
2026-02-05,新华公园,成华区,广场,1658,1464,1554
2026-02-05,圣灯公园,成华区,景区,1728,1703,1755
2026-02-05,洛水湿地公园,龙泉驿区,广场,611,569,557
2026-02-05,望江楼公园,武侯区,广场,2618,2391,2615
2026-02-05,白鹭湾湿地公园,锦江区,广场,1770,2077,2135
2026-02-05,万花公园,青羊区,广场,1224,1111,1158
2026-02-05,温江公园,温江区,广场,519,478,491
2026-02-05,东安湖公园,龙泉驿区,广场,1209,980,1062
2026-02-05,龙潭新区公园,成华区,广场,1200,1032,1041
2026-02-05,天府公园,双流区,广场,769,705,689
2026-02-05,黄忠公园,金牛区,广场,1147,1114,1084
2026-02-05,天府芙蓉园,武侯区,景区,2848,3022,3196
2026-02-05,玉石湿地公园,龙泉驿区,广场,694,772,790
2026-02-05,大慈寺,锦江区,景区,5187,5696,6383
2026-02-05,龙泉山城市森林公园,龙泉驿区,广场,638,567,583
2026-02-05,双桂公园,成华区,广场,1430,1186,1172
2026-02-05,青龙湖湿地公园,龙泉驿区,广场,1238,997,1143
2026-02-05,海滨公园,成华区,广场,1144,1224,1183
2026-02-06,老成都民俗公园(人民南路四段),武侯区,广场,1915,1932,1820
2026-02-06,中环晓院,武侯区,公园,1531,1390,1296
2026-02-06,江安河公园,双流区,广场,884,1090,1102
2026-02-06,北湖凝萃公园,金牛区,广场,1810,1664,1597
2026-02-06,天府公园,双流区,广场,1202,976,992
2026-02-06,彭镇古镇,双流区,景区,1541,1678,1538
2026-02-06,浣花溪公园,青羊区,广场,4111,3991,3969
2026-02-06,万花公园,青羊区,广场,1764,1604,1655
2026-02-06,龙泉山城市森林公园,龙泉驿区,广场,775,805,740
2026-02-06,新华公园,成华区,广场,1743,2339,2148
2026-02-06,望江楼公园,武侯区,广场,3731,3319,3502
2026-02-06,青羊宫,青羊区,景区,7945,7746,7805
2026-02-06,温江公园,温江区,广场,771,761,701
2026-02-06,洛水湿地公园,龙泉驿区,广场,784,860,782
2026-02-06,海斯凯体育公园,青羊区,广场,1601,1905,1975
2026-02-06,易园园林博物馆,金牛区,景区,2527,2526,2219
2026-02-06,金牛公园,金牛区,广场,1353,1624,1559
2026-02-06,沙河东篱翠湖公园,锦江区,广场,1751,1989,1977
2026-02-06,杉板桥公园,成华区,景区,2994,3182,3015
2026-02-06,熊猫小镇红豆古树公园,成华区,广场,1181,1440,1460
2026-02-06,东安湖公园,龙泉驿区,广场,1525,1397,1420
2026-02-06,大慈寺,锦江区,景区,7410,8158,8305
2026-02-06,凤凰山公园,金牛区,广场,2285,2186,2117
2026-02-06,玉石湿地公园,龙泉驿区,广场,1112,1095,1095
2026-02-06,活水公园,锦江区,广场,2435,3298,2990
2026-02-06,鲁家滩湿地公园,温江区,广场,562,538,463
2026-02-06,海滨公园,成华区,广场,1932,1743,1741
2026-02-06,塔子山公园,锦江区,广场,2373,2726,2935
2026-02-06,中和湿地公园,双流区,广场,1091,1125,1165
2026-02-06,青龙湖湿地公园,龙泉驿区,广场,1490,1552,1703
2026-02-06,二仙桥公园,成华区,广场,1544,1711,1685
2026-02-06,国宾蜀园,金牛区,公园,1140,986,980
2026-02-06,棠湖公园,双流区,广场,1055,1048,1066
2026-02-06,白鹭湾湿地公园,锦江区,广场,2167,2720,2811
2026-02-06,百花潭公园,青羊区,广场,2806,3582,3286
2026-02-06,南湖公园,双流区,广场,747,846,865
2026-02-06,文化公园,青羊区,广场,3923,3703,3458
2026-02-06,wood park滑板运动公园(交子店),武侯区,公园,1280,1149,1135
2026-02-06,天府艺术公园,金牛区,广场,2951,2936,2994
2026-02-06,锦江体育公园,锦江区,广场,1800,1728,1690
2026-02-06,兴隆湖湿地公园,双流区,景区,1500,1823,1725
2026-02-06,驿马河公园,龙泉驿区,广场,855,856,775
2026-02-06,北湖生态公园,成华区,广场,2415,2687,2651
2026-02-06,人民公园,青羊区,景区,8141,9327,9901
2026-02-06,南岸公园,双流区,广场,690,860,829
2026-02-06,双桂公园,成华区,广场,1332,1691,1696
2026-02-06,天府芙蓉园,武侯区,景区,3338,4325,4316
2026-02-06,黄龙溪古镇,双流区,景区,3506,3289,3078
2026-02-06,洛带古镇,龙泉驿区,景区,2296,2375,2326
2026-02-06,黄忠公园,金牛区,广场,1807,1639,1575
2026-02-06,龙潭新区公园,成华区,广场,1083,1371,1459
2026-02-06,金泉运动公园,金牛区,广场,1359,1308,1347
2026-02-06,成华公园,成华区,广场,1588,1784,1455
2026-02-06,桂溪生态公园,武侯区,广场,2945,2973,3053
2026-02-06,金沙滨河公园,青羊区,广场,2609,2609,2569
2026-02-06,武侯体育公园,武侯区,广场,1534,1885,1848
2026-02-06,圣灯公园,成华区,景区,2037,2646,2465
2026-02-06,成都青羊绿舟文化产业园区,青羊区,公园,987,1163,1259
2026-02-07,圣灯公园,成华区,景区,1775,1974,1936
2026-02-07,桂溪生态公园,武侯区,广场,2135,2679,2441
2026-02-07,兴隆湖湿地公园,双流区,景区,1565,1454,1314
2026-02-07,凤凰山公园,金牛区,广场,1600,1727,1641
2026-02-07,熊猫小镇红豆古树公园,成华区,广场,1079,1250,1183
2026-02-07,易园园林博物馆,金牛区,景区,2014,1890,1835
2026-02-07,驿马河公园,龙泉驿区,广场,618,734,586
2026-02-07,龙泉山城市森林公园,龙泉驿区,广场,620,710,590
2026-02-07,北湖生态公园,成华区,广场,2230,2183,2095
2026-02-07,杉板桥公园,成华区,景区,1863,2384,2345
2026-02-07,双桂公园,成华区,广场,1593,1453,1381
2026-02-07,金沙滨河公园,青羊区,广场,1961,2139,1963
2026-02-07,天府芙蓉园,武侯区,景区,2884,3653,3397
2026-02-07,天府公园,双流区,广场,892,979,669
2026-02-07,望江楼公园,武侯区,广场,2420,3041,2687
2026-02-07,洛水湿地公园,龙泉驿区,广场,720,727,593
2026-02-07,白鹭湾湿地公园,锦江区,广场,1844,2343,2250
2026-02-07,金牛公园,金牛区,广场,1531,1385,1321
2026-02-07,鲁家滩湿地公园,温江区,广场,352,502,375
2026-02-07,黄龙溪古镇,双流区,景区,2918,2606,2577
2026-02-07,万花公园,青羊区,广场,1150,1413,1315
2026-02-07,青龙湖湿地公园,龙泉驿区,广场,1211,1284,1310
2026-02-07,南岸公园,双流区,广场,746,776,631
2026-02-07,新华公园,成华区,广场,1963,1784,1725
2026-02-07,青羊宫,青羊区,景区,4895,5628,5682
2026-02-07,海滨公园,成华区,广场,1593,1430,1347
2026-02-07,玉石湿地公园,龙泉驿区,广场,978,987,850
2026-02-07,人民公园,青羊区,景区,6492,8581,8705
2026-02-07,成都青羊绿舟文化产业园区,青羊区,公园,1118,1073,943
2026-02-07,浣花溪公园,青羊区,广场,2869,3423,3286
2026-02-07,东安湖公园,龙泉驿区,广场,1330,1287,1105
2026-02-07,wood park滑板运动公园(交子店),武侯区,公园,860,953,940
2026-02-07,沙河东篱翠湖公园,锦江区,广场,1415,1786,1644
2026-02-07,老成都民俗公园(人民南路四段),武侯区,广场,1673,1607,1508
2026-02-07,百花潭公园,青羊区,广场,2361,2996,2755
2026-02-07,中环晓院,武侯区,公园,1025,1119,1099
2026-02-07,成华公园,成华区,广场,1092,1502,1361
2026-02-07,金泉运动公园,金牛区,广场,1206,1143,1126
2026-02-07,活水公园,锦江区,广场,2268,2750,2432
2026-02-07,温江公园,温江区,广场,647,684,534
2026-02-07,文化公园,青羊区,广场,2833,3035,2805
2026-02-07,国宾蜀园,金牛区,公园,926,841,806
2026-02-07,洛带古镇,龙泉驿区,景区,2011,1837,1829
2026-02-07,南湖公园,双流区,广场,820,806,671
2026-02-07,龙潭新区公园,成华区,广场,1110,1277,1170
2026-02-07,二仙桥公园,成华区,广场,1529,1453,1386
2026-02-07,江安河公园,双流区,广场,926,1019,854
2026-02-07,彭镇古镇,双流区,景区,1171,1292,1191
2026-02-07,黄忠公园,金牛区,广场,1087,1388,1312
2026-02-07,北湖凝萃公园,金牛区,广场,1545,1405,1341
2026-02-07,中和湿地公园,双流区,广场,1100,965,932
2026-02-07,塔子山公园,锦江区,广场,2279,2414,2239
2026-02-07,天府艺术公园,金牛区,广场,2592,2569,2345
2026-02-07,棠湖公园,双流区,广场,800,979,835
2026-02-07,海斯凯体育公园,青羊区,广场,1291,1654,1601
2026-02-07,锦江体育公园,锦江区,广场,1403,1449,1341
2026-02-07,武侯体育公园,武侯区,广场,1687,1585,1519
2026-02-07,大慈寺,锦江区,景区,6871,6804,7146
2026-02-08,wood park滑板运动公园(交子店),武侯区,公园,924,952,953
2026-02-08,海斯凯体育公园,青羊区,广场,1965,1643,1653
2026-02-08,双桂公园,成华区,广场,1313,1497,1432
2026-02-08,金沙滨河公园,青羊区,广场,1812,2100,1996
2026-02-08,龙潭新区公园,成华区,广场,1252,1267,1203
2026-02-08,沙河东篱翠湖公园,锦江区,广场,1595,1713,1686
2026-02-08,活水公园,锦江区,广场,2123,2641,2478
2026-02-08,成华公园,成华区,广场,1183,1504,1420
2026-02-08,新华公园,成华区,广场,1958,1819,1792
2026-02-08,塔子山公园,锦江区,广场,2419,2417,2302
2026-02-08,二仙桥公园,成华区,广场,1527,1469,1433
2026-02-08,文化公园,青羊区,广场,3156,3005,3042
2026-02-08,龙泉山城市森林公园,龙泉驿区,广场,683,712,599
2026-02-08,大慈寺,锦江区,景区,6719,6448,6692
2026-02-08,中和湿地公园,双流区,广场,908,965,984
2026-02-08,北湖凝萃公园,金牛区,广场,1402,1399,1389
2026-02-08,圣灯公园,成华区,景区,1897,1985,1986
2026-02-08,北湖生态公园,成华区,广场,2391,2198,2173
2026-02-08,人民公园,青羊区,景区,7540,8162,8136
2026-02-08,白鹭湾湿地公园,锦江区,广场,2523,2309,2282
2026-02-08,青龙湖湿地公园,龙泉驿区,广场,1365,1372,1388
2026-02-08,海滨公园,成华区,广场,1561,1437,1384
2026-02-08,驿马河公园,龙泉驿区,广场,647,749,619
2026-02-08,锦江体育公园,锦江区,广场,1490,1408,1388
2026-02-08,杉板桥公园,成华区,景区,2666,2492,2341
2026-02-08,老成都民俗公园(人民南路四段),武侯区,广场,1486,1604,1546
2026-02-08,黄龙溪古镇,双流区,景区,2490,2643,2450
2026-02-08,凤凰山公园,金牛区,广场,1798,1656,1637
2026-02-08,洛带古镇,龙泉驿区,景区,1976,1960,1869
2026-02-08,金泉运动公园,金牛区,广场,1218,1144,1159
2026-02-08,易园园林博物馆,金牛区,景区,2000,1909,1913
2026-02-08,棠湖公园,双流区,广场,997,974,875
2026-02-08,鲁家滩湿地公园,温江区,广场,420,515,417
2026-02-08,黄忠公园,金牛区,广场,1308,1404,1371
2026-02-08,百花潭公园,青羊区,广场,2374,2723,2834
2026-02-08,彭镇古镇,双流区,景区,1457,1381,1218
2026-02-08,浣花溪公园,青羊区,广场,2689,3350,3374
2026-02-08,天府公园,双流区,广场,890,989,740
2026-02-08,熊猫小镇红豆古树公园,成华区,广场,1244,1262,1231
2026-02-08,金牛公园,金牛区,广场,1454,1396,1378
2026-02-08,南岸公园,双流区,广场,694,793,664
2026-02-08,望江楼公园,武侯区,广场,3360,3015,2809
2026-02-08,成都青羊绿舟文化产业园区,青羊区,公园,1096,1005,980
2026-02-08,万花公园,青羊区,广场,1535,1396,1350
2026-02-08,天府艺术公园,金牛区,广场,2657,2461,2408
2026-02-08,桂溪生态公园,武侯区,广场,2377,2623,2419
2026-02-08,国宾蜀园,金牛区,公园,769,846,831
2026-02-08,江安河公园,双流区,广场,802,1014,895
2026-02-08,兴隆湖湿地公园,双流区,景区,1627,1483,1336
2026-02-08,青羊宫,青羊区,景区,5493,5798,5769
2026-02-08,玉石湿地公园,龙泉驿区,广场,834,980,882
2026-02-08,温江公园,温江区,广场,727,696,574
2026-02-08,东安湖公园,龙泉驿区,广场,948,1282,1194
2026-02-08,中环晓院,武侯区,公园,1122,1119,1154
2026-02-08,南湖公园,双流区,广场,684,801,707
2026-02-08,洛水湿地公园,龙泉驿区,广场,750,753,625
2026-02-08,武侯体育公园,武侯区,广场,1748,1591,1545
2026-02-08,天府芙蓉园,武侯区,景区,2782,3589,3481
2026-02-09,成都青羊绿舟文化产业园区,青羊区,公园,971,829,892
2026-02-09,洛水湿地公园,龙泉驿区,广场,682,576,551
2026-02-09,金沙滨河公园,青羊区,广场,1869,1733,1859
2026-02-09,二仙桥公园,成华区,广场,1130,1216,1197
2026-02-09,老成都民俗公园(人民南路四段),武侯区,广场,1456,1348,1312
2026-02-09,青龙湖湿地公园,龙泉驿区,广场,1024,1024,1142
2026-02-09,国宾蜀园,金牛区,公园,591,691,667
2026-02-09,龙潭新区公园,成华区,广场,864,1060,1025
2026-02-09,天府芙蓉园,武侯区,景区,2952,3064,3031
2026-02-09,双桂公园,成华区,广场,1007,1221,1200
2026-02-09,凤凰山公园,金牛区,广场,1198,1479,1596
2026-02-09,黄忠公园,金牛区,广场,1092,1142,1106
2026-02-09,北湖生态公园,成华区,广场,1540,1812,1934
2026-02-09,东安湖公园,龙泉驿区,广场,1006,1036,1010
2026-02-09,人民公园,青羊区,景区,7462,6781,6644
2026-02-09,桂溪生态公园,武侯区,广场,2112,2157,2201
2026-02-09,天府艺术公园,金牛区,广场,2164,2145,2104
2026-02-09,南岸公园,双流区,广场,535,626,606
2026-02-09,白鹭湾湿地公园,锦江区,广场,2078,2078,2070
2026-02-09,黄龙溪古镇,双流区,景区,2545,2275,2328
2026-02-09,百花潭公园,青羊区,广场,2565,2548,2487
2026-02-09,万花公园,青羊区,广场,1201,1131,1179
2026-02-09,望江楼公园,武侯区,广场,2890,2467,2500
2026-02-09,wood park滑板运动公园(交子店),武侯区,公园,665,813,778
2026-02-09,成华公园,成华区,广场,1350,1192,1139
2026-02-09,棠湖公园,双流区,广场,822,779,742
2026-02-09,沙河东篱翠湖公园,锦江区,广场,1519,1477,1451
2026-02-09,彭镇古镇,双流区,景区,1152,1123,1121
2026-02-09,塔子山公园,锦江区,广场,2398,1984,1973
2026-02-09,武侯体育公园,武侯区,广场,1109,1340,1331
2026-02-09,大慈寺,锦江区,景区,5858,5475,5631
2026-02-09,杉板桥公园,成华区,景区,2529,2331,2200
2026-02-09,温江公园,温江区,广场,474,514,484
2026-02-09,文化公园,青羊区,广场,2370,2646,2612
2026-02-09,易园园林博物馆,金牛区,景区,1606,1630,1519
2026-02-09,浣花溪公园,青羊区,广场,2808,2844,2788
2026-02-09,驿马河公园,龙泉驿区,广场,514,571,547
2026-02-09,天府公园,双流区,广场,881,712,713
2026-02-09,熊猫小镇红豆古树公园,成华区,广场,1109,1051,1046
2026-02-09,北湖凝萃公园,金牛区,广场,1152,1165,1132
2026-02-09,中环晓院,武侯区,公园,1071,958,910
2026-02-09,金牛公园,金牛区,广场,1261,1140,1109
2026-02-09,活水公园,锦江区,广场,2310,2178,2221
2026-02-09,圣灯公园,成华区,景区,1620,1729,1693
2026-02-09,金泉运动公园,金牛区,广场,833,916,970
2026-02-09,鲁家滩湿地公园,温江区,广场,433,360,342
2026-02-09,海滨公园,成华区,广场,1396,1255,1214
2026-02-09,海斯凯体育公园,青羊区,广场,1537,1350,1417
2026-02-09,洛带古镇,龙泉驿区,景区,1450,1595,1764
2026-02-09,青羊宫,青羊区,景区,5526,5340,5370
2026-02-09,玉石湿地公园,龙泉驿区,广场,692,778,768
2026-02-09,南湖公园,双流区,广场,665,606,604
2026-02-09,新华公园,成华区,广场,1762,1513,1547
2026-02-09,江安河公园,双流区,广场,877,820,778
2026-02-09,龙泉山城市森林公园,龙泉驿区,广场,523,621,537
2026-02-09,锦江体育公园,锦江区,广场,1413,1184,1191
2026-02-09,中和湿地公园,双流区,广场,904,786,776
2026-02-09,兴隆湖湿地公园,双流区,景区,1292,1318,1279
2026-02-10,南湖公园,双流区,广场,735,702,714
2026-02-10,易园园林博物馆,金牛区,景区,1663,1865,1764
2026-02-10,人民公园,青羊区,景区,7269,7598,7760
2026-02-10,圣灯公园,成华区,景区,2267,1985,1939
2026-02-10,南岸公园,双流区,广场,634,737,716
2026-02-10,武侯体育公园,武侯区,广场,1618,1510,1491
2026-02-10,青羊宫,青羊区,景区,5059,5746,5824
2026-02-10,棠湖公园,双流区,广场,967,879,867
2026-02-10,金泉运动公园,金牛区,广场,1033,1004,1092
2026-02-10,驿马河公园,龙泉驿区,广场,697,686,658
2026-02-10,龙潭新区公园,成华区,广场,1160,1195,1172
2026-02-10,兴隆湖湿地公园,双流区,景区,1325,1494,1456
2026-02-10,塔子山公园,锦江区,广场,2158,2175,2231
2026-02-10,新华公园,成华区,广场,1622,1695,1698
2026-02-10,二仙桥公园,成华区,广场,1214,1383,1359
2026-02-10,wood park滑板运动公园(交子店),武侯区,公园,889,925,909
2026-02-10,百花潭公园,青羊区,广场,2524,2790,2842
2026-02-10,天府芙蓉园,武侯区,景区,3739,3347,3281
2026-02-10,黄龙溪古镇,双流区,景区,2062,2552,2597
2026-02-10,锦江体育公园,锦江区,广场,1202,1351,1355
2026-02-10,中环晓院,武侯区,公园,1129,1115,1079
2026-02-10,双桂公园,成华区,广场,1382,1396,1368
2026-02-10,东安湖公园,龙泉驿区,广场,1013,1195,1153
2026-02-10,黄忠公园,金牛区,广场,1416,1294,1257
2026-02-10,文化公园,青羊区,广场,2679,2722,2838
2026-02-10,活水公园,锦江区,广场,2305,2274,2454
2026-02-10,龙泉山城市森林公园,龙泉驿区,广场,590,708,673
2026-02-10,温江公园,温江区,广场,661,611,594
2026-02-10,北湖生态公园,成华区,广场,2420,2062,2121
2026-02-10,老成都民俗公园(人民南路四段),武侯区,广场,1774,1501,1485
2026-02-10,金沙滨河公园,青羊区,广场,1778,1917,2071
2026-02-10,洛带古镇,龙泉驿区,景区,1624,1910,2043
2026-02-10,国宾蜀园,金牛区,公园,664,780,788
2026-02-10,熊猫小镇红豆古树公园,成华区,广场,1240,1168,1172
2026-02-10,万花公园,青羊区,广场,1537,1268,1345
2026-02-10,中和湿地公园,双流区,广场,951,875,901
2026-02-10,彭镇古镇,双流区,景区,1360,1303,1279
2026-02-10,海滨公园,成华区,广场,1202,1415,1382
2026-02-10,江安河公园,双流区,广场,898,918,904
2026-02-10,天府公园,双流区,广场,836,899,845
2026-02-10,玉石湿地公园,龙泉驿区,广场,871,879,903
2026-02-10,北湖凝萃公园,金牛区,广场,1137,1320,1283
2026-02-10,浣花溪公园,青羊区,广场,2927,3080,3147
2026-02-10,鲁家滩湿地公园,温江区,广场,468,468,441
2026-02-10,杉板桥公园,成华区,景区,2268,2549,2436
2026-02-10,大慈寺,锦江区,景区,7663,6344,6462
2026-02-10,白鹭湾湿地公园,锦江区,广场,2272,2266,2248
2026-02-10,成都青羊绿舟文化产业园区,青羊区,公园,1033,996,1052
2026-02-10,金牛公园,金牛区,广场,1399,1281,1261
2026-02-10,成华公园,成华区,广场,1410,1283,1364
2026-02-10,海斯凯体育公园,青羊区,广场,1795,1573,1611
2026-02-10,沙河东篱翠湖公园,锦江区,广场,1549,1641,1633
2026-02-10,洛水湿地公园,龙泉驿区,广场,800,688,671
2026-02-10,桂溪生态公园,武侯区,广场,2337,2375,2465
2026-02-10,青龙湖湿地公园,龙泉驿区,广场,1191,1172,1313
2026-02-10,天府艺术公园,金牛区,广场,2376,2363,2345
2026-02-10,望江楼公园,武侯区,广场,2877,2652,2717
2026-02-10,凤凰山公园,金牛区,广场,1926,1576,1723
2026-02-11,温江公园,温江区,广场,662,612,612
2026-02-11,桂溪生态公园,武侯区,广场,2180,2359,2503
2026-02-11,天府公园,双流区,广场,975,899,879
2026-02-11,金泉运动公园,金牛区,广场,1070,1023,1103
2026-02-11,海滨公园,成华区,广场,1595,1402,1391
2026-02-11,彭镇古镇,双流区,景区,1177,1283,1292
2026-02-11,洛水湿地公园,龙泉驿区,广场,653,687,688
2026-02-11,龙泉山城市森林公园,龙泉驿区,广场,815,705,703
2026-02-11,新华公园,成华区,广场,1970,1734,1744
2026-02-11,活水公园,锦江区,广场,2388,2321,2513
2026-02-11,龙潭新区公园,成华区,广场,1033,1159,1188
2026-02-11,中环晓院,武侯区,公园,1226,1082,1065
2026-02-11,武侯体育公园,武侯区,广场,1358,1504,1505
2026-02-11,北湖凝萃公园,金牛区,广场,1354,1339,1293
2026-02-11,人民公园,青羊区,景区,6594,8781,8421
2026-02-11,浣花溪公园,青羊区,广场,2792,3135,3169
2026-02-11,文化公园,青羊区,广场,3155,2788,2910
2026-02-11,鲁家滩湿地公园,温江区,广场,547,467,457
2026-02-11,南岸公园,双流区,广场,853,715,734
2026-02-11,海斯凯体育公园,青羊区,广场,1563,1563,1606
2026-02-11,杉板桥公园,成华区,景区,2262,2536,2513
2026-02-11,金牛公园,金牛区,广场,1508,1303,1266
2026-02-11,凤凰山公园,金牛区,广场,1573,1591,1758
2026-02-11,玉石湿地公园,龙泉驿区,广场,941,877,920
2026-02-11,熊猫小镇红豆古树公园,成华区,广场,1095,1146,1193
2026-02-11,圣灯公园,成华区,景区,1955,1979,1948
2026-02-11,青龙湖湿地公园,龙泉驿区,广场,1314,1207,1354
2026-02-11,易园园林博物馆,金牛区,景区,1885,1886,1774
2026-02-11,黄龙溪古镇,双流区,景区,2628,2695,2617
2026-02-11,wood park滑板运动公园(交子店),武侯区,公园,933,918,918
2026-02-11,成华公园,成华区,广场,1221,1285,1414
2026-02-11,棠湖公园,双流区,广场,852,856,884
2026-02-11,黄忠公园,金牛区,广场,1237,1313,1271
2026-02-11,望江楼公园,武侯区,广场,2392,2706,2758
2026-02-11,东安湖公园,龙泉驿区,广场,1049,1204,1189
2026-02-11,锦江体育公园,锦江区,广场,1367,1370,1365
2026-02-11,双桂公园,成华区,广场,1361,1362,1373
2026-02-11,成都青羊绿舟文化产业园区,青羊区,公园,1047,994,1039
2026-02-11,白鹭湾湿地公园,锦江区,广场,1983,2264,2274
2026-02-11,老成都民俗公园(人民南路四段),武侯区,广场,1628,1502,1484
2026-02-11,百花潭公园,青羊区,广场,2621,2905,2865
2026-02-11,天府芙蓉园,武侯区,景区,3268,3396,3379
2026-02-11,青羊宫,青羊区,景区,6850,5862,6038
2026-02-11,塔子山公园,锦江区,广场,2165,2249,2258
2026-02-11,金沙滨河公园,青羊区,广场,1784,1915,2085
2026-02-11,天府艺术公园,金牛区,广场,2850,2408,2384
2026-02-11,国宾蜀园,金牛区,公园,957,797,793
2026-02-11,二仙桥公园,成华区,广场,1336,1375,1364
2026-02-11,驿马河公园,龙泉驿区,广场,582,684,675
2026-02-11,洛带古镇,龙泉驿区,景区,2127,1933,2064
2026-02-11,万花公园,青羊区,广场,1148,1287,1341
2026-02-11,江安河公园,双流区,广场,810,892,921
2026-02-11,兴隆湖湿地公园,双流区,景区,1428,1495,1483
2026-02-11,大慈寺,锦江区,景区,5510,6984,6807
2026-02-11,北湖生态公园,成华区,广场,1710,2075,2168
2026-02-11,中和湿地公园,双流区,广场,1089,862,922
2026-02-11,沙河东篱翠湖公园,锦江区,广场,1784,1654,1644
2026-02-11,南湖公园,双流区,广场,603,680,731
2026-02-12,易园园林博物馆,金牛区,景区,2221,1835,1788
2026-02-12,东安湖公园,龙泉驿区,广场,1200,1194,1146
2026-02-12,温江公园,温江区,广场,613,567,582
2026-02-12,海滨公园,成华区,广场,1262,1354,1365
2026-02-12,中环晓院,武侯区,公园,1297,1101,1051
2026-02-12,天府公园,双流区,广场,1041,862,790
2026-02-12,新华公园,成华区,广场,1984,1703,1723
2026-02-12,塔子山公园,锦江区,广场,2516,2280,2256
2026-02-12,大慈寺,锦江区,景区,7787,6741,7255
2026-02-12,万花公园,青羊区,广场,1459,1253,1304
2026-02-12,二仙桥公园,成华区,广场,1517,1369,1344
2026-02-12,白鹭湾湿地公园,锦江区,广场,2329,2265,2296
2026-02-12,青羊宫,青羊区,景区,6525,5963,5970
2026-02-12,棠湖公园,双流区,广场,913,829,866
2026-02-12,望江楼公园,武侯区,广场,2311,2723,2875
2026-02-12,活水公园,锦江区,广场,2956,2440,2551
2026-02-12,龙泉山城市森林公园,龙泉驿区,广场,716,667,600
2026-02-12,凤凰山公园,金牛区,广场,1505,1575,1679
2026-02-12,玉石湿地公园,龙泉驿区,广场,809,852,911
2026-02-12,青龙湖湿地公园,龙泉驿区,广场,1256,1210,1309
2026-02-12,海斯凯体育公园,青羊区,广场,1323,1551,1596
2026-02-12,北湖生态公园,成华区,广场,1825,2049,2128
2026-02-12,驿马河公园,龙泉驿区,广场,796,656,647
2026-02-12,天府芙蓉园,武侯区,景区,2678,3307,3411
2026-02-12,双桂公园,成华区,广场,1295,1378,1353
2026-02-12,黄忠公园,金牛区,广场,1364,1303,1256
2026-02-12,百花潭公园,青羊区,广场,2297,2762,2990
2026-02-12,人民公园,青羊区,景区,6803,7917,8288
2026-02-12,桂溪生态公园,武侯区,广场,2014,2388,2505
2026-02-12,沙河东篱翠湖公园,锦江区,广场,1326,1678,1634
2026-02-12,天府艺术公园,金牛区,广场,2179,2413,2384
2026-02-12,南岸公园,双流区,广场,697,682,699
2026-02-12,成华公园,成华区,广场,1410,1272,1309
2026-02-12,兴隆湖湿地公园,双流区,景区,1653,1459,1493
2026-02-12,成都青羊绿舟文化产业园区,青羊区,公园,1019,978,1031
2026-02-12,金沙滨河公园,青羊区,广场,1649,1956,2032
2026-02-12,鲁家滩湿地公园,温江区,广场,521,407,397
2026-02-12,国宾蜀园,金牛区,公园,914,751,742
2026-02-12,中和湿地公园,双流区,广场,884,826,860
2026-02-12,彭镇古镇,双流区,景区,1060,1249,1302
2026-02-12,北湖凝萃公园,金牛区,广场,1578,1321,1278
2026-02-12,浣花溪公园,青羊区,广场,3021,3256,3417
2026-02-12,杉板桥公园,成华区,景区,2333,2481,2590
2026-02-12,熊猫小镇红豆古树公园,成华区,广场,1196,1088,1131
2026-02-12,金牛公园,金牛区,广场,1068,1289,1251
2026-02-12,江安河公园,双流区,广场,1000,860,902
2026-02-12,老成都民俗公园(人民南路四段),武侯区,广场,1624,1510,1464
2026-02-12,wood park滑板运动公园(交子店),武侯区,公园,784,863,877
2026-02-12,黄龙溪古镇,双流区,景区,2257,2642,2676
2026-02-12,洛带古镇,龙泉驿区,景区,1534,1967,2089
2026-02-12,金泉运动公园,金牛区,广场,997,974,1052
2026-02-12,南湖公园,双流区,广场,595,640,685
2026-02-12,锦江体育公园,锦江区,广场,1294,1343,1348
2026-02-12,洛水湿地公园,龙泉驿区,广场,663,649,654
2026-02-12,圣灯公园,成华区,景区,1610,1927,2019
2026-02-12,武侯体育公园,武侯区,广场,1403,1492,1490
2026-02-12,龙潭新区公园,成华区,广场,938,1142,1161
2026-02-12,文化公园,青羊区,广场,3328,2780,2906
2026-02-13,天府艺术公园,金牛区,广场,2838,2942,3030
2026-02-13,龙潭新区公园,成华区,广场,1096,1391,1451
2026-02-13,南岸公园,双流区,广场,839,840,833
2026-02-13,中环晓院,武侯区,公园,1174,1325,1380
2026-02-13,文化公园,青羊区,广场,3626,3542,3667
2026-02-13,白鹭湾湿地公园,锦江区,广场,2633,2773,2808
2026-02-13,成都青羊绿舟文化产业园区,青羊区,公园,1207,1146,1289
2026-02-13,新华公园,成华区,广场,2036,2267,2214
2026-02-13,成华公园,成华区,广场,1426,1697,1630
2026-02-13,玉石湿地公园,龙泉驿区,广场,1116,1062,1105
2026-02-13,老成都民俗公园(人民南路四段),武侯区,广场,1585,1813,1879
2026-02-13,桂溪生态公园,武侯区,广场,3039,2901,3053
2026-02-13,鲁家滩湿地公园,温江区,广场,521,508,456
2026-02-13,望江楼公园,武侯区,广场,3780,3261,3542
2026-02-13,黄龙溪古镇,双流区,景区,2525,3287,3079
2026-02-13,圣灯公园,成华区,景区,2334,2493,2546
2026-02-13,国宾蜀园,金牛区,公园,968,920,1004
2026-02-13,金沙滨河公园,青羊区,广场,2523,2504,2611
2026-02-13,易园园林博物馆,金牛区,景区,1939,2350,2299
2026-02-13,万花公园,青羊区,广场,1778,1555,1656
2026-02-13,浣花溪公园,青羊区,广场,4011,3892,4105
2026-02-13,武侯体育公园,武侯区,广场,1565,1834,1907
2026-02-13,北湖凝萃公园,金牛区,广场,1738,1594,1646
2026-02-13,大慈寺,锦江区,景区,7167,8060,8666
2026-02-13,中和湿地公园,双流区,广场,1078,1075,1167
2026-02-13,海滨公园,成华区,广场,1360,1699,1775
2026-02-13,沙河东篱翠湖公园,锦江区,广场,1858,1959,2039
2026-02-13,龙泉山城市森林公园,龙泉驿区,广场,699,772,727
2026-02-13,天府公园,双流区,广场,910,949,980
2026-02-13,青龙湖湿地公园,龙泉驿区,广场,1747,1529,1706
2026-02-13,海斯凯体育公园,青羊区,广场,2025,1844,2037
2026-02-13,洛水湿地公园,龙泉驿区,广场,956,809,793
2026-02-13,兴隆湖湿地公园,双流区,景区,1568,1761,1742
2026-02-13,二仙桥公园,成华区,广场,1938,1654,1736
2026-02-13,驿马河公园,龙泉驿区,广场,921,816,786
2026-02-13,温江公园,温江区,广场,732,725,705
2026-02-13,天府芙蓉园,武侯区,景区,3924,4168,4330
2026-02-13,江安河公园,双流区,广场,1122,1076,1104
2026-02-13,南湖公园,双流区,广场,716,831,862
2026-02-13,青羊宫,青羊区,景区,6687,7799,8250
2026-02-13,彭镇古镇,双流区,景区,1772,1616,1557
2026-02-13,金牛公园,金牛区,广场,1827,1548,1601
2026-02-13,塔子山公园,锦江区,广场,2736,2735,2984
2026-02-13,棠湖公园,双流区,广场,918,1037,1067
2026-02-13,洛带古镇,龙泉驿区,景区,2477,2307,2446
2026-02-13,黄忠公园,金牛区,广场,1434,1559,1624
2026-02-13,锦江体育公园,锦江区,广场,1606,1678,1752
2026-02-13,活水公园,锦江区,广场,3378,3074,3130
2026-02-13,百花潭公园,青羊区,广场,3807,3547,3432
2026-02-13,金泉运动公园,金牛区,广场,1210,1237,1345
2026-02-13,人民公园,青羊区,景区,10403,9563,10311
2026-02-13,凤凰山公园,金牛区,广场,2277,1989,2095
2026-02-13,熊猫小镇红豆古树公园,成华区,广场,1378,1373,1462
2026-02-13,北湖生态公园,成华区,广场,1969,2618,2655
2026-02-13,东安湖公园,龙泉驿区,广场,1313,1398,1433
2026-02-13,杉板桥公园,成华区,景区,3094,3125,3153
2026-02-13,双桂公园,成华区,广场,1933,1633,1755
2026-02-13,wood park滑板运动公园(交子店),武侯区,公园,1110,1093,1158
2026-02-14,海斯凯体育公园,青羊区,广场,2396,2855,2983
2026-02-14,黄龙溪古镇,双流区,景区,4223,4502,4216
2026-02-14,浣花溪公园,青羊区,广场,4875,5574,5629
2026-02-14,江安河公园,双流区,广场,1363,1653,1634
2026-02-14,新华公园,成华区,广场,2874,3329,3322
2026-02-14,龙潭新区公园,成华区,广场,1465,2038,2095
2026-02-14,彭镇古镇,双流区,景区,1959,2409,2130
2026-02-14,塔子山公园,锦江区,广场,4215,4205,4270
2026-02-14,洛水湿地公园,龙泉驿区,广场,1313,1309,1196
2026-02-14,兴隆湖湿地公园,双流区,景区,1939,2666,2403
2026-02-14,南湖公园,双流区,广场,1227,1332,1317
2026-02-14,青羊宫,青羊区,景区,9954,11537,11437
2026-02-14,棠湖公园,双流区,广场,1428,1603,1614
2026-02-14,百花潭公园,青羊区,广场,4104,5096,5184
2026-02-14,人民公园,青羊区,景区,11437,13588,14671
2026-02-14,天府公园,双流区,广场,1327,1463,1523
2026-02-14,北湖生态公园,成华区,广场,3952,3765,3666
2026-02-14,南岸公园,双流区,广场,908,1300,1264
2026-02-14,成都青羊绿舟文化产业园区,青羊区,公园,1480,1833,1767
2026-02-14,文化公园,青羊区,广场,4586,5603,5503
2026-02-14,金沙滨河公园,青羊区,广场,4180,3898,3810
2026-02-14,万花公园,青羊区,广场,2493,2404,2326
2026-02-14,龙泉山城市森林公园,龙泉驿区,广场,1032,1356,1207
2026-02-14,大慈寺,锦江区,景区,11095,13336,12921
2026-02-14,中和湿地公园,双流区,广场,1504,1781,1792
2026-02-14,青龙湖湿地公园,龙泉驿区,广场,2120,2497,2417
2026-02-14,东安湖公园,龙泉驿区,广场,1791,2309,2071
2026-02-14,洛带古镇,龙泉驿区,景区,2980,3516,3260
2026-02-14,活水公园,锦江区,广场,4497,4906,4708
2026-02-14,北湖凝萃公园,金牛区,广场,2390,2508,2486
2026-02-14,杉板桥公园,成华区,景区,4727,4332,4310
2026-02-14,桂溪生态公园,武侯区,广场,4815,4454,4196
2026-02-14,中环晓院,武侯区,公园,1779,2209,2096
2026-02-14,易园园林博物馆,金牛区,景区,3174,3649,3396
2026-02-14,金牛公园,金牛区,广场,2686,2474,2445
2026-02-14,熊猫小镇红豆古树公园,成华区,广场,1922,2168,2084
2026-02-14,凤凰山公园,金牛区,广场,3007,3241,2965
2026-02-14,武侯体育公园,武侯区,广场,2747,2743,2780
2026-02-14,wood park滑板运动公园(交子店),武侯区,公园,1522,1809,1646
2026-02-14,鲁家滩湿地公园,温江区,广场,651,887,803
2026-02-14,国宾蜀园,金牛区,公园,1478,1643,1470
2026-02-14,老成都民俗公园(人民南路四段),武侯区,广场,2570,2846,2784
2026-02-14,天府芙蓉园,武侯区,景区,4764,6192,5994
2026-02-14,黄忠公园,金牛区,广场,2101,2491,2464
2026-02-14,二仙桥公园,成华区,广场,2809,2580,2594
2026-02-14,金泉运动公园,金牛区,广场,1476,2007,1956
2026-02-14,望江楼公园,武侯区,广场,3905,4853,5002
2026-02-14,天府艺术公园,金牛区,广场,3427,4365,4315
2026-02-14,沙河东篱翠湖公园,锦江区,广场,2548,2972,2968
2026-02-14,成华公园,成华区,广场,2539,2670,2604
2026-02-14,圣灯公园,成华区,景区,3678,3797,3593
2026-02-14,锦江体育公园,锦江区,广场,2136,2580,2568
2026-02-14,双桂公园,成华区,广场,2547,2592,2614
2026-02-14,温江公园,温江区,广场,1007,1201,1108
2026-02-14,白鹭湾湿地公园,锦江区,广场,3849,4075,3866
2026-02-14,海滨公园,成华区,广场,2482,2506,2557
2026-02-14,玉石湿地公园,龙泉驿区,广场,1396,1676,1630
2026-02-14,驿马河公园,龙泉驿区,广场,927,1317,1200
2026-02-15,老成都民俗公园(人民南路四段),武侯区,广场,3076,2890,2763
2026-02-15,驿马河公园,龙泉驿区,广场,1175,1277,1177
2026-02-15,双桂公园,成华区,广场,2381,2646,2586
2026-02-15,成都青羊绿舟文化产业园区,青羊区,公园,1292,1731,1772
2026-02-15,二仙桥公园,成华区,广场,1797,2618,2574
2026-02-15,龙潭新区公园,成华区,广场,1930,1998,2024
2026-02-15,文化公园,青羊区,广场,5000,5228,5158
2026-02-15,国宾蜀园,金牛区,公园,1446,1641,1509
2026-02-15,彭镇古镇,双流区,景区,1724,2330,2087
2026-02-15,活水公园,锦江区,广场,4857,4729,4534
2026-02-15,南岸公园,双流区,广场,1246,1316,1258
2026-02-15,鲁家滩湿地公园,温江区,广场,813,841,750
2026-02-15,洛带古镇,龙泉驿区,景区,3444,3253,3036
2026-02-15,圣灯公园,成华区,景区,2993,3624,3496
2026-02-15,新华公园,成华区,广场,3328,3503,3378
2026-02-15,沙河东篱翠湖公园,锦江区,广场,2526,3004,2938
2026-02-15,成华公园,成华区,广场,1955,2764,2548
2026-02-15,金沙滨河公园,青羊区,广场,3875,3827,3704
2026-02-15,中和湿地公园,双流区,广场,1283,1780,1829
2026-02-15,塔子山公园,锦江区,广场,4140,4164,4313
2026-02-15,北湖凝萃公园,金牛区,广场,1853,2521,2467
2026-02-15,wood park滑板运动公园(交子店),武侯区,公园,1402,1828,1704
2026-02-15,北湖生态公园,成华区,广场,3908,3754,3715
2026-02-15,杉板桥公园,成华区,景区,4041,4231,4195
2026-02-15,龙泉山城市森林公园,龙泉驿区,广场,888,1159,1168
2026-02-15,江安河公园,双流区,广场,1704,1645,1594
2026-02-15,金牛公园,金牛区,广场,2619,2505,2426
2026-02-15,锦江体育公园,锦江区,广场,1874,2521,2535
2026-02-15,熊猫小镇红豆古树公园,成华区,广场,1746,2161,2084
2026-02-15,人民公园,青羊区,景区,14031,13028,14334
2026-02-15,海斯凯体育公园,青羊区,广场,3107,2830,2916
2026-02-15,浣花溪公园,青羊区,广场,4786,5692,5892
2026-02-15,南湖公园,双流区,广场,1209,1361,1318
2026-02-15,武侯体育公园,武侯区,广场,2705,2782,2750
2026-02-15,青龙湖湿地公园,龙泉驿区,广场,2564,2377,2423
2026-02-15,中环晓院,武侯区,公园,1887,2235,2158
2026-02-15,大慈寺,锦江区,景区,11352,12067,12582
2026-02-15,金泉运动公园,金牛区,广场,1950,2010,1904
2026-02-15,黄龙溪古镇,双流区,景区,4438,4566,4050
2026-02-15,海滨公园,成华区,广场,1998,2532,2551
2026-02-15,万花公园,青羊区,广场,2405,2359,2275
2026-02-15,白鹭湾湿地公园,锦江区,广场,3329,3984,3855
2026-02-15,天府公园,双流区,广场,1553,1437,1527
2026-02-15,望江楼公园,武侯区,广场,4015,5091,5044
2026-02-15,洛水湿地公园,龙泉驿区,广场,1001,1266,1151
2026-02-15,玉石湿地公园,龙泉驿区,广场,1611,1611,1566
2026-02-15,天府芙蓉园,武侯区,景区,4403,6181,5941
2026-02-15,兴隆湖湿地公园,双流区,景区,2572,2539,2366
2026-02-15,青羊宫,青羊区,景区,11198,11232,11100
2026-02-15,凤凰山公园,金牛区,广场,2743,3204,2875
2026-02-15,温江公园,温江区,广场,1291,1209,1098
2026-02-15,百花潭公园,青羊区,广场,5020,5009,4833
2026-02-15,黄忠公园,金牛区,广场,1775,2500,2438
2026-02-15,棠湖公园,双流区,广场,1502,1595,1558
2026-02-15,东安湖公园,龙泉驿区,广场,1932,2119,2130
2026-02-15,桂溪生态公园,武侯区,广场,3982,4273,4248
2026-02-15,天府艺术公园,金牛区,广场,4312,4365,4360
2026-02-15,易园园林博物馆,金牛区,景区,3376,3477,3300
2026-02-16,沙河东篱翠湖公园,锦江区,广场,2298,1989,2041
2026-02-16,成华公园,成华区,广场,1780,1669,1697
2026-02-16,凤凰山公园,金牛区,广场,1788,2158,2056
2026-02-16,天府艺术公园,金牛区,广场,2511,2893,2954
2026-02-16,北湖生态公园,成华区,广场,2493,2567,2594
2026-02-16,人民公园,青羊区,景区,9480,10086,10300
2026-02-16,天府公园,双流区,广场,1088,989,941
2026-02-16,龙泉山城市森林公园,龙泉驿区,广场,887,777,746
2026-02-16,玉石湿地公园,龙泉驿区,广场,831,1057,1144
2026-02-16,文化公园,青羊区,广场,3972,3450,3833
2026-02-16,双桂公园,成华区,广场,1782,1688,1771
2026-02-16,温江公园,温江区,广场,802,751,742
2026-02-16,驿马河公园,龙泉驿区,广场,928,823,825
2026-02-16,望江楼公园,武侯区,广场,3502,3195,3501
2026-02-16,东安湖公园,龙泉驿区,广场,1374,1357,1395
2026-02-16,万花公园,青羊区,广场,1763,1576,1627
2026-02-16,金沙滨河公园,青羊区,广场,2333,2532,2557
2026-02-16,杉板桥公园,成华区,景区,2665,3165,3135
2026-02-16,黄龙溪古镇,双流区,景区,2459,3263,3016
2026-02-16,南岸公园,双流区,广场,853,867,870
2026-02-16,桂溪生态公园,武侯区,广场,3021,2767,3031
2026-02-16,黄忠公园,金牛区,广场,1741,1607,1633
2026-02-16,鲁家滩湿地公园,温江区,广场,566,526,494
2026-02-16,成都青羊绿舟文化产业园区,青羊区,公园,1293,1128,1252
2026-02-16,百花潭公园,青羊区,广场,3269,3434,3566
2026-02-16,兴隆湖湿地公园,双流区,景区,1682,1827,1767
2026-02-16,天府芙蓉园,武侯区,景区,4204,4316,4282
2026-02-16,洛水湿地公园,龙泉驿区,广场,768,810,832
2026-02-16,国宾蜀园,金牛区,公园,951,957,997
2026-02-16,金泉运动公园,金牛区,广场,1114,1282,1357
2026-02-16,彭镇古镇,双流区,景区,1673,1668,1608
2026-02-16,南湖公园,双流区,广场,959,857,898
2026-02-16,浣花溪公园,青羊区,广场,4190,3675,4038
2026-02-16,wood park滑板运动公园(交子店),武侯区,公园,1279,1140,1152
2026-02-16,熊猫小镇红豆古树公园,成华区,广场,1553,1420,1483
2026-02-16,武侯体育公园,武侯区,广场,1594,1873,1908
2026-02-16,易园园林博物馆,金牛区,景区,2652,2442,2322
2026-02-16,金牛公园,金牛区,广场,1374,1610,1619
2026-02-16,江安河公园,双流区,广场,925,1091,1140
2026-02-16,海斯凯体育公园,青羊区,广场,1846,1876,2017
2026-02-16,中环晓院,武侯区,公园,1273,1366,1377
2026-02-16,青羊宫,青羊区,景区,6081,7488,7993
2026-02-16,棠湖公园,双流区,广场,1199,1052,1104
2026-02-16,北湖凝萃公园,金牛区,广场,1387,1636,1648
2026-02-16,中和湿地公园,双流区,广场,1113,1110,1188
2026-02-16,龙潭新区公园,成华区,广场,1253,1367,1449
2026-02-16,老成都民俗公园(人民南路四段),武侯区,广场,1450,1866,1891
2026-02-16,大慈寺,锦江区,景区,8844,8048,8398
2026-02-16,海滨公园,成华区,广场,1956,1734,1787
2026-02-16,白鹭湾湿地公园,锦江区,广场,2540,2704,2762
2026-02-16,圣灯公园,成华区,景区,2398,2590,2566
2026-02-16,锦江体育公园,锦江区,广场,1733,1677,1757
2026-02-16,洛带古镇,龙泉驿区,景区,2548,2296,2268
2026-02-16,二仙桥公园,成华区,广场,1671,1703,1757
2026-02-16,活水公园,锦江区,广场,3504,3120,3248
2026-02-16,塔子山公园,锦江区,广场,2362,2717,2904
2026-02-16,青龙湖湿地公园,龙泉驿区,广场,1752,1608,1656
2026-02-16,新华公园,成华区,广场,1846,2213,2238
2026-02-17,兴隆湖湿地公园,双流区,景区,2821,3107,3174
2026-02-17,青羊宫,青羊区,景区,12474,13505,13076
2026-02-17,人民公园,青羊区,景区,21235,16986,17394
2026-02-17,海斯凯体育公园,青羊区,广场,4267,3627,3604
2026-02-17,沙河东篱翠湖公园,锦江区,广场,2929,3865,3655
2026-02-17,wood park滑板运动公园(交子店),武侯区,公园,1951,2180,2030
2026-02-17,温江公园,温江区,广场,1728,1488,1517
2026-02-17,二仙桥公园,成华区,广场,3594,3151,3125
2026-02-17,望江楼公园,武侯区,广场,5659,5519,5700
2026-02-17,金泉运动公园,金牛区,广场,2079,2362,2438
2026-02-17,北湖生态公园,成华区,广场,5791,4408,4464
2026-02-17,洛带古镇,龙泉驿区,景区,5005,4199,4307
2026-02-17,棠湖公园,双流区,广场,2113,2110,2041
2026-02-17,天府艺术公园,金牛区,广场,6044,5195,5151
2026-02-17,鲁家滩湿地公园,温江区,广场,960,1154,1067
2026-02-17,黄龙溪古镇,双流区,景区,5919,5596,5482
2026-02-17,洛水湿地公园,龙泉驿区,广场,1815,1572,1609
2026-02-17,老成都民俗公园(人民南路四段),武侯区,广场,2714,3402,3288
2026-02-17,北湖凝萃公园,金牛区,广场,3007,3058,2969
2026-02-17,彭镇古镇,双流区,景区,2805,2708,2954
2026-02-17,黄忠公园,金牛区,广场,2885,3009,2954
2026-02-17,大慈寺,锦江区,景区,15954,14506,14020
2026-02-17,塔子山公园,锦江区,广场,5505,4937,4869
2026-02-17,中和湿地公园,双流区,广场,1876,2001,2085
2026-02-17,国宾蜀园,金牛区,公园,2404,1874,1776
2026-02-17,中环晓院,武侯区,公园,2751,2665,2524
2026-02-17,玉石湿地公园,龙泉驿区,广场,2155,2051,2087
2026-02-17,白鹭湾湿地公园,锦江区,广场,6533,4638,4608
2026-02-17,金沙滨河公园,青羊区,广场,4456,4742,4454
2026-02-17,天府公园,双流区,广场,2176,2013,1970
2026-02-17,易园园林博物馆,金牛区,景区,4002,4281,4333
2026-02-17,杉板桥公园,成华区,景区,5426,6012,5653
2026-02-17,凤凰山公园,金牛区,广场,3295,3655,3467
2026-02-17,浣花溪公园,青羊区,广场,7544,6579,6395
2026-02-17,成都青羊绿舟文化产业园区,青羊区,公园,2681,2307,2248
2026-02-17,天府芙蓉园,武侯区,景区,8152,7207,7289
2026-02-17,成华公园,成华区,广场,3388,3374,3351
2026-02-17,百花潭公园,青羊区,广场,7067,6232,6364
2026-02-17,熊猫小镇红豆古树公园,成华区,广场,2254,2520,2632
2026-02-17,南湖公园,双流区,广场,1547,1813,1741
2026-02-17,新华公园,成华区,广场,4415,4013,3730
2026-02-17,龙泉山城市森林公园,龙泉驿区,广场,2106,1512,1431
2026-02-17,江安河公园,双流区,广场,2293,2147,2116
2026-02-17,南岸公园,双流区,广场,1794,1709,1689
2026-02-17,青龙湖湿地公园,龙泉驿区,广场,2696,2725,2769
2026-02-17,海滨公园,成华区,广场,3816,3034,3036
2026-02-17,龙潭新区公园,成华区,广场,3146,2660,2699
2026-02-17,圣灯公园,成华区,景区,4816,4578,4574
2026-02-17,桂溪生态公园,武侯区,广场,5676,5315,5193
2026-02-17,万花公园,青羊区,广场,2808,2847,2828
2026-02-17,活水公园,锦江区,广场,4410,5744,6057
2026-02-17,金牛公园,金牛区,广场,2830,3014,2948
2026-02-17,驿马河公园,龙泉驿区,广场,1586,1584,1621
2026-02-17,东安湖公园,龙泉驿区,广场,2629,2707,2531
2026-02-17,锦江体育公园,锦江区,广场,3919,3100,3109
2026-02-17,双桂公园,成华区,广场,3846,3118,3146
2026-02-17,文化公园,青羊区,广场,5842,6404,6880
2026-02-17,武侯体育公园,武侯区,广场,3796,3370,3336
2026-02-18,双桂公园,成华区,广场,2015,2548,2368
2026-02-18,易园园林博物馆,金牛区,景区,3621,3357,3413
2026-02-18,成华公园,成华区,广场,2362,2607,2553
2026-02-18,圣灯公园,成华区,景区,4395,3619,3629
2026-02-18,海滨公园,成华区,广场,1870,2489,2305
2026-02-18,凤凰山公园,金牛区,广场,3128,3052,2591
2026-02-18,活水公园,锦江区,广场,4737,4982,4874
2026-02-18,杉板桥公园,成华区,景区,3622,4646,4483
2026-02-18,浣花溪公园,青羊区,广场,6072,5882,5517
2026-02-18,成都青羊绿舟文化产业园区,青羊区,公园,1612,1921,1727
2026-02-18,万花公园,青羊区,广场,1863,2317,2158
2026-02-18,洛带古镇,龙泉驿区,景区,3183,3486,3742
2026-02-18,金沙滨河公园,青羊区,广场,3380,4081,3429
2026-02-18,彭镇古镇,双流区,景区,1702,2142,2388
2026-02-18,北湖凝萃公园,金牛区,广场,2255,2441,2279
2026-02-18,熊猫小镇红豆古树公园,成华区,广场,1971,2067,2011
2026-02-18,桂溪生态公园,武侯区,广场,3570,4678,4093
2026-02-18,黄忠公园,金牛区,广场,1944,2440,2268
2026-02-18,塔子山公园,锦江区,广场,3561,4282,3722
2026-02-18,大慈寺,锦江区,景区,12340,13670,12363
2026-02-18,龙潭新区公园,成华区,广场,2365,2116,2037
2026-02-18,中和湿地公园,双流区,广场,1781,1648,1521
2026-02-18,国宾蜀园,金牛区,公园,1361,1448,1323
2026-02-18,中环晓院,武侯区,公园,2543,2156,1918
2026-02-18,青龙湖湿地公园,龙泉驿区,广场,2207,2336,2311
2026-02-18,白鹭湾湿地公园,锦江区,广场,4258,4023,3590
2026-02-18,玉石湿地公园,龙泉驿区,广场,1615,1765,1551
2026-02-18,老成都民俗公园(人民南路四段),武侯区,广场,2388,2815,2526
2026-02-18,天府公园,双流区,广场,1706,1603,1555
2026-02-18,东安湖公园,龙泉驿区,广场,2474,2184,1947
2026-02-18,北湖生态公园,成华区,广场,3188,3779,3533
2026-02-18,天府艺术公园,金牛区,广场,4724,4480,4079
2026-02-18,武侯体育公园,武侯区,广场,3045,2763,2598
2026-02-18,兴隆湖湿地公园,双流区,景区,2841,2438,2624
2026-02-18,百花潭公园,青羊区,广场,4146,5606,5327
2026-02-18,洛水湿地公园,龙泉驿区,广场,1409,1301,1228
2026-02-18,棠湖公园,双流区,广场,1402,1725,1470
2026-02-18,江安河公园,双流区,广场,1537,1768,1544
2026-02-18,南湖公园,双流区,广场,1187,1507,1193
2026-02-18,黄龙溪古镇,双流区,景区,4378,4728,4741
2026-02-18,南岸公园,双流区,广场,1014,1399,1262
2026-02-18,新华公园,成华区,广场,3515,3361,2899
2026-02-18,龙泉山城市森林公园,龙泉驿区,广场,1229,1190,1130
2026-02-18,鲁家滩湿地公园,温江区,广场,781,879,750
2026-02-18,沙河东篱翠湖公园,锦江区,广场,2632,3153,2809
2026-02-18,温江公园,温江区,广场,1336,1189,1122
2026-02-18,金牛公园,金牛区,广场,2280,2428,2222
2026-02-18,青羊宫,青羊区,景区,10680,12087,11202
2026-02-18,文化公园,青羊区,广场,6101,5770,5653
2026-02-18,人民公园,青羊区,景区,13357,17315,16031
2026-02-18,锦江体育公园,锦江区,广场,1894,2576,2296
2026-02-18,天府芙蓉园,武侯区,景区,4963,6044,6090
2026-02-18,金泉运动公园,金牛区,广场,2000,1877,1862
2026-02-18,wood park滑板运动公园(交子店),武侯区,公园,1766,1714,1572
2026-02-18,二仙桥公园,成华区,广场,2994,2550,2359
2026-02-18,驿马河公园,龙泉驿区,广场,1050,1292,1224
2026-02-18,海斯凯体育公园,青羊区,广场,2514,3029,2809
2026-02-18,望江楼公园,武侯区,广场,3923,4849,4755
2026-02-19,天府芙蓉园,武侯区,景区,6961,7598,7350
2026-02-19,江安河公园,双流区,广场,1965,2364,2009
2026-02-19,金沙滨河公园,青羊区,广场,4474,5239,4663
2026-02-19,万花公园,青羊区,广场,1970,3280,3008
2026-02-19,兴隆湖湿地公园,双流区,景区,3563,3081,3242
2026-02-19,浣花溪公园,青羊区,广场,8500,7252,7117
2026-02-19,青羊宫,青羊区,景区,9356,13995,13353
2026-02-19,大慈寺,锦江区,景区,15138,15920,15672
2026-02-19,金牛公园,金牛区,广场,2126,3429,3273
2026-02-19,洛带古镇,龙泉驿区,景区,3200,4297,4314
2026-02-19,杉板桥公园,成华区,景区,4653,5881,5954
2026-02-19,百花潭公园,青羊区,广场,6818,6815,6604
2026-02-19,wood park滑板运动公园(交子店),武侯区,公园,1733,2445,2227
2026-02-19,天府公园,双流区,广场,1860,2313,1784
2026-02-19,新华公园,成华区,广场,4371,4289,4205
2026-02-19,武侯体育公园,武侯区,广场,3411,3780,3674
2026-02-19,成华公园,成华区,广场,3501,3611,3447
2026-02-19,沙河东篱翠湖公园,锦江区,广场,3896,4223,3947
2026-02-19,温江公园,温江区,广场,1124,1720,1417
2026-02-19,中环晓院,武侯区,公园,2585,2920,2881
2026-02-19,棠湖公园,双流区,广场,1512,2318,1935
2026-02-19,洛水湿地公园,龙泉驿区,广场,1141,1872,1529
2026-02-19,龙泉山城市森林公园,龙泉驿区,广场,1302,1706,1319
2026-02-19,北湖生态公园,成华区,广场,5590,5051,4739
2026-02-19,天府艺术公园,金牛区,广场,5332,5821,5478
2026-02-19,金泉运动公园,金牛区,广场,2855,2838,2618
2026-02-19,望江楼公园,武侯区,广场,5939,6263,6057
2026-02-19,锦江体育公园,锦江区,广场,2438,3570,3352
2026-02-19,鲁家滩湿地公园,温江区,广场,1108,1387,961
2026-02-19,成都青羊绿舟文化产业园区,青羊区,公园,2142,2415,2303
2026-02-19,东安湖公园,龙泉驿区,广场,2279,2828,2334
2026-02-19,南岸公园,双流区,广场,1404,1920,1555
2026-02-19,南湖公园,双流区,广场,1544,2042,1615
2026-02-19,文化公园,青羊区,广场,4969,6946,6798
2026-02-19,双桂公园,成华区,广场,2974,3566,3477
2026-02-19,圣灯公园,成华区,景区,3812,4603,4818
2026-02-19,活水公园,锦江区,广场,5380,6432,6182
2026-02-19,青龙湖湿地公园,龙泉驿区,广场,2736,3331,3089
2026-02-19,龙潭新区公园,成华区,广场,2472,2879,2659
2026-02-19,桂溪生态公园,武侯区,广场,4899,5772,5406
2026-02-19,驿马河公园,龙泉驿区,广场,1432,1868,1525
2026-02-19,人民公园,青羊区,景区,19264,16879,18715
2026-02-19,海斯凯体育公园,青羊区,广场,3736,4041,3934
2026-02-19,海滨公园,成华区,广场,2532,3481,3307
2026-02-19,彭镇古镇,双流区,景区,3195,2635,2873
2026-02-19,北湖凝萃公园,金牛区,广场,2390,3485,3316
2026-02-19,国宾蜀园,金牛区,公园,2225,2162,1978
2026-02-19,玉石湿地公园,龙泉驿区,广场,2017,2367,1995
2026-02-19,中和湿地公园,双流区,广场,1819,2474,2209
2026-02-19,塔子山公园,锦江区,广场,4787,5445,5133
2026-02-19,白鹭湾湿地公园,锦江区,广场,4015,5172,4940
2026-02-19,黄龙溪古镇,双流区,景区,6454,5399,5501
2026-02-19,黄忠公园,金牛区,广场,2950,3435,3306
2026-02-19,熊猫小镇红豆古树公园,成华区,广场,2555,3020,2777
2026-02-19,易园园林博物馆,金牛区,景区,3187,4335,4580
2026-02-19,二仙桥公园,成华区,广场,2783,3561,3432
2026-02-19,凤凰山公园,金牛区,广场,3872,4165,3594
2026-02-19,老成都民俗公园(人民南路四段),武侯区,广场,3110,3837,3624
2026-02-20,新华公园,成华区,广场,4800,4553,4349
2026-02-20,中环晓院,武侯区,公园,2636,3137,3072
2026-02-20,百花潭公园,青羊区,广场,6515,7946,7072
2026-02-20,凤凰山公园,金牛区,广场,3001,4440,3913
2026-02-20,活水公园,锦江区,广场,6903,7028,6392
2026-02-20,洛带古镇,龙泉驿区,景区,4065,5259,4808
2026-02-20,熊猫小镇红豆古树公园,成华区,广场,3139,3196,2963
2026-02-20,海滨公园,成华区,广场,2747,3705,3518
2026-02-20,大慈寺,锦江区,景区,16126,19274,19226
2026-02-20,浣花溪公园,青羊区,广场,9009,7935,7379
2026-02-20,南岸公园,双流区,广场,1731,2267,1734
2026-02-20,黄忠公园,金牛区,广场,3255,3700,3501
2026-02-20,成都青羊绿舟文化产业园区,青羊区,公园,2339,2826,2476
2026-02-20,棠湖公园,双流区,广场,1722,2667,2117
2026-02-20,老成都民俗公园(人民南路四段),武侯区,广场,3204,4111,3831
2026-02-20,二仙桥公园,成华区,广场,3000,3813,3637
2026-02-20,天府艺术公园,金牛区,广场,6605,6377,5825
2026-02-20,鲁家滩湿地公园,温江区,广场,876,1686,1085
2026-02-20,国宾蜀园,金牛区,公园,2242,2345,2140
2026-02-20,彭镇古镇,双流区,景区,2367,3000,3229
2026-02-20,杉板桥公园,成华区,景区,5312,6461,6626
2026-02-20,金沙滨河公园,青羊区,广场,4076,5741,5040
2026-02-20,天府公园,双流区,广场,2102,2554,2007
2026-02-20,天府芙蓉园,武侯区,景区,8892,8734,8109
2026-02-20,桂溪生态公园,武侯区,广场,6931,6291,5882
2026-02-20,wood park滑板运动公园(交子店),武侯区,公园,2531,2583,2404
2026-02-20,塔子山公园,锦江区,广场,5979,5995,5426
2026-02-20,南湖公园,双流区,广场,2150,2318,1784
2026-02-20,成华公园,成华区,广场,2725,3938,3606
2026-02-20,望江楼公园,武侯区,广场,6880,6936,6388
2026-02-20,洛水湿地公园,龙泉驿区,广场,1331,2237,1731
2026-02-20,白鹭湾湿地公园,锦江区,广场,5988,5622,5255
2026-02-20,玉石湿地公园,龙泉驿区,广场,1643,2703,2206
2026-02-20,驿马河公园,龙泉驿区,广场,1899,2243,1724
2026-02-20,易园园林博物馆,金牛区,景区,4625,4841,4977
2026-02-20,北湖生态公园,成华区,广场,6390,5474,5057
2026-02-20,锦江体育公园,锦江区,广场,2747,3885,3605
2026-02-20,北湖凝萃公园,金牛区,广场,2975,3752,3511
2026-02-20,温江公园,温江区,广场,1537,2065,1589
2026-02-20,金泉运动公园,金牛区,广场,2118,3059,2793
2026-02-20,东安湖公园,龙泉驿区,广场,2306,3260,2642
2026-02-20,青羊宫,青羊区,景区,12115,15355,14441
2026-02-20,武侯体育公园,武侯区,广场,3845,4046,3879
2026-02-20,龙潭新区公园,成华区,广场,2781,3208,2893
2026-02-20,兴隆湖湿地公园,双流区,景区,3029,3372,3588
2026-02-20,万花公园,青羊区,广场,3087,3581,3208
2026-02-20,人民公园,青羊区,景区,24691,18752,22369
2026-02-20,龙泉山城市森林公园,龙泉驿区,广场,1788,2041,1570
2026-02-20,青龙湖湿地公园,龙泉驿区,广场,3838,3521,3304
2026-02-20,金牛公园,金牛区,广场,3963,3694,3467
2026-02-20,黄龙溪古镇,双流区,景区,5605,6363,5952
2026-02-20,圣灯公园,成华区,景区,4508,5077,5222
2026-02-20,江安河公园,双流区,广场,2322,2701,2192
2026-02-20,双桂公园,成华区,广场,3193,3822,3623
2026-02-20,海斯凯体育公园,青羊区,广场,4113,4353,4153
2026-02-20,文化公园,青羊区,广场,5903,8486,7325
2026-02-20,沙河东篱翠湖公园,锦江区,广场,3988,4549,4210
2026-02-20,中和湿地公园,双流区,广场,2390,2697,2395
2026-02-21,沙河东篱翠湖公园,锦江区,广场,6752,6831,6681
2026-02-21,白鹭湾湿地公园,锦江区,广场,6222,9080,8674
2026-02-21,棠湖公园,双流区,广场,3585,3375,3225
2026-02-21,人民公园,青羊区,景区,24888,30084,33001
2026-02-21,天府艺术公园,金牛区,广场,9531,10236,9437
2026-02-21,洛水湿地公园,龙泉驿区,广场,2179,2718,2677
2026-02-21,海斯凯体育公园,青羊区,广场,5158,6511,6497
2026-02-21,望江楼公园,武侯区,广场,8392,11749,10991
2026-02-21,黄龙溪古镇,双流区,景区,9083,9649,9434
2026-02-21,龙潭新区公园,成华区,广场,4109,4415,4282
2026-02-21,海滨公园,成华区,广场,4657,5470,5609
2026-02-21,活水公园,锦江区,广场,10756,10863,10621
2026-02-21,圣灯公园,成华区,景区,6977,7956,8032
2026-02-21,双桂公园,成华区,广场,3679,5780,5700
2026-02-21,文化公园,青羊区,广场,8343,13394,12604
2026-02-21,北湖生态公园,成华区,广场,7427,8181,8308
2026-02-21,东安湖公园,龙泉驿区,广场,4279,4122,4090
2026-02-21,成都青羊绿舟文化产业园区,青羊区,公园,3115,3799,3795
2026-02-21,中环晓院,武侯区,公园,3984,4883,4929
2026-02-21,南湖公园,双流区,广场,2849,2991,2871
2026-02-21,洛带古镇,龙泉驿区,景区,4910,7631,7346
2026-02-21,驿马河公园,龙泉驿区,广场,2717,2757,2681
2026-02-21,武侯体育公园,武侯区,广场,6251,5975,5979
2026-02-21,青龙湖湿地公园,龙泉驿区,广场,3991,5300,5752
2026-02-21,南岸公园,双流区,广场,2995,2760,2782
2026-02-21,凤凰山公园,金牛区,广场,6788,6453,6501
2026-02-21,老成都民俗公园(人民南路四段),武侯区,广场,6037,6186,6123
2026-02-21,玉石湿地公园,龙泉驿区,广场,3586,3571,3240
2026-02-21,金沙滨河公园,青羊区,广场,6792,8047,7978
2026-02-21,新华公园,成华区,广场,6626,7620,8489
2026-02-21,天府芙蓉园,武侯区,景区,10313,12980,12910
2026-02-21,杉板桥公园,成华区,景区,6300,9941,9769
2026-02-21,国宾蜀园,金牛区,公园,2480,3751,3806
2026-02-21,天府公园,双流区,广场,3924,3594,3539
2026-02-21,百花潭公园,青羊区,广场,10276,12808,12836
2026-02-21,彭镇古镇,双流区,景区,4819,5247,5533
2026-02-21,大慈寺,锦江区,景区,25528,26352,28669
2026-02-21,龙泉山城市森林公园,龙泉驿区,广场,3092,2656,2970
2026-02-21,金牛公园,金牛区,广场,5640,5534,5577
2026-02-21,熊猫小镇红豆古树公园,成华区,广场,4667,4683,4847
2026-02-21,万花公园,青羊区,广场,4738,5269,5365
2026-02-21,兴隆湖湿地公园,双流区,景区,5513,5760,6161
2026-02-21,二仙桥公园,成华区,广场,4905,5738,5729
2026-02-21,青羊宫,青羊区,景区,25640,23629,22507
2026-02-21,江安河公园,双流区,广场,4246,3435,3300
2026-02-21,鲁家滩湿地公园,温江区,广场,1754,1982,2026
2026-02-21,桂溪生态公园,武侯区,广场,8137,9886,9524
2026-02-21,锦江体育公园,锦江区,广场,3835,5746,5893
2026-02-21,北湖凝萃公园,金牛区,广场,4135,5604,5647
2026-02-21,黄忠公园,金牛区,广场,4196,5604,5653
2026-02-21,浣花溪公园,青羊区,广场,12476,13132,12274
2026-02-21,温江公园,温江区,广场,2442,2608,2628
2026-02-21,易园园林博物馆,金牛区,景区,7393,7651,7929
2026-02-21,塔子山公园,锦江区,广场,9813,9920,9019
2026-02-21,中和湿地公园,双流区,广场,2976,4121,4366
2026-02-21,wood park滑板运动公园(交子店),武侯区,公园,3237,3948,4105
2026-02-21,成华公园,成华区,广场,4324,6047,5889
2026-02-21,金泉运动公园,金牛区,广场,4173,4642,4767
2026-02-22,兴隆湖湿地公园,双流区,景区,4812,4701,4878
2026-02-22,棠湖公园,双流区,广场,2300,2828,2685
2026-02-22,黄忠公园,金牛区,广场,3574,4854,4676
2026-02-22,青羊宫,青羊区,景区,12515,20839,19662
2026-02-22,金泉运动公园,金牛区,广场,2450,4003,3989
2026-02-22,武侯体育公园,武侯区,广场,3963,5230,5084
2026-02-22,百花潭公园,青羊区,广场,5689,11047,10397
2026-02-22,青龙湖湿地公园,龙泉驿区,广场,3610,4638,4794
2026-02-22,成都青羊绿舟文化产业园区,青羊区,公园,2651,3117,3091
2026-02-22,天府芙蓉园,武侯区,景区,9263,11486,11283
2026-02-22,鲁家滩湿地公园,温江区,广场,1351,1751,1414
2026-02-22,海滨公园,成华区,广场,3469,4874,4821
2026-02-22,易园园林博物馆,金牛区,景区,6541,6550,6684
2026-02-22,南湖公园,双流区,广场,1959,2497,2305
2026-02-22,大慈寺,锦江区,景区,14671,22102,24530
2026-02-22,洛带古镇,龙泉驿区,景区,4054,6834,6351
2026-02-22,洛水湿地公园,龙泉驿区,广场,1967,2358,2197
2026-02-22,黄龙溪古镇,双流区,景区,6817,8640,8306
2026-02-22,中和湿地公园,双流区,广场,2977,3445,3575
2026-02-22,杉板桥公园,成华区,景区,8460,8447,8441
2026-02-22,成华公园,成华区,广场,4064,5343,4942
2026-02-22,彭镇古镇,双流区,景区,3099,4140,4268
2026-02-22,望江楼公园,武侯区,广场,5823,9889,9212
2026-02-22,天府公园,双流区,广场,2628,2986,2907
2026-02-22,国宾蜀园,金牛区,公园,2086,3163,3110
2026-02-22,北湖生态公园,成华区,广场,6347,7400,7228
2026-02-22,wood park滑板运动公园(交子店),武侯区,公园,2654,3441,3463
2026-02-22,塔子山公园,锦江区,广场,5639,8229,7410
2026-02-22,玉石湿地公园,龙泉驿区,广场,2272,2885,2719
2026-02-22,白鹭湾湿地公园,锦江区,广场,5134,7498,7674
2026-02-22,熊猫小镇红豆古树公园,成华区,广场,3256,4135,4192
2026-02-22,温江公园,温江区,广场,1901,2206,2072
2026-02-22,沙河东篱翠湖公园,锦江区,广场,4826,5858,5563
2026-02-22,海斯凯体育公园,青羊区,广场,3538,5552,5370
2026-02-22,二仙桥公园,成华区,广场,3436,5036,4830
2026-02-22,金牛公园,金牛区,广场,4156,4850,4598
2026-02-22,万花公园,青羊区,广场,2856,4509,4435
2026-02-22,江安河公园,双流区,广场,2610,2896,2771
2026-02-22,人民公园,青羊区,景区,22743,25678,27989
2026-02-22,新华公园,成华区,广场,4528,6566,6873
2026-02-22,金沙滨河公园,青羊区,广场,4488,6832,6623
2026-02-22,龙泉山城市森林公园,龙泉驿区,广场,1853,2212,2412
2026-02-22,活水公园,锦江区,广场,6601,9073,8786
2026-02-22,南岸公园,双流区,广场,1558,2388,2256
2026-02-22,北湖凝萃公园,金牛区,广场,3610,4866,4696
2026-02-22,龙潭新区公园,成华区,广场,3513,3696,3607
2026-02-22,中环晓院,武侯区,公园,3274,4191,4090
2026-02-22,天府艺术公园,金牛区,广场,6313,8638,8104
2026-02-22,锦江体育公园,锦江区,广场,3707,5048,4854
2026-02-22,驿马河公园,龙泉驿区,广场,1618,2362,2193
2026-02-22,圣灯公园,成华区,景区,5028,6795,6918
2026-02-22,东安湖公园,龙泉驿区,广场,2818,3601,3515
2026-02-22,凤凰山公园,金牛区,广场,5304,5230,5353
2026-02-22,双桂公园,成华区,广场,3321,5023,4822
2026-02-22,桂溪生态公园,武侯区,广场,5476,8360,8065
2026-02-22,浣花溪公园,青羊区,广场,9025,10825,10513
2026-02-22,老成都民俗公园(人民南路四段),武侯区,广场,4587,5462,5176
2026-02-22,文化公园,青羊区,广场,7056,11501,10266
2026-02-23,wood park滑板运动公园(交子店),武侯区,公园,2355,3425,3144
2026-02-23,温江公园,温江区,广场,1316,2182,2079
2026-02-23,金泉运动公园,金牛区,广场,2317,3886,3729
2026-02-23,人民公园,青羊区,景区,24521,24569,24826
2026-02-23,成华公园,成华区,广场,3723,5049,4327
2026-02-23,鲁家滩湿地公园,温江区,广场,1137,1832,1552
2026-02-23,易园园林博物馆,金牛区,景区,4924,6485,5780
2026-02-23,桂溪生态公园,武侯区,广场,4684,7589,7385
2026-02-23,塔子山公园,锦江区,广场,5950,7289,6615
2026-02-23,龙潭新区公园,成华区,广场,2814,3568,3444
2026-02-23,活水公园,锦江区,广场,6806,8627,7760
2026-02-23,圣灯公园,成华区,景区,3423,6685,6020
2026-02-23,东安湖公园,龙泉驿区,广场,2908,3244,3131
2026-02-23,文化公园,青羊区,广场,5386,9533,8479
2026-02-23,双桂公园,成华区,广场,2776,4681,4479
2026-02-23,洛水湿地公园,龙泉驿区,广场,1217,2323,2232
2026-02-23,南湖公园,双流区,广场,1481,2529,2304
2026-02-23,武侯体育公园,武侯区,广场,3162,4881,4761
2026-02-23,洛带古镇,龙泉驿区,景区,4155,6098,5663
2026-02-23,望江楼公园,武侯区,广场,6621,8913,8017
2026-02-23,北湖生态公园,成华区,广场,4893,6648,6330
2026-02-23,白鹭湾湿地公园,锦江区,广场,4537,6895,6704
2026-02-23,沙河东篱翠湖公园,锦江区,广场,4338,5210,5092
2026-02-23,驿马河公园,龙泉驿区,广场,1736,2310,2228
2026-02-23,青龙湖湿地公园,龙泉驿区,广场,2880,4373,4347
2026-02-23,天府芙蓉园,武侯区,景区,7538,10724,9685
2026-02-23,百花潭公园,青羊区,广场,6333,8812,8584
2026-02-23,国宾蜀园,金牛区,公园,1870,3174,2825
2026-02-23,黄龙溪古镇,双流区,景区,7064,7657,7049
2026-02-23,中和湿地公园,双流区,广场,1895,3524,3288
2026-02-23,大慈寺,锦江区,景区,20228,18963,19561
2026-02-23,棠湖公园,双流区,广场,2125,2855,2655
2026-02-23,新华公园,成华区,广场,3835,6195,5673
2026-02-23,浣花溪公园,青羊区,广场,7680,10115,9305
2026-02-23,黄忠公园,金牛区,广场,2578,4489,4352
2026-02-23,老成都民俗公园(人民南路四段),武侯区,广场,2817,4990,4717
2026-02-23,凤凰山公园,金牛区,广场,4234,5377,5041
2026-02-23,中环晓院,武侯区,公园,2793,3968,3735
2026-02-23,天府艺术公园,金牛区,广场,6377,7541,7256
2026-02-23,成都青羊绿舟文化产业园区,青羊区,公园,2895,2977,3014
2026-02-23,南岸公园,双流区,广场,1920,2426,2219
2026-02-23,龙泉山城市森林公园,龙泉驿区,广场,1416,2189,2297
2026-02-23,玉石湿地公园,龙泉驿区,广场,1940,2774,2732
2026-02-23,青羊宫,青羊区,景区,11643,18722,18289
2026-02-23,彭镇古镇,双流区,景区,2966,4310,3832
2026-02-23,兴隆湖湿地公园,双流区,景区,2546,4840,4529
2026-02-23,北湖凝萃公园,金牛区,广场,3511,4566,4384
2026-02-23,锦江体育公园,锦江区,广场,3628,4562,4431
2026-02-23,海滨公园,成华区,广场,2615,4536,4440
2026-02-23,金沙滨河公园,青羊区,广场,4586,6431,6180
2026-02-23,杉板桥公园,成华区,景区,6837,8237,7301
2026-02-23,海斯凯体育公园,青羊区,广场,4121,5089,4963
2026-02-23,金牛公园,金牛区,广场,3733,4412,4310
2026-02-23,天府公园,双流区,广场,1664,2890,2607
2026-02-23,熊猫小镇红豆古树公园,成华区,广场,2886,4051,3902
2026-02-23,二仙桥公园,成华区,广场,2914,4635,4489
2026-02-23,江安河公园,双流区,广场,2214,2913,2730
2026-02-23,万花公园,青羊区,广场,3689,4303,4102
2026-02-24,黄龙溪古镇,双流区,景区,2647,3228,2911
2026-02-24,玉石湿地公园,龙泉驿区,广场,885,960,897
2026-02-24,温江公园,温江区,广场,495,503,577
2026-02-24,海滨公园,成华区,广场,1288,1661,1534
2026-02-24,东安湖公园,龙泉驿区,广场,884,1188,1122
2026-02-24,中环晓院,武侯区,公园,864,1327,1199
2026-02-24,棠湖公园,双流区,广场,733,922,883
2026-02-24,青羊宫,青羊区,景区,4446,7553,7552
2026-02-24,易园园林博物馆,金牛区,景区,1942,2302,1980
2026-02-24,望江楼公园,武侯区,广场,2452,3324,3474
2026-02-24,白鹭湾湿地公园,锦江区,广场,1874,2865,2708
2026-02-24,洛带古镇,龙泉驿区,景区,1551,2133,1936
2026-02-24,天府公园,双流区,广场,717,803,872
2026-02-24,万花公园,青羊区,广场,1136,1511,1409
2026-02-24,武侯体育公园,武侯区,广场,1170,1810,1668
2026-02-24,凤凰山公园,金牛区,广场,1775,2149,2038
2026-02-24,南岸公园,双流区,广场,702,654,675
2026-02-24,南湖公园,双流区,广场,730,698,657
2026-02-24,天府芙蓉园,武侯区,景区,3127,4266,4276
2026-02-24,青龙湖湿地公园,龙泉驿区,广场,1433,1449,1399
2026-02-24,龙泉山城市森林公园,龙泉驿区,广场,577,608,555
2026-02-24,兴隆湖湿地公园,双流区,景区,1471,1789,1614
2026-02-24,wood park滑板运动公园(交子店),武侯区,公园,846,1076,1014
2026-02-24,熊猫小镇红豆古树公园,成华区,广场,1099,1347,1310
2026-02-24,大慈寺,锦江区,景区,7088,7947,7949
2026-02-24,驿马河公园,龙泉驿区,广场,644,626,655
2026-02-24,黄忠公园,金牛区,广场,1095,1529,1430
2026-02-24,活水公园,锦江区,广场,2626,3124,3068
2026-02-24,海斯凯体育公园,青羊区,广场,1669,1828,1758
2026-02-24,国宾蜀园,金牛区,公园,887,892,855
2026-02-24,新华公园,成华区,广场,1859,2195,2070
2026-02-24,成都青羊绿舟文化产业园区,青羊区,公园,900,1078,1033
2026-02-24,桂溪生态公园,武侯区,广场,2548,2853,2936
2026-02-24,人民公园,青羊区,景区,7861,10092,9653
2026-02-24,天府艺术公园,金牛区,广场,2169,2803,2941
2026-02-24,浣花溪公园,青羊区,广场,2966,4049,4176
2026-02-24,北湖生态公园,成华区,广场,1934,2529,2372
2026-02-24,中和湿地公园,双流区,广场,855,1053,1035
2026-02-24,塔子山公园,锦江区,广场,2234,2570,2771
2026-02-24,老成都民俗公园(人民南路四段),武侯区,广场,1693,1844,1672
2026-02-24,彭镇古镇,双流区,景区,1405,1520,1466
2026-02-24,二仙桥公园,成华区,广场,1212,1632,1501
2026-02-24,双桂公园,成华区,广场,1493,1626,1534
2026-02-24,金牛公园,金牛区,广场,1042,1527,1405
2026-02-24,北湖凝萃公园,金牛区,广场,1158,1555,1455
2026-02-24,锦江体育公园,锦江区,广场,1124,1657,1495
2026-02-24,金沙滨河公园,青羊区,广场,2017,2459,2536
2026-02-24,龙潭新区公园,成华区,广场,1158,1332,1275
2026-02-24,杉板桥公园,成华区,景区,2429,3048,2722
2026-02-24,洛水湿地公园,龙泉驿区,广场,648,630,659
2026-02-24,百花潭公园,青羊区,广场,3118,3263,3336
2026-02-24,鲁家滩湿地公园,温江区,广场,423,333,340
2026-02-24,金泉运动公园,金牛区,广场,895,1259,1209
2026-02-24,沙河东篱翠湖公园,锦江区,广场,1422,2004,1855
2026-02-24,成华公园,成华区,广场,1415,1574,1385
2026-02-24,江安河公园,双流区,广场,847,972,909
2026-02-24,文化公园,青羊区,广场,3153,3222,3761
2026-02-24,圣灯公园,成华区,景区,1653,2449,2192
2026-02-25,熊猫小镇红豆古树公园,成华区,广场,1371,1835,1946
2026-02-25,青羊宫,青羊区,景区,7796,9843,10023
2026-02-25,塔子山公园,锦江区,广场,2526,3429,3893
2026-02-25,北湖凝萃公园,金牛区,广场,1933,2138,2163
2026-02-25,锦江体育公园,锦江区,广场,2023,2310,2276
2026-02-25,浣花溪公园,青羊区,广场,3325,5093,5353
2026-02-25,金沙滨河公园,青羊区,广场,2329,3079,3411
2026-02-25,海斯凯体育公园,青羊区,广场,1767,2443,2564
2026-02-25,人民公园,青羊区,景区,10472,13186,13594
2026-02-25,老成都民俗公园(人民南路四段),武侯区,广场,2137,2413,2454
2026-02-25,杉板桥公园,成华区,景区,2602,3943,4106
2026-02-25,江安河公园,双流区,广场,1213,1300,1400
2026-02-25,金牛公园,金牛区,广场,1927,2079,2118
2026-02-25,彭镇古镇,双流区,景区,1425,1994,2057
2026-02-25,洛带古镇,龙泉驿区,景区,2021,2909,2966
2026-02-25,成华公园,成华区,广场,1935,2237,2041
2026-02-25,温江公园,温江区,广场,751,835,902
2026-02-25,天府公园,双流区,广场,1315,1245,1339
2026-02-25,玉石湿地公园,龙泉驿区,广场,1137,1283,1389
2026-02-25,国宾蜀园,金牛区,公园,1242,1211,1367
2026-02-25,万花公园,青羊区,广场,1546,2078,2090
2026-02-25,新华公园,成华区,广场,2543,2863,3082
2026-02-25,二仙桥公园,成华区,广场,1438,2204,2256
2026-02-25,中和湿地公园,双流区,广场,1391,1525,1597
2026-02-25,天府芙蓉园,武侯区,景区,4789,5646,5707
2026-02-25,白鹭湾湿地公园,锦江区,广场,2579,3530,3666
2026-02-25,双桂公园,成华区,广场,1808,2158,2266
2026-02-25,兴隆湖湿地公园,双流区,景区,1708,2208,2237
2026-02-25,青龙湖湿地公园,龙泉驿区,广场,1693,1940,2099
2026-02-25,沙河东篱翠湖公园,锦江区,广场,1891,2594,2650
2026-02-25,百花潭公园,青羊区,广场,3080,4589,4690
2026-02-25,洛水湿地公园,龙泉驿区,广场,954,941,1024
2026-02-25,海滨公园,成华区,广场,1478,2248,2326
2026-02-25,龙泉山城市森林公园,龙泉驿区,广场,950,859,942
2026-02-25,活水公园,锦江区,广场,3503,4003,4134
2026-02-25,圣灯公园,成华区,景区,2092,3129,3227
2026-02-25,金泉运动公园,金牛区,广场,1574,1738,1807
2026-02-25,易园园林博物馆,金牛区,景区,2116,2992,2984
2026-02-25,东安湖公园,龙泉驿区,广场,1442,1640,1706
2026-02-25,文化公园,青羊区,广场,3153,4448,5056
2026-02-25,棠湖公园,双流区,广场,970,1259,1357
2026-02-25,黄龙溪古镇,双流区,景区,3927,4278,4238
2026-02-25,黄忠公园,金牛区,广场,1415,2104,2143
2026-02-25,凤凰山公园,金牛区,广场,1821,2614,2726
2026-02-25,wood park滑板运动公园(交子店),武侯区,公园,1127,1447,1543
2026-02-25,南湖公园,双流区,广场,957,1024,1105
2026-02-25,望江楼公园,武侯区,广场,4052,4312,4565
2026-02-25,中环晓院,武侯区,公园,1420,1686,1824
2026-02-25,天府艺术公园,金牛区,广场,3537,3666,4058
2026-02-25,北湖生态公园,成华区,广场,2458,3344,3431
2026-02-25,大慈寺,锦江区,景区,8098,10425,11031
2026-02-25,南岸公园,双流区,广场,1014,979,1044
2026-02-25,成都青羊绿舟文化产业园区,青羊区,公园,1015,1409,1501
2026-02-25,龙潭新区公园,成华区,广场,1335,1783,1874
2026-02-25,鲁家滩湿地公园,温江区,广场,628,609,613
2026-02-25,武侯体育公园,武侯区,广场,2195,2393,2438
2026-02-25,驿马河公园,龙泉驿区,广场,1015,944,1017
2026-02-25,桂溪生态公园,武侯区,广场,2618,3585,3989
2026-02-26,中和湿地公园,双流区,广场,728,977,978
2026-02-26,洛带古镇,龙泉驿区,景区,1707,2078,1933
2026-02-26,黄龙溪古镇,双流区,景区,2224,3170,2908
2026-02-26,北湖凝萃公园,金牛区,广场,1286,1494,1443
2026-02-26,沙河东篱翠湖公园,锦江区,广场,1819,1935,1834
2026-02-26,温江公园,温江区,广场,598,456,589
2026-02-26,圣灯公园,成华区,景区,1860,2321,2190
2026-02-26,文化公园,青羊区,广场,2999,3156,3527
2026-02-26,人民公园,青羊区,景区,8234,10069,9848
2026-02-26,双桂公园,成华区,广场,1417,1518,1507
2026-02-26,万花公园,青羊区,广场,1267,1447,1414
2026-02-26,驿马河公园,龙泉驿区,广场,512,571,667
2026-02-26,北湖生态公园,成华区,广场,1586,2441,2362
2026-02-26,wood park滑板运动公园(交子店),武侯区,公园,769,1006,1022
2026-02-26,成华公园,成华区,广场,1465,1470,1226
2026-02-26,塔子山公园,锦江区,广场,2249,2598,2829
2026-02-26,玉石湿地公园,龙泉驿区,广场,846,888,898
2026-02-26,杉板桥公园,成华区,景区,1924,2940,2722
2026-02-26,桂溪生态公园,武侯区,广场,2320,2802,2925
2026-02-26,黄忠公园,金牛区,广场,1273,1468,1423
2026-02-26,大慈寺,锦江区,景区,5810,7558,7797
2026-02-26,棠湖公园,双流区,广场,701,829,895
2026-02-26,兴隆湖湿地公园,双流区,景区,1181,1664,1618
2026-02-26,青龙湖湿地公园,龙泉驿区,广场,1068,1416,1385
2026-02-26,天府芙蓉园,武侯区,景区,3552,4136,4199
2026-02-26,海滨公园,成华区,广场,1546,1566,1539
2026-02-26,龙泉山城市森林公园,龙泉驿区,广场,716,548,559
2026-02-26,活水公园,锦江区,广场,1947,3063,2851
2026-02-26,百花潭公园,青羊区,广场,2597,3138,3124
2026-02-26,金泉运动公园,金牛区,广场,1043,1196,1210
2026-02-26,洛水湿地公园,龙泉驿区,广场,743,582,670
2026-02-26,易园园林博物馆,金牛区,景区,1852,2186,1978
2026-02-26,鲁家滩湿地公园,温江区,广场,396,280,346
2026-02-26,武侯体育公园,武侯区,广场,1222,1742,1661
2026-02-26,南湖公园,双流区,广场,637,624,674
2026-02-26,金沙滨河公园,青羊区,广场,2203,2386,2508
2026-02-26,南岸公园,双流区,广场,543,577,687
2026-02-26,成都青羊绿舟文化产业园区,青羊区,公园,1030,1010,1036
2026-02-26,望江楼公园,武侯区,广场,2693,3304,3346
2026-02-26,金牛公园,金牛区,广场,1309,1473,1419
2026-02-26,锦江体育公园,锦江区,广场,1467,1563,1493
2026-02-26,天府公园,双流区,广场,871,773,869
2026-02-26,江安河公园,双流区,广场,797,876,910
2026-02-26,二仙桥公园,成华区,广场,1198,1554,1515
2026-02-26,海斯凯体育公园,青羊区,广场,1506,1769,1750
2026-02-26,熊猫小镇红豆古树公园,成华区,广场,1046,1282,1295
2026-02-26,国宾蜀园,金牛区,公园,609,833,859
2026-02-26,彭镇古镇,双流区,景区,1228,1419,1482
2026-02-26,中环晓院,武侯区,公园,1197,1236,1174
2026-02-26,新华公园,成华区,广场,1445,2119,1928
2026-02-26,浣花溪公园,青羊区,广场,3366,3977,4040
2026-02-26,青羊宫,青羊区,景区,6323,7475,7319
2026-02-26,老成都民俗公园(人民南路四段),武侯区,广场,1160,1741,1645
2026-02-26,东安湖公园,龙泉驿区,广场,1185,1161,1080
2026-02-26,凤凰山公园,金牛区,广场,1556,2078,2023
2026-02-26,天府艺术公园,金牛区,广场,2399,2784,2954
2026-02-26,白鹭湾湿地公园,锦江区,广场,1679,2780,2719
2026-02-26,龙潭新区公园,成华区,广场,892,1226,1271
2026-02-27,望江楼公园,武侯区,广场,2972,3806,3969
2026-02-27,东安湖公园,龙泉驿区,广场,1233,1552,1466
2026-02-27,鲁家滩湿地公园,温江区,广场,599,541,494
2026-02-27,wood park滑板运动公园(交子店),武侯区,公园,1114,1256,1241
2026-02-27,白鹭湾湿地公园,锦江区,广场,2849,3206,3103
2026-02-27,万花公园,青羊区,广场,1383,1825,1754
2026-02-27,江安河公园,双流区,广场,862,1188,1229
2026-02-27,金牛公园,金牛区,广场,1574,1796,1743
2026-02-27,杉板桥公园,成华区,景区,3260,3515,3403
2026-02-27,金沙滨河公园,青羊区,广场,2550,2686,2960
2026-02-27,中和湿地公园,双流区,广场,1278,1280,1282
2026-02-27,北湖凝萃公园,金牛区,广场,1225,1831,1796
2026-02-27,成华公园,成华区,广场,1690,1980,1708
2026-02-27,人民公园,青羊区,景区,8235,12924,12221
2026-02-27,沙河东篱翠湖公园,锦江区,广场,1837,2351,2231
2026-02-27,驿马河公园,龙泉驿区,广场,784,866,863
2026-02-27,北湖生态公园,成华区,广场,2725,2920,2823
2026-02-27,双桂公园,成华区,广场,1301,1898,1881
2026-02-27,文化公园,青羊区,广场,3864,3911,4355
2026-02-27,圣灯公园,成华区,景区,2117,2907,2642
2026-02-27,龙潭新区公园,成华区,广场,1230,1589,1586
2026-02-27,塔子山公园,锦江区,广场,3067,3014,3169
2026-02-27,锦江体育公园,锦江区,广场,1763,1978,1890
2026-02-27,二仙桥公园,成华区,广场,1456,1913,1866
2026-02-27,新华公园,成华区,广场,2389,2543,2456
2026-02-27,大慈寺,锦江区,景区,8036,9520,9931
2026-02-27,青龙湖湿地公园,龙泉驿区,广场,1536,1830,1721
2026-02-27,活水公园,锦江区,广场,2366,3612,3621
2026-02-27,海滨公园,成华区,广场,1783,1946,1912
2026-02-27,海斯凯体育公园,青羊区,广场,1754,2163,2158
2026-02-27,黄龙溪古镇,双流区,景区,3222,3643,3251
2026-02-27,熊猫小镇红豆古树公园,成华区,广场,1086,1621,1622
2026-02-27,彭镇古镇,双流区,景区,1411,1847,1721
2026-02-27,温江公园,温江区,广场,871,740,753
2026-02-27,天府公园,双流区,广场,869,1117,1058
2026-02-27,玉石湿地公园,龙泉驿区,广场,893,1193,1219
2026-02-27,青羊宫,青羊区,景区,7732,8718,8535
2026-02-27,凤凰山公园,金牛区,广场,1913,2325,2353
2026-02-27,洛带古镇,龙泉驿区,景区,2115,2611,2292
2026-02-27,中环晓院,武侯区,公园,1248,1490,1448
2026-02-27,棠湖公园,双流区,广场,826,1147,1194
2026-02-27,易园园林博物馆,金牛区,景区,1769,2787,2398
2026-02-27,武侯体育公园,武侯区,广场,1524,2088,2056
2026-02-27,南湖公园,双流区,广场,968,918,950
2026-02-27,洛水湿地公园,龙泉驿区,广场,836,865,867
2026-02-27,百花潭公园,青羊区,广场,2833,3888,3891
2026-02-27,金泉运动公园,金牛区,广场,1304,1515,1511
2026-02-27,天府芙蓉园,武侯区,景区,3721,4852,4841
2026-02-27,兴隆湖湿地公园,双流区,景区,1357,2121,1913
2026-02-27,黄忠公园,金牛区,广场,1613,1797,1776
2026-02-27,桂溪生态公园,武侯区,广场,3131,3201,3407
2026-02-27,成都青羊绿舟文化产业园区,青羊区,公园,891,1311,1322
2026-02-27,南岸公园,双流区,广场,838,873,871
2026-02-27,天府艺术公园,金牛区,广场,2918,3205,3348
2026-02-27,老成都民俗公园(人民南路四段),武侯区,广场,1884,2109,2064
2026-02-27,浣花溪公园,青羊区,广场,4270,4472,4597
2026-02-27,国宾蜀园,金牛区,公园,867,1059,1074
2026-02-27,龙泉山城市森林公园,龙泉驿区,广场,895,880,740
2026-02-28,凤凰山公园,金牛区,广场,1938,2056,1809
2026-02-28,玉石湿地公园,龙泉驿区,广场,791,1079,950
2026-02-28,望江楼公园,武侯区,广场,3190,3437,3429
2026-02-28,中环晓院,武侯区,公园,1026,1345,1316
2026-02-28,武侯体育公园,武侯区,广场,1770,1847,1784
2026-02-28,天府芙蓉园,武侯区,景区,2676,4450,4009
2026-02-28,桂溪生态公园,武侯区,广场,2804,3023,2903
2026-02-28,老成都民俗公园(人民南路四段),武侯区,广场,1389,1881,1774
2026-02-28,熊猫小镇红豆古树公园,成华区,广场,1208,1347,1276
2026-02-28,杉板桥公园,成华区,景区,2833,3166,2790
2026-02-28,成华公园,成华区,广场,1363,1751,1443
2026-02-28,双桂公园,成华区,广场,1359,1731,1638
2026-02-28,圣灯公园,成华区,景区,2101,2690,2287
2026-02-28,二仙桥公园,成华区,广场,1174,1715,1613
2026-02-28,海滨公园,成华区,广场,1165,1687,1584
2026-02-28,新华公园,成华区,广场,1940,2287,2234
2026-02-28,龙潭新区公园,成华区,广场,910,1342,1298
2026-02-28,北湖生态公园,成华区,广场,1838,2700,2544
2026-02-28,中和湿地公园,双流区,广场,828,1047,990
2026-02-28,江安河公园,双流区,广场,820,1116,946
2026-02-28,彭镇古镇,双流区,景区,1139,1704,1287
2026-02-28,南岸公园,双流区,广场,698,816,611
2026-02-28,兴隆湖湿地公园,双流区,景区,1505,1890,1364
2026-02-28,南湖公园,双流区,广场,628,853,662
2026-02-28,棠湖公园,双流区,广场,889,1062,863
2026-02-28,天府公园,双流区,广场,916,956,828
2026-02-28,黄龙溪古镇,双流区,景区,2491,3436,2891
2026-02-28,wood park滑板运动公园(交子店),武侯区,公园,940,1031,1017
2026-02-28,青龙湖湿地公园,龙泉驿区,广场,1334,1529,1480
2026-02-28,鲁家滩湿地公园,温江区,广场,443,444,213
2026-02-28,易园园林博物馆,金牛区,景区,2151,2555,2112
2026-02-28,驿马河公园,龙泉驿区,广场,604,780,611
2026-02-28,洛水湿地公园,龙泉驿区,广场,656,774,617
2026-02-28,龙泉山城市森林公园,龙泉驿区,广场,701,739,604
2026-02-28,东安湖公园,龙泉驿区,广场,1189,1398,1346
2026-02-28,万花公园,青羊区,广场,1165,1521,1413
2026-02-28,青羊宫,青羊区,景区,4789,7437,7021
2026-02-28,百花潭公园,青羊区,广场,2771,3106,3340
2026-02-28,成都青羊绿舟文化产业园区,青羊区,公园,785,1087,1078
2026-02-28,浣花溪公园,青羊区,广场,3304,3939,3856
2026-02-28,海斯凯体育公园,青羊区,广场,1699,1908,1776
2026-02-28,金沙滨河公园,青羊区,广场,1804,2477,2309
2026-02-28,人民公园,青羊区,景区,7582,11834,10362
2026-02-28,文化公园,青羊区,广场,2498,3654,3569
2026-02-28,塔子山公园,锦江区,广场,2036,2823,2665
2026-02-28,大慈寺,锦江区,景区,8416,8424,8571
2026-02-28,白鹭湾湿地公园,锦江区,广场,2331,2712,2806
2026-02-28,活水公园,锦江区,广场,2482,3058,2736
2026-02-28,锦江体育公园,锦江区,广场,1129,1703,1590
2026-02-28,沙河东篱翠湖公园,锦江区,广场,1741,2102,1979
2026-02-28,北湖凝萃公园,金牛区,广场,1378,1617,1539
2026-02-28,金牛公园,金牛区,广场,1564,1601,1507
2026-02-28,国宾蜀园,金牛区,公园,871,854,821
2026-02-28,天府艺术公园,金牛区,广场,2220,2977,3008
2026-02-28,黄忠公园,金牛区,广场,1184,1606,1524
2026-02-28,金泉运动公园,金牛区,广场,980,1250,1175
2026-02-28,温江公园,温江区,广场,672,689,506
2026-02-28,洛带古镇,龙泉驿区,景区,1704,2473,1925
