comment_id,create_time,ip_location,note_id,content,user_id,nickname,avatar,sub_comment_count,pictures,parent_comment_id,last_modify_ts,like_count
68a4ba3a000000003001f9cc,1755626042000,广东,68a465b2000000001d00aee6,她真的很好看啊，为什么会在被夸的时候第一反应是瑟缩。长那么好看要自信！,5fc47273000000000100aee9,子期,https://sns-avatar-qc.xhscdn.com/avatar/1040g2jo31pja5o4lka5g5nu4e9pg9bn9nfak380?imageView2/2/w/120/format/jpg,117,,0,1774561901365,3万
68a4cd850000000030011390,1755630982000,河北,68a465b2000000001d00aee6,手机镜头原来真的会把人拍丑这么多[呃R]相机拍出来的完全不一样诶 好漂亮的,60dff0c9000000000100761d,爱吃饭🍫,https://sns-avatar-qc.xhscdn.com/avatar/636dec19e477fe50d8e451d2.jpg?imageView2/2/w/120/format/jpg,116,,0,1774561901373,1.5万
68a76e270000000030026ccb,1755803186000,英国,68a465b2000000001d00aee6,我长得不好看，主打就是个自信！51岁又怎样？ 一样好好看😻[笑哭R][偷笑R][笑哭R],5eafde39000000000100673b,有点疯的小朱教练在英国,https://sns-avatar-qc.xhscdn.com/avatar/65b54d9c3f0362b0dfcb70e3.jpg?imageView2/2/w/120/format/jpg,86,"http://sns-webpic-qc.xhscdn.com/202603270551/37c05607a2e50384fc2ab1aab6bdc98c/comment/1040g2h031lf6e4o358005nlfrosg8ppr7chpv0o!nd_whgt34_webp_wm_1,http://sns-webpic-qc.xhscdn.com/202603270551/544e860b81fb26dc14710f9e8483fca6/comment/1040g2h031lf6e4o3580g5nlfrosg8pprp61q640!nd_whgt34_webp_wm_1,http://sns-webpic-qc.xhscdn.com/202603270551/d0bc1022362a682bb5f87a4bdeaad39d/comment/1040g2h031lf6e4o358105nlfrosg8pprbuokdqo!nd_whgt34_webp_wm_1",0,1774561901376,1345
68a877d100000000300110f6,1755871186000,内蒙古,68a465b2000000001d00aee6,第一见摄影师不是找高白瘦拍的了  [哭惹R][哭惹R]而是这种我们普通人的样子  真的好好看 [哭惹R][哭惹R][哭惹R],5f1c170200000000010056fc,晶姐,https://sns-avatar-qc.xhscdn.com/avatar/1040g2jo31tnmnf19mi6g5nos2s108lnsjlie27g?imageView2/2/w/120/format/jpg,51,,0,1774561901376,1.2万
68a4b1dd0000000030019b79,1755623903000,广东,68a465b2000000001d00aee6,这张有点像延禧攻略的皇后，好看,5f3bd96f000000000101e614,💬,https://sns-avatar-qc.xhscdn.com/avatar/1040g2jo31o05kb1s52505nprr5ngbpgkkl242ho?imageView2/2/w/120/format/jpg,37,http://sns-webpic-qc.xhscdn.com/202603270551/a35385351377ee54ce7e638616938d4f/comment/1040g2h031lcgukcb4s605nprr5ngbpgkb436v4o!nd_whgt34_webp_wm_1,0,1774561901377,1015
68a5528100000000300223e7,1755665027000,山东,68a465b2000000001d00aee6,我两张好像沈月啊我去,658fed120000000022013078,羡win,https://sns-avatar-qc.xhscdn.com/avatar/1040g2jo31pdsond12g005pcftk98ic3oumt2d68?imageView2/2/w/120/format/jpg,31,"http://sns-webpic-qc.xhscdn.com/202603270551/11e06042edda609d7efca65cb06883b6/comment/1040g2h031ld4i42hle005pcftk98ic3ofsjjsjo!nd_whgt34_webp_wm_1,http://sns-webpic-qc.xhscdn.com/202603270551/deb0c89dd753c375018e50ecd22519c3/comment/1040g2h031ld4i42hle0g5pcftk98ic3o8lrpufo!nd_whgt34_webp_wm_1",0,1774561901378,2359
68a5b7ef0000000030008f26,1755690991000,上海,68a465b2000000001d00aee6,你拍出了普通人的美，而不是一般摄影师只找漂亮的[哭惹R],57ce3ac082ec394212064342,Momo,https://sns-avatar-qc.xhscdn.com/avatar/1040g2jo30o0i4hfs206g48m474tc0gq2skd11k8?imageView2/2/w/120/format/jpg,14,,0,1774561901378,3422
68ada2d400000000300148c8,1756209878000,上海,68a465b2000000001d00aee6,我也好看[飞吻R],625ca6fd0000000021020e76,他先生你好,https://sns-avatar-qc.xhscdn.com/avatar/1040g2jo316jjh8ti0q6g5oiskruoc3jm6015j98?imageView2/2/w/120/format/jpg,8,http://sns-webpic-qc.xhscdn.com/202603270551/55cbe1456a1551eb10f65eafcfd70f89/comment/1040g2h031ll8bt5p506g5oiskruoc3jmgdc7seg!nd_whgt34_webp_wm_1,0,1774561901378,128
68ab237200000000300100fa,1756046194000,辽宁,68a465b2000000001d00aee6,可以给她换一套造型好好给她再拍一组吗？那种日系胶片感那种，就生活感很强日杂风的那种！或者像《余生那些年》《花束般的恋爱》那种，好不好好不好球球球球[哭惹R]，感觉她会很适合！！！！！,61838ea8000000000201b5bd,fafa的pyq,https://sns-avatar-qc.xhscdn.com/avatar/1040g2jo31ine0qr60o6g5oc3hqk0jddtd9a01bg?imageView2/2/w/120/format/jpg,8,,0,1774561901379,15
68af1e4d000000000b02394c,1756307021000,四川,68a465b2000000001d00aee6,感觉眼睛有点无神,602bd7560000000001006767,少女椿,https://sns-avatar-qc.xhscdn.com/avatar/602bd7560000000001006767.jpg?imageView2/2/w/120/format/jpg,7,,0,1774561901380,2
68a4d9ae00000000300301c1,1755634094000,广东,68a465b2000000001d00aee6,好看是好看，但是怎么全是大头，没有背景的绿色,587c501050c4b423289dd6a1,不系之舟,https://sns-avatar-qc.xhscdn.com/avatar/1040g2jo31j5u4p26j20g49201p811ll19usd1r8?imageView2/2/w/120/format/jpg,5,,0,1774561907801,90
68a98636000000002603471b,1755940407000,湖南,68a465b2000000001d00aee6,像一个女演员，但是我不记得名字了，她演过一个坐轮椅的女生，老公是恐怖家暴男，然后她靠自己的机智复健逃离了家暴男这样子。,60bda0440000000001004efd,冰茶,https://sns-avatar-qc.xhscdn.com/avatar/1040g2jo31evmjl5l6a5g5o5tk1208jntjd1qb40?imageView2/2/w/120/format/jpg,2,,0,1774561907801,1
68a98f38000000003002d8ca,1755942713000,河南,68a465b2000000001d00aee6,她真的很好看，那种质朴的，乡野间的，未经雕琢的美,66a3a77d000000001d023045,忘忧耳,https://sns-avatar-qc.xhscdn.com/avatar/1040g2jo31n9p61965i305pl3ktuncc25pl12m8o?imageView2/2/w/120/format/jpg,2,,0,1774561907802,13
68a84532000000002700338a,1755858226000,广东,68a465b2000000001d00aee6,从今以后 她出门必洗头化妆[doge],645f6d280000000010025b5e,粤韵风华,https://sns-avatar-qc.xhscdn.com/avatar/1040g2jo31g68eon7hu6g5p2vdkk44mqui7s2n38?imageView2/2/w/120/format/jpg,1,,0,1774561907802,1
68b534df0000000030005a17,1756706017000,广东,68a465b2000000001d00aee6,其实很多人都不自信的，老觉得自己不好看，不上镜，我也是这种人，但哪个女人不喜欢被人夸好看呢？都奔4的人最近突然叛逆起来，因为发量少得可怜入手了假辫子，然后觉得自己一大把年纪在装嫩，和朋友自损时，朋友说了一句话让我觉得很有道理“都这年纪了还能能嫩就大胆装吧！”于是…我笑了…,5c77253800000000100358ed,爱吃樱桃的兔子,https://sns-avatar-qc.xhscdn.com/avatar/411309441983cdc4ce073ff8da73b5b6.jpg?imageView2/2/w/120/format/jpg,6,http://sns-webpic-qc.xhscdn.com/202603270551/71ed2d2934124d0dfc83456c99ab5276/comment/1040g2h031lskuc7t4s705n3n4ks46m7dtebaf70!nd_whgt34_webp_wm_1,0,1774561907803,18
68a5727a000000002603f7f6,1755673211000,重庆,68a465b2000000001d00aee6,平常肯定没有人跟她说她好看,5bd7cb968827c300013a105e,心上🐼是飞云吖,https://sns-avatar-qc.xhscdn.com/avatar/1040g2jo31na6be3kl85g4bm33k5pc42u98oucbo?imageView2/2/w/120/format/jpg,5,,0,1774561907803,32
68a9712c000000003002fab9,1755935021000,吉林,68a465b2000000001d00aee6,照骗[赞R],5c599cae0000000018024ee2,没型硬造,https://sns-avatar-qc.xhscdn.com/avatar/634174de7d304a4905bd299d.jpg?imageView2/2/w/120/format/jpg,5,,0,1774561907804,1
68a94b860000000027004da0,1755925383000,江西,68a465b2000000001d00aee6,其实我觉得女生就没有丑的[笑哭R]，从小到大我都特别喜欢盯着我班上的女生看（我是女的），高的矮的胖的瘦的黑的白的，单眼皮双眼皮，厚嘴唇薄嘴唇，都有自己的美说实话，很生动鲜活的美,66b59b39000000000b032594,自家手工茶（采茶季）,https://sns-avatar-qc.xhscdn.com/avatar/1040g2jo31gvcb7853i6g5plljcsiu9ck50sn9f8?imageView2/2/w/120/format/jpg,3,,0,1774561907804,56
68aa846c0000000027006e03,1756005485000,美国,68a465b2000000001d00aee6,真的好美啊！,5a3681a54eacab4e7116a469,Yvonne想做时髦老太太,https://sns-avatar-qc.xhscdn.com/avatar/1040g2jo31c935ig110004a0bbo0qb939vra2bko?imageView2/2/w/120/format/jpg,1,,0,1774561907804,0
68a5bcb700000000300284a7,1755692216000,贵州,68a465b2000000001d00aee6,我觉得我自己长得丑，但是很多人夸好看，我会觉得那是恭维的话。,5e2c5ba90000000001000929,是汉堡🍔不是憨包,https://sns-avatar-qc.xhscdn.com/avatar/646b7af45c3c7c99fedb8469.jpg?imageView2/2/w/120/format/jpg,5,,0,1774561907805,76
684e1240000000002000d044,1749946944000,四川,684d6117000000002202f112,她一定非常后悔自己为什么没有洗头！！！！,556e7b70e58d132eb7c651f4,美美媛,https://sns-avatar-qc.xhscdn.com/avatar/1040g2jo31m8lscsh5i6g40nourtn0kfk76ou5d8?imageView2/2/w/120/format/jpg,288,,0,1774561919325,1.1万
684dd82e000000002000fb3c,1749932079000,上海,684d6117000000002202f112,这张照片感觉能量冲进我身体里,5968e7c85e87e77ba29809e8,パスタライ 助,https://sns-avatar-qc.xhscdn.com/avatar/1040g2jo31n8k4o6s5i0049m3j1jsg2f8dfkjp28?imageView2/2/w/120/format/jpg,56,http://sns-webpic-qc.xhscdn.com/202603270551/6c457e2776aceaf8bbed9b3fc1b59780/comment/1040g2h031inms9kk140049m3j1jsg2f8henqn70!nd_whgt34_webp_wm_1,0,1774561919326,1万
684db73e0000000009016c00,1749923646000,广东,684d6117000000002202f112,打脸那些只会好模特好看才能拍的好看的,5c8137b6000000001101c29a,不烦不烦,https://sns-avatar-qc.xhscdn.com/avatar/60b5c50ad181f507ed0d28ec.jpg?imageView2/2/w/120/format/jpg,112,,0,1774561919326,1.8万
684e5fd0000000002000ca04,1749966800000,浙江,684d6117000000002202f112,天哪 连没洗头的这种油腻感在镜头下都变成了潮湿的生命力,5e1704ee0000000001007aae,在认真发呆,https://sns-avatar-qc.xhscdn.com/avatar/1040g2jo31jm9oosv32005ngn0jn08ulenicfmpo?imageView2/2/w/120/format/jpg,46,,0,1774561919326,5754
684dc342000000000401ed28,1749926723000,美国,684d6117000000002202f112,一个女人从感觉被繁杂事累的筋疲力尽的样子，变成了自信又发光的状态。原来仅仅需要简单的彩虹屁就可以达到。记得多夸夸身边的人，也多夸夸累了的自己奥！！,5a95691e11be10657b1cc182,刘胤熙,https://sns-avatar-qc.xhscdn.com/avatar/1000g2jo2nm2eitmji0004a2sjhkhtgc2u9agono?imageView2/2/w/120/format/jpg,31,,0,1774561919327,4818
684e162c000000000c0275b2,1749947949000,湖北,684d6117000000002202f112,感觉有点气血不足[暗中观察R],5c1a2b6a0000000006009781,mair冯,https://sns-avatar-qc.xhscdn.com/avatar/1040g2jo31rnmrlgeim6g5n0q5dl1h5s10fn5v90?imageView2/2/w/120/format/jpg,11,,0,1774561919327,35
684f727b00000000200212bc,1750037116000,山东,684d6117000000002202f112,好有生命力。前排说没洗头这个事，其实我事先就有刷到过这个姐姐的成片，我当时根本没往这方面考虑，我的第一感觉是，这是特意做的湿发造型，是特意打造的，给人一种劳作后对庄稼或者未来美好明天充满期盼的蓬勃向上的生命力。不会第一反应觉得是没有洗头头油的！甚至在桥边那几张又像是淋过点小雨的文艺片女主。特别美，特别生动,618a099b000000001000c4f8,如绿豆冰,https://sns-avatar-qc.xhscdn.com/avatar/1040g2jo310nsrej5mi605oca16dk1h7ov7cecv0?imageView2/2/w/120/format/jpg,6,,0,1774561919327,826
684d92b2000000001102fe8a,1749914291000,广西,684d6117000000002202f112,好的摄影师镜头下的每一处都会发光,5e1ff558000000000100162b,鈊,https://sns-avatar-qc.xhscdn.com/avatar/1040g2jo31216i08o3a6g5ngvulc085hbuqfb6sg?imageView2/2/w/120/format/jpg,5,,0,1774561919327,1363
684f0295000000000c024163,1750008469000,湖北,684d6117000000002202f112,如果没有滤镜会不会没有这么好看[笑哭R],61436069000000000201bd94,momo,https://sns-avatar-qc.xhscdn.com/avatar/1040g2jo30td0jh96466g5oa3c1kgjfcks0mk0do?imageView2/2/w/120/format/jpg,6,,0,1774561919327,2
68501d820000000009039a42,1750080899000,广东,684d6117000000002202f112,为什么不化妆,62f7473f000000001f0172cd,薇子,https://sns-avatar-qc.xhscdn.com/avatar/1040g2jo31to55nsc04605onn8svnqsmd7hehd08?imageView2/2/w/120/format/jpg,3,,0,1774561919328,0
6850fa4f000000002002c69c,1750137424000,贵州,684d6117000000002202f112,为啥不拍男的？,60d95641000000000101e37d,蓦山溪呀,https://sns-avatar-qc.xhscdn.com/avatar/1040g2jo31ipvnfrk1g6g5o6pap0gbortuqabfbg?imageView2/2/w/120/format/jpg,1,,0,1774561925747,0
684e5424000000000401b6b7,1749963813000,贵州,684d6117000000002202f112,几天没洗头了[笑哭R],5cdc3e0e00000000180133e0,星辰大海玉兔捣药,https://sns-avatar-qc.xhscdn.com/avatar/1040g2jo31cddsv5j10605n6s7o762cv0tug454o?imageView2/2/w/120/format/jpg,3,,0,1774561925748,1
684ffb970000000020033892,1750072215000,河北,684d6117000000002202f112,她长得确实好看,5de0db080000000001003fca,斐思,https://sns-avatar-qc.xhscdn.com/avatar/1040g2jo31tfldsrf5s6g5nf0rc408fuag4mlh6o?imageView2/2/w/120/format/jpg,2,,0,1774561925749,0
685140fb000000000401a6b6,1750155516000,四川,684d6117000000002202f112,可以拍我朋友吗，她也是不自信的女孩，经常素颜出门，但我就是觉得她很漂亮,602226880000000001005b11,Golf,https://sns-avatar-qc.xhscdn.com/avatar/602226880000000001005b11.jpg?imageView2/2/w/120/format/jpg,2,,0,1774561925750,0
6852795b000000002000e3f3,1750235483000,广东,684d6117000000002202f112,看哭了！被老公一而再的贬低，压力大，抑郁了，然后一脸横肉！有一天想改变跑去剪了好久都没整理的头发，期间发型师说话惹得我一直笑，夸我年轻，问我这个年纪了为什么笑起来那么甜。然后去买东西也被夸了       [失望R]天呐！鬼知道年轻一直被追求的时候都被夸这句话，（我从来没在我老公嘴上听到任何一句，更多的是说我瘦，说我痘多，说我懒，说我买衣服眼光不好[失望R]）竟然在这个时候让我惊醒，是啊，我不是那个怨妇，我是那么美好，我要过美好的人生，我能过美好的人生！,5bfe5d33000000000501f650,我是我,https://sns-avatar-qc.xhscdn.com/avatar/1040g2jo31iid12id02004buk0dej7tigod1i6o0?imageView2/2/w/120/format/jpg,2,,0,1774561925751,16
68541815000000000c015f3c,1750341653000,山东,684d6117000000002202f112,模特是叫丝瓜嘛[哭惹R][笑哭R],5be549009c5ce7000188395c,野鹤在拍照,https://sns-avatar-qc.xhscdn.com/avatar/5be549009c5ce7000188395c.jpg?imageView2/2/w/120/format/jpg,2,,0,1774561925751,0
684e2345000000001102c113,1749951301000,四川,684d6117000000002202f112,主包拥有一双发现美的眼睛[赞R],5c151293000000000502bb47,喵喵咪咪,https://sns-avatar-qc.xhscdn.com/avatar/63fae2dcd27b886b4409f304.jpg?imageView2/2/w/120/format/jpg,1,,0,1774561925752,13
684e25bc000000000c016474,1749951932000,四川,684d6117000000002202f112,见见散发出温柔宁静的光，是她的生命气质，希望她未来也能这样越来越美好,619b92b8000000000202656d,秋,https://sns-avatar-qc.xhscdn.com/avatar/166ad12ae9a7f6fbb4bbbf88d417895f.jpg?imageView2/2/w/120/format/jpg,1,,0,1774561925752,1
684e3ff80000000020033f20,1749958648000,黑龙江,684d6117000000002202f112,流泪了，有种80年代挂历上美人的样子,67927385000000000e01214b,突突不吃兔兔,https://sns-avatar-qc.xhscdn.com/avatar/1040g2jo31qv7jirrng5g5psiee2ji8abqtb0jlg?imageView2/2/w/120/format/jpg,4,,0,1774561925753,546
6852df07000000000c026894,1750261511000,湖北,684d6117000000002202f112,没洗头看着倒是像日系的湿发造型了 很有那种夏季的味道 湿漉漉的青草的味道,5a18f6044eacab5cb6cafef1,巴啦啦小兔子,https://sns-avatar-qc.xhscdn.com/avatar/1040g2jo31b79s4jqnm0g49vs6pr09vnhrp0jsng?imageView2/2/w/120/format/jpg,1,,0,1774561925753,20
68a9e123000000002700ade6,1755963683000,贵州,68a84290000000001d0144e7,所有摄影师都应该来学习一下，摄影应该是以人为主，而不是着重于其他[满月R],63f7161d000000001001ee0c,喔喔奶糖,https://sns-avatar-qc.xhscdn.com/avatar/1000g2jo2kdtjstkii06g5ovn2oek3rgcuk8r020?imageView2/2/w/120/format/jpg,18,,0,1774561937183,5236
68a9c2680000000030017e82,1755955816000,山东,68a84290000000001d0144e7,哈哈朋友管她答不答应先把手机收走[满月R],5573db1d8a75e17ce04050ba,7的小背心儿,https://sns-avatar-qc.xhscdn.com/avatar/5573db1d8a75e17ce04050ba.jpg?imageView2/2/w/120/format/jpg,2,,0,1774561937185,701
68a89f9e000000002603c648,1755881375000,四川,68a84290000000001d0144e7,主播真的好会给情绪价值，而且能把每个素人都拍的很好看很有特点很自然 ，真的太厉害了，也很温柔，主播怎么还不火！,5fa9350e0000000001002cd7,WyYpBn.,https://sns-avatar-qc.xhscdn.com/avatar/1040g2jo311pfthf8ge6g5nt96k708b6nfb1l3vg?imageView2/2/w/120/format/jpg,2,,0,1774561937186,1358
68bc3b720000000001010da8,1757166451000,四川,68a84290000000001d0144e7,请问这是什么相机,6301b49e000000001200c402,小鱼转晴,https://sns-avatar-qc.xhscdn.com/avatar/1040g2jo31t612mbv5m005oo1mif4hh02t0eui6g?imageView2/2/w/120/format/jpg,2,,0,1774561937187,2
68ad037700000000300071c6,1756169079000,四川,68a84290000000001d0144e7,老师的拍照风格有种，是很爱很爱我的人在帮我拍照的感觉，哭了,63d7e53f0000000026005602,CTT是个大黄狗,https://sns-avatar-qc.xhscdn.com/avatar/1040g2jo31777tbuh0q6g5ounskvpglg28s53k1g?imageView2/2/w/120/format/jpg,2,,0,1774561937188,33
68c104480000000030012a5b,1757480008000,辽宁,68a84290000000001d0144e7,真的好漂亮！！[哇R][哇R],5ca1e91c000000001703850e,momo,https://sns-avatar-qc.xhscdn.com/avatar/1040g2jo31crgs5ffh6005n51t4e5v18etutpr0g?imageView2/2/w/120/format/jpg,0,,0,1774561937189,0
68b97b62000000003002c3dd,1756986210000,四川,68a84290000000001d0144e7,在我那个年代是要上爱格封面的类型,5f813ed80000000001006d5d,姆明山谷矮子精,https://sns-avatar-qc.xhscdn.com/avatar/1040g2jo31he3bqs03o005ns17rc08rat922qut0?imageView2/2/w/120/format/jpg,0,,0,1774561937190,0
692d454f0000000038015abd,1764574543000,浙江,68a84290000000001d0144e7,好美，风格找的好对,5d61259e000000000101b251,ccioc,https://sns-avatar-qc.xhscdn.com/avatar/1040g2jo30p1tp460k62g5nb14mf0bcihk0hlff8?imageView2/2/w/120/format/jpg,0,,0,1774561937191,0
68ac9eaf0000000002014afe,1756143279000,山西,68a84290000000001d0144e7,博主问你爱不爱笑的时候，我愣住了，真好,5f544609000000000101f6b6,非洲赫本,https://sns-avatar-qc.xhscdn.com/avatar/1040g2jo31ph6if7fio005nqk8o4gbtlm03pqurg?imageView2/2/w/120/format/jpg,0,,0,1774561937191,1
68bd83f900000000020037dc,1757250553000,重庆,68a84290000000001d0144e7,我觉得摄影师好会选人啊,5d39d2310000000016032710,momo,https://sns-avatar-qc.xhscdn.com/avatar/1040g2jo31pct06l7is005n9pq8olm9og56ef0c0?imageView2/2/w/120/format/jpg,0,,0,1774561937192,0
68adb28c00000000300331fe,1756213900000,江西,68a84290000000001d0144e7,有种以前花火紫色等杂质封面图的感觉 终于不是面具妆容了,6329b6d0000000002303ce02,mono,https://sns-avatar-qc.xhscdn.com/avatar/1040g2jo31edaq4bh0u505op9mr88vjg26bq9fc8?imageView2/2/w/120/format/jpg,1,,0,1774561953517,25
68ac865b0000000009029448,1756137052000,广东,68a84290000000001d0144e7,这个摄影师好棒，不像一些摄影的只挑选肉眼看起来就是美女的，而她是发现普通人的没耶,65336b11000000002a01b34f,歪小生,https://sns-avatar-qc.xhscdn.com/avatar/1040g2jo30rn32ssg2e6g5p9jdc8qjcqfs78k610?imageView2/2/w/120/format/jpg,0,,0,1774561953519,14
68abc805000000002700de9d,1756088325000,湖南,68a84290000000001d0144e7,只有这种摄影师才值得我付钱去拍摄[笑哭R][笑哭R][笑哭R]已经受不了那种精修伪人，构图诡异的照片了,5d12d91a000000001200c641,机器猫,https://sns-avatar-qc.xhscdn.com/avatar/1040g2jo31mdp037d686g5n8ir4d4hhi1raatr4o?imageView2/2/w/120/format/jpg,0,,0,1774561953520,3
68aabf340000000030018d8a,1756020532000,浙江,68a84290000000001d0144e7,你的照片真的给我感觉你是爱着拍的人,5c22e4a6000000000702ad67,玖歆,https://sns-avatar-qc.xhscdn.com/avatar/5c22e4a6000000000702ad67.jpg?imageView2/2/w/120/format/jpg,0,,0,1774561953521,4
68a991c7000000003000b9ff,1755943368000,北京,68a84290000000001d0144e7,哈哈，朋友一把收走她的手机[doge][doge][doge],6368dd86000000001f0172ff,小红薯6369A513,https://sns-avatar-qc.xhscdn.com/avatar/2b4cefbb01e0a0824f5c173dde7f98b2.jpg?imageView2/2/w/120/format/jpg,0,,0,1774561953521,1
68bc4a76000000003002a102,1757170295000,广东,68a84290000000001d0144e7,我朋友也叫我y2k[笑哭R],5b6c5b140356690001ab6335,Y two K.,https://sns-avatar-qc.xhscdn.com/avatar/63232ca0f86b71194500ea30.jpg?imageView2/2/w/120/format/jpg,0,,0,1774561953521,0
68b2a121000000003001e5e3,1756537121000,上海,68a84290000000001d0144e7,像小猫一样的女孩子[心心眼R],5d2eada4000000001201b68f,酱酱酱酱,https://sns-avatar-qc.xhscdn.com/avatar/1040g2jo31p6nheplio505n9elmi4jdkfamq094o?imageView2/2/w/120/format/jpg,0,,0,1774561953522,1
68c38794000000003002cdae,1757644692000,广东,68a84290000000001d0144e7,感觉人物拍太大,630c6e960000000019021afa,小鱼糕,https://sns-avatar-qc.xhscdn.com/avatar/1040g2jo30vtl4vlh642g5oocdqb6c6nqah6vsg8?imageView2/2/w/120/format/jpg,0,,0,1774561953522,1
68bd052e000000000b02f6a8,1757218095000,四川,68a84290000000001d0144e7,好可爱啊[红色心形R],5fd856ec000000000101fbc2,7Takanoene9,https://sns-avatar-qc.xhscdn.com/avatar/1000g2jo2oefq5vaju05g5nuoarm0buu2ubt9g5o?imageView2/2/w/120/format/jpg,0,,0,1774561953523,0
68a846e0000000002700a3ef,1755858656000,广西,68a84290000000001d0144e7,我一看到这个女孩子脑海里就是by two的歌[派对R],64c10d0b0000000014037332,小羊,https://sns-avatar-qc.xhscdn.com/avatar/1040g2jo31orst0hg1a6g5p611k5l6spitug4bc8?imageView2/2/w/120/format/jpg,0,,0,1774561953523,5
685e7c32000000000c024b77,1751022642000,上海,685e79320000000010011c3c,up简直是掌握光影的神,63427cff000000001802919d,yrzzzzzz,https://sns-avatar-qc.xhscdn.com/avatar/1040g2jo30qj0rj14gc6g5oq2fjvm54ctnn74fgo?imageView2/2/w/120/format/jpg,5,,0,1774561964966,2174
685eafd800000000040146d6,1751035865000,广东,685e79320000000010011c3c,这张好灿烂好漂亮，生命力都溢出来了！我真的被美到了！！！！！！,65b22f67000000000d03d9ec,青浅,https://sns-avatar-qc.xhscdn.com/avatar/1040g2jo31kt3k282j0605pdi5tjjfmfcmagc95o?imageView2/2/w/120/format/jpg,16,http://sns-webpic-qc.xhscdn.com/202603270552/7047b66f0fdf9f3b8a491c984060ed34/comment/1040g2h031j856no0j25g5pdi5tjjfmfchlbng8o!nd_whgt34_webp_wm_1,0,1774561964967,4204
68695ef9000000001100caed,1751736058000,安徽,685e79320000000010011c3c,你把真善美融合到了摄影行动中。,5d36d43f000000001600b698,简纯,https://sns-avatar-qc.xhscdn.com/avatar/1040g2jo31fj1jj93nk6g5n9mqgvlhdkoq6p7dr0?imageView2/2/w/120/format/jpg,1,,0,1774561964969,303
686cda59000000000c0270d6,1751964250000,湖南,685e79320000000010011c3c,这张绝了,64112e12000000000f0136fb,火星照耀十三州府,https://sns-avatar-qc.xhscdn.com/avatar/1040g2jo31plj6cpt4m6g5p0h5o93qdnrtdkubho?imageView2/2/w/120/format/jpg,0,http://sns-webpic-qc.xhscdn.com/202603270552/364e29b64f634742ba5feb7a6a03b1d0/comment/1040g2h031jlvsoqtiu505p0h5o93qdnr8iie568!nd_whgt34_webp_wm_1,0,1774561964969,113
686d296b00000000130344c3,1751984491000,江苏,685e79320000000010011c3c,好好看 很多小个子长得都会有点幼态和成熟之间的违和感 但是她长得很温柔很美诶！！！是因为是视频博主吗？表现力很好啊！,678e8d79000000000a03f5a7,耶,https://sns-avatar-qc.xhscdn.com/avatar/1040g2jo31gtpsuudj8005psehlsintd7kjohc8g?imageView2/2/w/120/format/jpg,0,,0,1774561964970,103
6874ad48000000000602fe14,1752477002000,湖南,685e79320000000010011c3c,真的眼前一亮,6307a0aa000000001200c348,迷路煎饼,https://sns-avatar-qc.xhscdn.com/avatar/1040g2jo318u6m2e9jk005oo7k2l4hgq80b5amt0?imageView2/2/w/120/format/jpg,1,http://sns-webpic-qc.xhscdn.com/202603270552/76d3811ff58f283f3b68b1929a7ade0b/comment/1040g2h031jtkcndcig0g5oo7k2l4hgq84u3h0uo!nd_whgt34_webp_wm_1,0,1774561964970,17
687cd800000000001b03d9f4,1753012225000,西班牙,685e79320000000010011c3c,主包这是什么支架啊相机跟action4绑在一起？,6403e76c000000001001c7e9,用户已注销,https://sns-avatar-qc.xhscdn.com/avatar/645b65431e7abf18da7d1266.jpg?imageView2/2/w/120/format/jpg,1,,0,1774561964970,0
687b48cc0000000002004028,1752910028000,四川,685e79320000000010011c3c,真的拍得很好看  把小姐姐的美拍出来了 绝[点赞R][红色心形R],61d66ce9000000001000d19b,卡皮巴拉巴拉,https://sns-avatar-qc.xhscdn.com/avatar/1040g2jo31slvkvg7626g5oemdjkk1kcr3p4lrhg?imageView2/2/w/120/format/jpg,0,,0,1774561964971,7
687e60c8000000001a02f228,1753112776000,四川,685e79320000000010011c3c,我真的觉得很好诶！！！,5eae9d7700000000010074fa,叽叽呱呱,https://sns-avatar-qc.xhscdn.com/avatar/1000g2jo2koh8t98jc0005nlejlrg8t7q3ll1qb8?imageView2/2/w/120/format/jpg,0,,0,1774561964971,6
68724da1000000001101ade1,1752321442000,甘肃,685e79320000000010011c3c,妈呀真的好漂亮，超级幸福的感觉[皱眉R],62c81f4d000000001501dd4c,snake酱,https://sns-avatar-qc.xhscdn.com/avatar/1040g2jo31gff4bqdjc6g5om83t6lbnacf265f0o?imageView2/2/w/120/format/jpg,0,,0,1774561964971,6
68aed0bb0000000009028d4f,1756287165000,四川,685e79320000000010011c3c,这是兄妹吗？好温馨。这组作品让我泪目，作者牛！,5ef36a71000000000100440d,Flora,https://sns-avatar-qc.xhscdn.com/avatar/1040g2jo314mtviio6k605nnjd9og8h0dv4gg2eo?imageView2/2/w/120/format/jpg,0,http://sns-webpic-qc.xhscdn.com/202603270552/5ed68d68b6dc6b5afb7d81aea76d20a7/comment/1040g2h031lmd76nc5e6g5nnjd9og8h0dv0ike18!nd_whgt34_webp_wm_1,0,1774561971339,0
68ae5431000000000b025253,1756255281000,四川,685e79320000000010011c3c,能把素人拍好的摄影师才是好摄影,689733f30000000028013a4b,我会发光,https://sns-avatar-qc.xhscdn.com/avatar/1040g2jo31l1geu2bj2305q4n6fpq2eibriv1g20?imageView2/2/w/120/format/jpg,0,,0,1774561971340,1
68abf7ab0000000030012452,1756100524000,河南,685e79320000000010011c3c,这组给我看泪目了,5a8cd77de8ac2b2b64f609a1,虎蛋儿是妞喵,https://sns-avatar-qc.xhscdn.com/avatar/1040g2jo31u3798tjh8604a1l2ibnq2d1qbr0kbg?imageView2/2/w/120/format/jpg,0,,0,1774561971340,0
6894504d000000002b0050eb,1754550350000,湖南,685e79320000000010011c3c,真好，你证明了美绝不是那么的狭隘,634b4a32000000001802e7a6,泥石水刀拿去,https://sns-avatar-qc.xhscdn.com/avatar/66dfc7d82bad2bf2afa5b79b.jpg?imageView2/2/w/120/format/jpg,0,,0,1774561971340,0
68861664000000001a02b6e6,1753618020000,广东,685e79320000000010011c3c,小江的女朋友啦，姐姐真的很好看阳光☀️呢,5bbf4c3ad90e750001f2a24a,小红薯68D2A3BD,https://sns-avatar-qc.xhscdn.com/avatar/5bbf4c3ad90e750001f2a24a.jpg?imageView2/2/w/120/format/jpg,0,,0,1774561971341,0
6885e2ff000000001100f40e,1753604863000,山西,685e79320000000010011c3c,可是她真的很好看啊[doge],5e96a4c20000000001008972,粉红色独角兽🦄（被捂嘴版，暂时不能回复评论了）,https://sns-avatar-qc.xhscdn.com/avatar/1040g2jo31kf0c23jj65g5nkmkj1092bii8obljg?imageView2/2/w/120/format/jpg,0,,0,1774561971341,0
688531570000000001020b95,1753559384000,广东,685e79320000000010011c3c,每个人都可以拍的很美[哭惹R],5fefebcb0000000001009fe9,1234567,https://sns-avatar-qc.xhscdn.com/avatar/1040g2jo31tkd66np6u6g5nvftf5g97v9kmi2mhg?imageView2/2/w/120/format/jpg,0,,0,1774561971341,0
68841306000000001100db11,1753486087000,江西,685e79320000000010011c3c,每个人是自己生命的主角，摄影师拍出了主角感。。,603870880000000001007e65,momo,https://sns-avatar-qc.xhscdn.com/avatar/1040g2jo30u6t0kpv565g5o1oe2408vj5c3gm0u8?imageView2/2/w/120/format/jpg,0,,0,1774561971341,1
6882e16e000000000f03f23d,1753407854000,天津,685e79320000000010011c3c,[哭惹R][哭惹R][哭惹R]这才是素人抓拍,686a3c33000000000d03fe12,W.F摄影工作室📷,https://sns-avatar-qc.xhscdn.com/avatar/1040g2jo31kbn260q2g305q3a7gpjfvgisj0cnfo?imageView2/2/w/120/format/jpg,0,,0,1774561971341,2
68827fd0000000001a028d83,1753382865000,美国,685e79320000000010011c3c,我必须要关注你了！,56b16d7e50c4b4165d5f4b91,芝麻麻麻,https://sns-avatar-qc.xhscdn.com/avatar/1040g2jo31fnbchnl7q0045fbqpmnsish4j6tbr8?imageView2/2/w/120/format/jpg,0,,0,1774561971342,0
64b8aa66000000002c03b7d8,1689823846000,,64b4dd380000000010029d41,进主页 更多美食,6243272d0000000021021d65,爱喝冰阔乐,https://sns-avatar-qc.xhscdn.com/avatar/625d5d5402d61b9d086558ba.jpg?imageView2/2/w/120/format/jpg,0,,0,1774561982807,6
64b61ee2000000001a0218f3,1689657058000,,64b4dd380000000010029d41,这个熊猫哪里买,5beae7684f5ba100012c7426,图图,https://sns-avatar-qc.xhscdn.com/avatar/1040g2jo31md5k2itmg604bqfn1jmgt168ch5og8?imageView2/2/w/120/format/jpg,3,,0,1774561982809,1
64b53729000000001c014746,1689597737000,,64b4dd380000000010029d41,求茶馆名叫什么,5b5f15c911be1060ce1cae24,Jade,https://sns-avatar-qc.xhscdn.com/avatar/5b5f15c911be1060ce1cae24.jpg?imageView2/2/w/120/format/jpg,6,,0,1774561982809,29
64be7f46000000001a022a2d,1690206022000,,64b4dd380000000010029d41,熊猫是馒头吗？,63c536350000000027028069,小红薯63C66798,https://sns-avatar-qc.xhscdn.com/avatar/63c536350000000027028069.jpg?imageView2/2/w/120/format/jpg,2,,0,1774561982810,0
64b9fe8e00000000180396b7,1689910926000,,64b4dd380000000010029d41,听说成都人，人手一只熊猫[偷笑R],5ffab4c2000000000101f130,香蕉片子！,https://sns-avatar-qc.xhscdn.com/avatar/1040g2jo314j9pmlpmk5g5nvqmj10bs9gsrlee3o?imageView2/2/w/120/format/jpg,5,,0,1774561982811,24
64bad2ce000000002b035a44,1689965262000,,64b4dd380000000010029d41,重庆净是好东西啊[惊恐R]这个刚刷到一家抹茶冰淇淋[惊恐R]这地我非去不可了[哭惹R],5e24ae2100000000010068fd,数学我恨你！,https://sns-avatar-qc.xhscdn.com/avatar/63e4f445453a38712e6384cc.jpg?imageView2/2/w/120/format/jpg,1,,0,1774561982811,0
64b68eef000000001900facc,1689685743000,,64b4dd380000000010029d41,好吃吗？,5482e87fd6e4a96b141323c0,鬼鬼,https://sns-avatar-qc.xhscdn.com/avatar/5482e87fd6e4a96b141323c0.jpg?imageView2/2/w/120/format/jpg,1,,0,1774561982812,0
64ba0ad800000000190307f9,1689914072000,,64b4dd380000000010029d41,请问那个熊猫可以吃吗,58ef892b82ec397b956e801f,momo｜,https://sns-avatar-qc.xhscdn.com/avatar/1040g2jo31stp7c4j5e0049d36d4in00v5bo1e7g?imageView2/2/w/120/format/jpg,1,,0,1774561982812,0
64e6dd08000000001802d2c6,1692851464000,,64b4dd380000000010029d41,这是馒头吗？,5a17d2594eacab1c522f97f9,开开的超能力,https://sns-avatar-qc.xhscdn.com/avatar/1040g2jo31n1qbem8l80049vrar95j5vpfkmtu1o?imageView2/2/w/120/format/jpg,1,,0,1774561982813,0
64b91dfd000000002d019379,1689853437000,,64b4dd380000000010029d41,在哪,5acb5e81e8ac2b1de5f966ad,小红薯68E03DC0,https://sns-avatar-qc.xhscdn.com/avatar/1040g2jo31nmt06oa5m004a4dbsf82pldk4map00?imageView2/2/w/120/format/jpg,1,,0,1774561982814,0
66f630b50000000024011f1f,1727410358000,,64b4dd380000000010029d41,白色那个熊猫是甜品吗,5d9833620000000001004b85,一一,https://sns-avatar-qc.xhscdn.com/avatar/5d9833620000000001004b85.jpg?imageView2/2/w/120/format/jpg,1,,0,1774561989223,0
64b6354a000000001101c29c,1689662794000,,64b4dd380000000010029d41,@劉 @那君 @熹饱饱儿🎀 [抓狂R],5bcafdb136dfe6000149202f,五花杀手,https://sns-avatar-qc.xhscdn.com/avatar/1040g2jo313bkvv66g05g4bhjpdur281fig6dkco?imageView2/2/w/120/format/jpg,0,,0,1774561989224,4
64da50590000000029010770,1692029017000,,64b4dd380000000010029d41,@Julieyaaa,60dc8b1e0000000001000ef4,🥥,https://sns-avatar-qc.xhscdn.com/avatar/1040g2jo30qetfu5l08005o6shcf083nkd7q71q0?imageView2/2/w/120/format/jpg,1,,0,1774561989225,1
666797940000000012026521,1718065044000,,64b4dd380000000010029d41, @咸鱼爱挑事 ,5b0ff01b11be100188365a31,美羊羊,https://sns-avatar-qc.xhscdn.com/avatar/1040g2jo31o7rvm6b6g5g4a5qj1o1mmhhqdqj4no?imageView2/2/w/120/format/jpg,0,,0,1774561989225,0
6661d326000000000502e505,1717687079000,,64b4dd380000000010029d41,@思.,609138ab000000000101d8ab,Ruiuoo.,https://sns-avatar-qc.xhscdn.com/avatar/1040g2jo3172rkqe20s505o4h72lgbm5besqe47g?imageView2/2/w/120/format/jpg,0,,0,1774561989226,1
664c8000000000001202d566,1716289537000,,64b4dd380000000010029d41, @蛋蛋是我大宝贝 ,58ba956682ec397d6356eb46,下班分秒必曾女士🙃,https://sns-avatar-qc.xhscdn.com/avatar/1040g2jo31qfi5v2g7g0049880gamdqq6l2vihpo?imageView2/2/w/120/format/jpg,1,,0,1774561989226,0
6642fdae000000001202f95d,1715666350000,,64b4dd380000000010029d41,多少钱一份啊,55daf251e4b1cf2dda4460dd,拾柒电商设计,https://sns-avatar-qc.xhscdn.com/avatar/63fdbe9e9993b32d804feeed.jpg?imageView2/2/w/120/format/jpg,0,,0,1774561989227,0
65cf166400000000090162e6,1708070500000,,64b4dd380000000010029d41,这个茶社在人民公园里面吗？,5e342f8b0000000001001f10,妞子,https://sns-avatar-qc.xhscdn.com/avatar/1040g2jo30p43mvhojq605nhk5u5g87og86ehkoo?imageView2/2/w/120/format/jpg,0,,0,1774561989227,1
65bb9547000000000600dc2f,1706792263000,,64b4dd380000000010029d41,@玉鸾碎琼,5fa5351600000000010068d4,deaken,https://sns-avatar-qc.xhscdn.com/avatar/61f1ebbbe4bc5ae1a4415933.jpg?imageView2/2/w/120/format/jpg,0,,0,1774561989228,0
657db83c0000000018034e1a,1702737980000,,64b4dd380000000010029d41,@葡萄糖的布布,5e31986e000000000100a16e,这是上上荣宠上上荣宠,https://sns-avatar-qc.xhscdn.com/avatar/1040g2jo31tvaan6qne005nhhj1n098bei9beis8?imageView2/2/w/120/format/jpg,0,,0,1774561989228,0
67a49a21000000001b01cd24,1738840610000,广东,67a4990d000000002602d40e,欢迎宝宝们成为老粉[飞吻R][飞吻R][飞吻R],67571f29000000001d02ea82,每天次饱饱,https://sns-avatar-qc.xhscdn.com/avatar/1040g2jo31g17j482nk005pqn3skndqk2mafj6eo?imageView2/2/w/120/format/jpg,9,,0,1774562000636,61
67a4bb4e000000001b031321,1738849104000,,67a4990d000000002602d40e,拿你們的第一排第一個表情包換[doge],674a8c79000000001c01b5aa,罗十一我们喜欢你😭,https://sns-avatar-qc.xhscdn.com/avatar/1040g2jo31itpaq8f1e005pqahhsn3ddav6fmhig?imageView2/2/w/120/format/jpg,135,http://sns-webpic-qc.xhscdn.com/202603270553/667dbd06c9c688c7f8e198c7ebf1b212/comment/1040g2h031dii3gjigs005pqahhsn3ddal2sbia0!nd_whlt34_webp_wm_1,0,1774562000638,90
67a4daf4000000001a00d279,1738857204000,,67a4990d000000002602d40e,我妈: 美丽   矮   我爸: 丑   懂礼貌  我: 又矮又丑,66f2acc4000000000d0263d3,织雾竹 🎄,https://sns-avatar-qc.xhscdn.com/avatar/1040g2jo31kku86dn2o5g5pnilj23couj67jl4ao?imageView2/2/w/120/format/jpg,2,,0,1774562000638,13
67a553b7000000001b033d01,1738888120000,中国台湾,67a4990d000000002602d40e,《呀→西→巴→巴→巴→嘿↘，羊↗呃→稀→太→阳→巴→巴→嘿↗》[doge][流汗R],66fcc1cc000000001d033a9a,奶盖不加糖,https://sns-avatar-qc.xhscdn.com/avatar/1040g2jo31ssfeugkm86g5pnso767eekqcbh0jeo?imageView2/2/w/120/format/jpg,1,http://sns-webpic-qc.xhscdn.com/202603270553/ecf12a1f1395bba9cbe6619edae90582/comment/1040g2h031dj4mrfggu605pnso767eekqb7uev3o!nd_whlt34_webp_wm_1,0,1774562000639,17
67a583cc000000000a01b678,1738900428000,山东,67a4990d000000002602d40e,我妈遇事着急；,64c3383e000000001403a884,霄龙,https://sns-avatar-qc.xhscdn.com/avatar/645b7f3c86578b8c6ab3b068.jpg?imageView2/2/w/120/format/jpg,2,,0,1774562000639,1
67a604ae0000000016011cb8,1738933423000,,67a4990d000000002602d40e,,610665bf00000000200286d7,心情＾.,https://sns-avatar-qc.xhscdn.com/avatar/1040g2jo31tdt6odo626g5o86cmvo51mndr5d8ko?imageView2/2/w/120/format/jpg,1,http://sns-webpic-qc.xhscdn.com/202603270553/020b4b4b412dedeb27cd40cf07e2d25b/comment/1040g2h031djqa49dgmb05o86cmvo51mnmnkjigo!nd_whlt34_webp_wm_1,0,1774562000640,0
67a5ca2f0000000016034a57,1738918447000,,67a4990d000000002602d40e,生出来排毒[doge],6753ca4c000000000800a1ea,用户已注销,https://sns-avatar-qc.xhscdn.com/avatar/645b807d338379fac18930a8.jpg?imageView2/2/w/120/format/jpg,1,,0,1774562000640,1
67a5be6a000000000c013fcf,1738915435000,福建,67a4990d000000002602d40e,再生个妹妹或弟弟就变得有素质的美女或帅哥,64544e70000000000f006683,丹丹and小芮,https://sns-avatar-qc.xhscdn.com/avatar/1040g2jo31t5lfci662405p2k9po3opk35e4a6hg?imageView2/2/w/120/format/jpg,0,,0,1774562000641,0
67a5be19000000001402f352,1738915354000,,67a4990d000000002602d40e,我妈妈：漂亮不懂礼貌没钱，我爸爸：不是非常帅气礼貌有钱，我：不好看不懂礼貌没钱[流汗R],632ef0a50000000023026253,冨岡義勇,https://sns-avatar-qc.xhscdn.com/avatar/1040g2jo31qejq5p100005opeu2iosoij8hrrono?imageView2/2/w/120/format/jpg,0,,0,1774562000641,2
67a5be2c000000000b03824b,1738915373000,山东,67a4990d000000002602d40e,我妈：漂亮+没礼貌 我爸：不是很好看+有礼貌 我：漂亮+有礼貌[doge][点赞R],5ccb334500000000100110b0,把妹王.^🐰诗染の曲奇饼🍪,https://sns-avatar-qc.xhscdn.com/avatar/1040g2jo31i2ngjt8n06g5n6b6d2k245gm9u65s8?imageView2/2/w/120/format/jpg,0,,0,1774562000641,0
67a6eaf200000000190024dc,1738992370000,甘肃,67a4990d000000002602d40e,天呐，我是继承了我爸妈所有外貌身材上的优点+所有性格上的缺点[可怜R][捂脸R][哭惹R],5b95f8642045fe000135b798,王琪拉,https://sns-avatar-qc.xhscdn.com/avatar/6266a27ce02e6c7860cfb215.jpg?imageView2/2/w/120/format/jpg,0,,0,1774562007036,0
67a5f06e0000000019000f95,1738928240000,河北,67a4990d000000002602d40e,妈：长得好看，矮                                                        爸：喜欢瞪别人，高                                                  你：,648318a900000000120371e4,AAA-大运车赵师傅（专跑国道）（全保险）,https://sns-avatar-qc.xhscdn.com/avatar/1040g2jo31frgpuakgi5g5p4332kkmsf4fbmg240?imageView2/2/w/120/format/jpg,0,http://sns-webpic-qc.xhscdn.com/202603270553/db3379c3d4e91762f39cb3779245c554/comment/1040g2h031djnr13f0u5g5p4332kkmsf48sc2qv0!nd_whlt34_webp_wm_1,0,1774562007038,0
67a5ab070000000021036af0,1738910472000,内蒙古,67a4990d000000002602d40e,呀→西→巴→巴→巴→嘿↘，羊↗呃→稀→太→阳→巴→巴→嘿↗,64aa882b000000000b01552c,糯米糍洛洛,https://sns-avatar-qc.xhscdn.com/avatar/1040g2jo31d5dg6gogc6g5p5ah0liql9ctkleg70?imageView2/2/w/120/format/jpg,0,http://sns-webpic-qc.xhscdn.com/202603270553/4b2272acfc914a561a6b1811a85b4fef/comment/1040g2h031djaoihj12405p5ah0liql9cg7oelgg!nd_whgt34_webp_wm_1,0,1774562007039,0
67a4ace2000000000a035888,1738845411000,,67a4990d000000002602d40e,我的妈妈:胖，脾气爆  我的爸爸:胖，脾气爆  我:        瘦，脾气爆(2倍),616eb867000000000202337b,翯鈱,https://sns-avatar-qc.xhscdn.com/avatar/1040g2jo31u5jdd482o6g5oben1jgkcrr4735108?imageView2/2/w/120/format/jpg,0,,0,1774562007039,0
67a6e2b00000000017001103,1738990256000,天津,67a4990d000000002602d40e,然后你妹漂亮+有礼貌[偷笑R],62fdce79000000001200c7eb,10.1,https://sns-avatar-qc.xhscdn.com/avatar/1040g2jo31fvkgvlv7k5g5ontppskhhvbfgqcq4o?imageView2/2/w/120/format/jpg,0,,0,1774562007040,1
67a59f1f0000000020039af2,1738907424000,福建,67a4990d000000002602d40e,我妈:胖，有素质，我爸:帅，没素质，我:没素质，胖,5e72e6e20000000001003c43,小红薯5E736203,https://sns-avatar-qc.xhscdn.com/avatar/1040g2jo3152p3gp5gs605njisrh08f23lppmln0?imageView2/2/w/120/format/jpg,0,,0,1774562007040,0
67a49fc30000000021015007,1738842052000,陕西,67a4990d000000002602d40e,我是你老粉；每个视频我都给你点赞了，不信你看看,566d07d9e00dd82223020b5d,馨宝宝和核桃,https://sns-avatar-qc.xhscdn.com/avatar/1040g2jo31qq9fruu0m00445e9m3ti2qtih0kvdo?imageView2/2/w/120/format/jpg,0,,0,1774562007041,0
67a5a7ff0000000021016785,1738909697000,,67a4990d000000002602d40e,谢谢你也是，不过在这方面我还要多向你学习,6427f3b70000000011020f37,椒椒的椒椒酱,https://sns-avatar-qc.xhscdn.com/avatar/1040g2jo31kgq2jle2a6g5p17uerkc3pn0bo6q20?imageView2/2/w/120/format/jpg,0,http://sns-webpic-qc.xhscdn.com/202603270553/143c445b315d34564f55687edfea6090/comment/1040g2h031djf02ui086g5p17uerkc3pnuu8oqi8!nd_whgt34_webp_wm_1,0,1774562007042,3
67a6086f000000001602a0a2,1738934383000,,67a4990d000000002602d40e,我妈：美+脾气暴躁 我爸：丑+脾气差 我：漂亮+脾气差[捂脸R],5e4b3daf000000000100b6cb,橙渔.,https://sns-avatar-qc.xhscdn.com/avatar/1040g2jo31o3r6qc4kq605nib7mng9dmb0vp0378?imageView2/2/w/120/format/jpg,0,,0,1774562007043,0
67a6458d0000000016036651,1738950030000,,67a4990d000000002602d40e,,665097dc00000000030317a7,C.,https://sns-avatar-qc.xhscdn.com/avatar/1040g2jo31js7fh8mj0705pigive0u5t7ekn3e78?imageView2/2/w/120/format/jpg,0,http://sns-webpic-qc.xhscdn.com/202603270553/e659cc94fe569643acafad3cb28a73e3/comment/1040g2h031dk2498u10405pigive0u5t78fhkr78!nd_whgt34_webp_wm_1,0,1774562007044,0
640d65d30000000019030acf,1678599635000,,640afae300000000270139b3,我一个成都人看得好认真[doge][doge]有种生怕你们来了觉得不好耍的担心[doge][doge][doge]谁懂？,6405bea4000000002a00bbb7,七个小矮人的娘亲,https://sns-avatar-qc.xhscdn.com/avatar/1040g2jo31sga8k7u5k6g5p05nqiahetnvaeopv8?imageView2/2/w/120/format/jpg,17,,0,1774562018511,138
640f11fd00000000070092c0,1678709245000,,640afae300000000270139b3,抄手就是抄手，馄饨就是馄饨不要误导他人，我在成都长大没听哪里说过抄手就是馄饨，抄手皮和馄饨皮也是两种皮,63c0233a000000002702af9b,小红薯63C0723C,https://sns-avatar-qc.xhscdn.com/avatar/0dd6f7e91ce0bea602fbc47515b7c72f.jpg?imageView2/2/w/120/format/jpg,17,,0,1774562018513,76
64109d3c0000000006022575,1678810428000,,640afae300000000270139b3,明天到 请问成都人民穿啥厚度的衣服,58b844ed82ec396d464557da,糖炒板栗,https://sns-avatar-qc.xhscdn.com/avatar/1040g2jo31jjppot03200497uoa2eqluqfgn7iqo?imageView2/2/w/120/format/jpg,4,,0,1774562018515,3
640de792000000000700e3cc,1678632850000,,640afae300000000270139b3,为什么别人说的是双流机场更近市区[笑哭R],590b330182ec3937a784a567,momo,https://sns-avatar-qc.xhscdn.com/avatar/1040g2jo31ljc8pfk5i0049fa56pg39b7hqlc8u0?imageView2/2/w/120/format/jpg,3,,0,1774562018516,3
640df9c9000000001402f7a9,1678637513000,,640afae300000000270139b3,欢乐谷100r+？后面+的会不会稍许多了些,5fd07eff000000000101d484,🐻⭐,https://sns-avatar-qc.xhscdn.com/avatar/1040g2jo310qjudeg6m605nugfrvgbl44nroal30?imageView2/2/w/120/format/jpg,3,,0,1774562018516,1
6411602c0000000018028fa2,1678860332000,,640afae300000000270139b3,兴隆湖也好玩呀[飞吻R],5bdc0f6ddd118000013cb10f,WT,https://sns-avatar-qc.xhscdn.com/avatar/5bdc0f6ddd118000013cb10f.jpg?imageView2/2/w/120/format/jpg,3,,0,1774562018517,3
640bc28a0000000018005d27,1678492298000,,640afae300000000270139b3,离市区近的是双流机场,57bb214f50c4b45aacb9427a,只卖珍珠的珍珠一姐,https://sns-avatar-qc.xhscdn.com/avatar/1040g2jo31rp0ku9o226048le0igkugjqrurpdqg?imageView2/2/w/120/format/jpg,2,,0,1774562018517,32
64316f21000000001900fd58,1680961313000,,640afae300000000270139b3,我的城市去成都，最近变成只有到天府机场，没有到双流了，请问从天府有到市区的大巴吗？,5afbe972f7e8b973056701d4,你就是庆典，你就是晴天,https://sns-avatar-qc.xhscdn.com/avatar/1040g2jo31lq91ffkli6g4a5chlkn40ekjtc3flo?imageView2/2/w/120/format/jpg,2,,0,1774562018518,0
640f2bdc000000001603699f,1678715868000,,640afae300000000270139b3,双流住了十几年的人告诉你，你上面写的地方全是天府新区,5c93a74d0000000012034476,zj,https://sns-avatar-qc.xhscdn.com/avatar/63f391256e246001ef1bac77.jpg?imageView2/2/w/120/format/jpg,1,,0,1774562018519,2
64109dca000000001603b8ae,1678810570000,,640afae300000000270139b3,呜呜呜呜一定是我龙泉驿区不配了[哭惹R],60e71cd50000000020026fd5,吱吱橘子糖,https://sns-avatar-qc.xhscdn.com/avatar/640824d3edb9dae384f95fe8.jpg?imageView2/2/w/120/format/jpg,1,,0,1774562018519,1
640ecd96000000001800760e,1678691734000,,640afae300000000270139b3,成都甲流严重吗，这周末想带孩子去,566a47896a6a69088cee8039,北鼻girl,https://sns-avatar-qc.xhscdn.com/avatar/1040g2jo30pilsb93mk6g43v62c3oj01pnqs9hrg?imageView2/2/w/120/format/jpg,1,,0,1774562035190,0
64157f630000000019037e82,1679130467000,,640afae300000000270139b3,天府机场附近有地铁不,5dd550ed0000000001005cef,彩云之南,https://sns-avatar-qc.xhscdn.com/avatar/1040g2jo312e0oct0626g5nela3mg8n7f1qkugtg?imageView2/2/w/120/format/jpg,1,,0,1774562035193,0
640d7a780000000019030ac2,1678604920000,,640afae300000000270139b3,你双流区的四个点都不在双流区！一个在高新区，三个在天府新区！外地人就别来蹭成都热度了,63d354d0000000002601338a,Lahom只跑十公里,https://sns-avatar-qc.xhscdn.com/avatar/63e899685c01a20f608a520a.jpg?imageView2/2/w/120/format/jpg,1,,0,1774562035193,1
642ba4a30000000018005e0b,1680581795000,,640afae300000000270139b3,都不咋好玩，咱成都还是推荐些好吃的吧[doge][流汗R]（另外去太古里不要穿得太靓，容易被追着问要不要街拍[流汗R]）,63eb01a700000000260069f3,用户已注销,https://sns-avatar-qc.xhscdn.com/avatar/645b7f257b3e7e60e53504de.jpg?imageView2/2/w/120/format/jpg,0,,0,1774562035194,0
644891f5000000000b03097c,1682477557000,,640afae300000000270139b3,永陵不是免费的,5e89fa98000000000100a190,女神经,https://sns-avatar-qc.xhscdn.com/avatar/1040g2jo31spbhgamlm605nk9vac098cgq1fkvpo?imageView2/2/w/120/format/jpg,0,,0,1774562035194,0
642ea6d80000000019033bdf,1680778968000,,640afae300000000270139b3,龙泉石经寺，桃花故里看桃花，折樱桃，农家乐吃饭晒太阳打牌,63671f91000000001f017c2b,用户已注销,https://sns-avatar-qc.xhscdn.com/avatar/be4e54a984a21be925a215a08fb36c8b.jpg?imageView2/2/w/120/format/jpg,0,,0,1774562035195,0
643cb70b000000000700c43d,1681700619000,,640afae300000000270139b3,我在成都待了5年，都看得津津有味[吐舌头H],57b67f1e3460943648b450f1,一只月-Eyebrows,https://sns-avatar-qc.xhscdn.com/avatar/1040g2jo31b4o2lfmne0048l8ubvhsk7h2f2cgp8?imageView2/2/w/120/format/jpg,0,,0,1774562035195,0
642b82c30000000015011dc1,1680573123000,,640afae300000000270139b3,欢乐谷明明就是190+[哭惹R],60ed0b35000000000101fc41,小柒,https://sns-avatar-qc.xhscdn.com/avatar/63b84175b4956e469e10c74b.jpg?imageView2/2/w/120/format/jpg,0,,0,1774562035195,0
6516b35e00000000210029ce,1695986526000,,640afae300000000270139b3,怎么是我天府新区不配吗？,63e0f006000000002702a148,happiness,https://sns-avatar-qc.xhscdn.com/avatar/1040g2jo31frj9qn8gg605ov0u039t8a8uvtgn3o?imageView2/2/w/120/format/jpg,0,,0,1774562035196,1
64313b450000000006022eb4,1680948037000,,640afae300000000270139b3,来四川玩哈哈哈[萌萌哒R][萌萌哒R],5f8d15300000000001009d76,妖灵灵,https://sns-avatar-qc.xhscdn.com/avatar/1040g2jo31qcvo555005g5nsd2ko097bmb6eulh8?imageView2/2/w/120/format/jpg,0,,0,1774562035196,0
6483e958000000001603d720,1686366552000,,647adae1000000001300d5ba,渝少侠火锅，到店用餐立减五十[派对R][派对R]截图宝子们[飞吻R][飞吻R],63eb0a5100000000260105ce,翻斗花园小美,https://sns-avatar-qc.xhscdn.com/avatar/63ec63bbf074a05f2d80a428.jpg?imageView2/2/w/120/format/jpg,9,,0,1774562046677,6
64833772000000000e003deb,1686321010000,,647adae1000000001300d5ba,天府机场怎么到市区啊[笑哭R][笑哭R][笑哭R],5b29a922f7e8b907d482c60b,O.o o.O,https://sns-avatar-qc.xhscdn.com/avatar/5b29a922f7e8b907d482c60b.jpg?imageView2/2/w/120/format/jpg,9,,0,1774562046680,2
647b9275000000002d01b4fc,1685820021000,,647adae1000000001300d5ba,六月都在成都 有人结伴吗,624849f0000000001000c164,Young 召集Web3和数字游民,https://sns-avatar-qc.xhscdn.com/avatar/640b368de33a6ed3c510bcb6.jpg?imageView2/2/w/120/format/jpg,18,,0,1774562046681,5
6482a610000000001800a495,1686283792000,,647adae1000000001300d5ba,金沙和三星堆有什么区别呀,54e4ba4e2e1d932d06c0a008,Jenny_貝,https://sns-avatar-qc.xhscdn.com/avatar/5a130969b46c5d17dd88c39f.jpg?imageView2/2/w/120/format/jpg,3,,0,1774562046683,2
64870fb200000000180071ac,1686572978000,,647adae1000000001300d5ba,有7月去的吗，来个旅游搭子,6483e4760000000011002b45,小红薯64854314,https://sns-avatar-qc.xhscdn.com/avatar/64870fc6c021bc9a2bfa1181.jpg?imageView2/2/w/120/format/jpg,7,,0,1774562046684,2
6485c5d4000000001f031dce,1686488532000,,647adae1000000001300d5ba,请问成都市区怎么去三星堆博物馆呀？如果只选一个博物馆去，建议选哪一个呢？,5f76be9d000000000100ad07,喂小蓓呀,https://sns-avatar-qc.xhscdn.com/avatar/1040g2jo31ldtsjh8l2005nrmnqeg9b877og9kug?imageView2/2/w/120/format/jpg,3,,0,1774562046685,0
6486c23d000000002c03ec96,1686553149000,,647adae1000000001300d5ba,7月初一个人，有结伴的吗，可以跟团[害羞R],5c1f8bac0000000005034d62,momo,https://sns-avatar-qc.xhscdn.com/avatar/1040g2jo316hr6en8io6g5n0vhem1ejb2g2adlu8?imageView2/2/w/120/format/jpg,5,,0,1774562046686,5
64950a4f000000002b006b80,1687489103000,,647adae1000000001300d5ba,哈？三星堆闭馆了,5c7a3dd70000000010032eac,momo,https://sns-avatar-qc.xhscdn.com/avatar/1040g2jo31hi2jdtn3o005n3q7nbk6blcicet580?imageView2/2/w/120/format/jpg,2,,0,1774562046688,0
647efe5e000000001a01242d,1686044254000,,647adae1000000001300d5ba,需要预约的景点有人数限制吗,5fce4130000000000101d338,22777,https://sns-avatar-qc.xhscdn.com/avatar/629ff8fa369bf530b24e0cf6.jpg?imageView2/2/w/120/format/jpg,1,,0,1774562046689,2
647dc159000000001a012bcc,1685963097000,,647adae1000000001300d5ba,有需要提前预约的吗,5a900ee4e8ac2b36c99bcbd5,灵儿,https://sns-avatar-qc.xhscdn.com/avatar/5a900ee4e8ac2b36c99bcbd5.jpg?imageView2/2/w/120/format/jpg,1,,0,1774562046690,1
687ce49d000000001901d1c3,1753015455000,四川,647adae1000000001300d5ba,来成都不知道吃什么可以看看我吃过的这几家哦[偷笑R],63eb0a5100000000260105ce,翻斗花园小美,https://sns-avatar-qc.xhscdn.com/avatar/63ec63bbf074a05f2d80a428.jpg?imageView2/2/w/120/format/jpg,0,http://sns-webpic-qc.xhscdn.com/202603270554/4c9d8e8a1f32ffb1d0f19606cd9b4739/comment/1040g2h031k5l4rvu2u6g5ovb198pi1eej2ddi18!nd_whgt34_webp_wm_1,0,1774562053200,0
658c3f040000000018026bb1,1703689988000,,647adae1000000001300d5ba,@A～,5c8dc01c000000001201bbca,可有可吴女士,https://sns-avatar-qc.xhscdn.com/avatar/1040g2jo31t4c1gl9m26g5n4do0e4jeuaikf1m2o?imageView2/2/w/120/format/jpg,0,,0,1774562053202,0
6585aa3a0000000018036938,1703258682000,,647adae1000000001300d5ba,@🍉,616f60ef000000000201d561,你大爷是你大爷,https://sns-avatar-qc.xhscdn.com/avatar/1040g2jo312q8t4or3i605obfc3ngjlb16b5bib8?imageView2/2/w/120/format/jpg,0,,0,1774562053204,0
65559bd4000000003300a468,1700109268000,,647adae1000000001300d5ba,@莫得名字麻辣烫,6263f91f000000001000f0db,王科,https://sns-avatar-qc.xhscdn.com/avatar/1040g2jo310b98mi16k6g5oj3v4fk1s6rbt20e3o?imageView2/2/w/120/format/jpg,0,,0,1774562053205,0
651848b20000000020032862,1696090290000,,647adae1000000001300d5ba,@judjekso,6039c3cf0000000001006bcb,kuray-,https://sns-avatar-qc.xhscdn.com/avatar/1040g2jo31pqjj9224g005o1pof7g8qubho2te48?imageView2/2/w/120/format/jpg,0,,0,1774562053206,0
65162e3f000000002100b468,1695952447000,,647adae1000000001300d5ba,@ZM子沐今天画画了吗 @红糖HONGTANG @菜鸡糯米鸡 top2这种,5ce64d5e000000001001971b,一点都不困,https://sns-avatar-qc.xhscdn.com/avatar/1040g2jo31em5np455i005n769lf435orj3uggao?imageView2/2/w/120/format/jpg,0,,0,1774562053206,0
650d1a3f000000001303c363,1695357503000,,647adae1000000001300d5ba,gzh是什么啊,5c4eb0030000000010014814,🐰,https://sns-avatar-qc.xhscdn.com/avatar/63c687104d14d06b01abab2a.jpg?imageView2/2/w/120/format/jpg,1,,0,1774562053207,0
650c4987000000001c02aa24,1695304071000,,647adae1000000001300d5ba,成都人假打，重庆人耿直[害羞R],5f22f7b2000000000101de57,逆流成河,https://sns-avatar-qc.xhscdn.com/avatar/1040g2jo319kgdjk56o005np2uup0bninptrlito?imageView2/2/w/120/format/jpg,1,,0,1774562053208,0
64eb4bfc000000002b037e81,1693142012000,,647adae1000000001300d5ba,从杭州去成都玩，是不是先坐飞机去重庆划算呀,5cb90e42000000001001c287,一只🐟游啊游,https://sns-avatar-qc.xhscdn.com/avatar/1040g2jo31f1l4qedm66g5n5p1p143gk799tq6eo?imageView2/2/w/120/format/jpg,1,,0,1774562053208,0
64e08ec3000000002c02fd02,1692438211000,,647adae1000000001300d5ba,想问一下住哪比较方便呀,5cba96ab000000001001be82,十七,https://sns-avatar-qc.xhscdn.com/avatar/63c35615d1a9f9ab80e4cf6f.jpg?imageView2/2/w/120/format/jpg,1,,0,1774562053209,0
683891d4000000000b01cb7b,1748537812000,上海,683827ee00000000030387f1,好看是好看的，但怎么有一种命很苦的感觉[捂脸R]之前刷到过男摄和女摄的区别，就是男摄拍出来会感觉命很苦[捂脸R]（叠个甲我觉得好看的）,5d9ad53d000000000101934b,芸.,https://sns-avatar-qc.xhscdn.com/avatar/1000g2jo2m2q3lk6j40005ncqqkugb4qb68rb290?imageView2/2/w/120/format/jpg,23,,0,1774562064637,101
683aaa8f000000000d01501c,1748675217000,马来西亚,683827ee00000000030387f1,这张回头触动我了，仿佛初恋回头看的眼神。,62bea9de000000001b0272a5,去游泳咯,https://sns-avatar-qc.xhscdn.com/avatar/1040g2jo312k28o8p0k6g5olul7f6ssl5m8i69io?imageView2/2/w/120/format/jpg,9,http://sns-webpic-qc.xhscdn.com/202603270554/a902741c2f5e7da941b042497933bba5/comment/1040g2h031i4vbkgc6o5g5olul7f6ssl52na7bl0!nd_whgt34_webp_wm_1,0,1774562064642,100
68384a46000000000a036e4f,1748519494000,广东,683827ee00000000030387f1,好像金靖啊！,608cc47c000000000100063f,想要吃饱饱,https://sns-avatar-qc.xhscdn.com/avatar/1040g2jo31t4fmbis5m605o4cohu081hvft89e1o?imageView2/2/w/120/format/jpg,14,,0,1774562064643,787
68388247000000000d014435,1748533832000,浙江,683827ee00000000030387f1,像黄轩和金婧的孩子[笑哭R],60dd4da0000000002002fc8d,Lulu_OrRuru,https://sns-avatar-qc.xhscdn.com/avatar/63877a2351326f3c7ff18006.jpg?imageView2/2/w/120/format/jpg,3,,0,1774562064643,31
683881e5000000001c0151ff,1748533733000,加拿大,683827ee00000000030387f1,谁告诉我这位博主平时出现在哪儿 我要假装偶遇一把[微笑R],6012a9fd000000000101dd19,留了个白,https://sns-avatar-qc.xhscdn.com/avatar/66c49d13b323d2ff53c181b4.jpg?imageView2/2/w/120/format/jpg,1,,0,1774562064644,6
68386e7b000000000303759e,1748528764000,浙江,683827ee00000000030387f1,虽然她在笑，为什么照片我看着好伤感呢,5577da5ee4b1cf4bceb6c8d6,北极星,https://sns-avatar-qc.xhscdn.com/avatar/1040g2jo31mnlipddmg1040pu59d5ti6metvhsfg?imageView2/2/w/120/format/jpg,2,,0,1774562064644,10
68387361000000000a036c3a,1748530018000,新疆,683827ee00000000030387f1,最喜欢这个,5cf3eea400000000180076f4,超爱吃酸,https://sns-avatar-qc.xhscdn.com/avatar/630e07d1a201303c11c8c677.jpg?imageView2/2/w/120/format/jpg,1,http://sns-webpic-qc.xhscdn.com/202603270554/fdfe253f6f8b4e0868c09143c766c74e/comment/1040g2h031i2qahks7c6g5n7jtqi60tnkepni04g!nd_whgt34_webp_wm_1,0,1774562064645,105
6838747600000000070373fe,1748530294000,四川,683827ee00000000030387f1,什么时候来成都a,6248f16c0000000010004ebf,宏无理,https://sns-avatar-qc.xhscdn.com/avatar/1040g2jo31ihm1ktf7q0g5oi8u5m40jlvo524k1o?imageView2/2/w/120/format/jpg,3,,0,1774562064668,0
683870c2000000001c03744d,1748529347000,湖南,683827ee00000000030387f1,一直想要这种风格的照片、但是自己太丑了[哭惹R],5c9980ce00000000110084e8,艺,https://sns-avatar-qc.xhscdn.com/avatar/623c0688bda33525f18bd52c.jpg?imageView2/2/w/120/format/jpg,1,,0,1774562064670,0
68385a2d000000001c03635b,1748523566000,上海,683827ee00000000030387f1,哇～是真的好好看啊～他到底是如何发现她的美～,556e6c1ae58d132eb985dc1b,哦～是甜茶啊～,https://sns-avatar-qc.xhscdn.com/avatar/644940b6b2b360267e42b05a.jpg?imageView2/2/w/120/format/jpg,1,,0,1774562064671,46
68387664000000000703775b,1748530790000,河南,683827ee00000000030387f1,对不起 我以为你没穿鞋哈哈哈哈哈哈哈哈哈哈,5f2e18430000000001008a81,生活诗人CC,https://sns-avatar-qc.xhscdn.com/avatar/1040g2jo30nnj61p57a005npe311g92k16995f1g?imageView2/2/w/120/format/jpg,1,http://sns-webpic-qc.xhscdn.com/202603270554/8f8f3171f6b6bb32ebaa71cbf463068e/comment/1040g2h031i2qmaao6o005npe311g92k1kcro6ug!nd_whlt34_webp_wm_1,0,1774562071033,4
68387cae000000001c01622b,1748532400000,四川,683827ee00000000030387f1,好像金靖,5c03de9b000000000800f61f,半亩方糖,https://sns-avatar-qc.xhscdn.com/avatar/1040g2jo316qa782qjq604bup3jf9ntgvicm1q30?imageView2/2/w/120/format/jpg,2,"http://sns-webpic-qc.xhscdn.com/202603270554/85ac8935e1a1b36e44c43f134d9ef2e3/comment/1040g2h031i2resbt7e6g4bup3jf9ntgvvhtfogo!nd_whgt34_webp_wm_1,http://sns-webpic-qc.xhscdn.com/202603270554/f497c6f92182c52434eeb92fb01528c3/comment/1040g2h031i2resbt7e604bup3jf9ntgvkp1ip6g!nd_whgt34_webp_wm_1,http://sns-webpic-qc.xhscdn.com/202603270554/5d7d78d83c1fb11534493443a70535b3/comment/1040g2h031i2resbt7e5g4bup3jf9ntgvi3khbf0!nd_whgt34_webp_wm_1",0,1774562071035,39
6838570b000000001c02ce42,1748522763000,上海,683827ee00000000030387f1,在你的镜头里，每个女孩都美的如此独一无二，却又一样的自然干净且真实[点赞R],5bc2f2e019db4700011bd03e,艺术的指缝,https://sns-avatar-qc.xhscdn.com/avatar/1040g2jo31m7behmnlm6g4bes9hpe1k1uuph9r5g?imageView2/2/w/120/format/jpg,0,,0,1774562071036,2
68386d71000000000b02f422,1748528497000,浙江,683827ee00000000030387f1,有一种又破碎又坚强的感觉[皱眉R]拍的好好,60640f6f000000000100367b,阿慧啊会！,https://sns-avatar-qc.xhscdn.com/avatar/1040g2jo31lvh9571l86g5o341tng8djrnm2rto0?imageView2/2/w/120/format/jpg,0,,0,1774562071036,0
68522493000000002002eeef,1750213779000,湖北,683827ee00000000030387f1,素颜最能拍出干干净净的青春感[点赞R][点赞R][点赞R],5dd298c70000000001002a17,xiaoxiao,https://sns-avatar-qc.xhscdn.com/avatar/1040g2jo31fib5md2026g5neij33g8agndplbdl0?imageView2/2/w/120/format/jpg,0,,0,1774562071037,0
68393def000000000d014b0e,1748581871000,内蒙古,683827ee00000000030387f1,女孩最自然松弛的感觉。阳光自信就是最美的。,5ae5d577e8ac2b46a7797e00,杨泡泡,https://sns-avatar-qc.xhscdn.com/avatar/1040g2jo30rt2mehn2s004a4u6aanevg0o036s98?imageView2/2/w/120/format/jpg,0,,0,1774562071038,1
683c5c6800000000090397ff,1748786281000,上海,683827ee00000000030387f1,后面我能get到，前几张我真的两眼一黑又一黑，生怕模特自己看到嘀咕自己[笑哭R][笑哭R][笑哭R]（我觉得博主拍的挺好的,54e6a94fb4c4d656ddcf34e4,斗老么,https://sns-avatar-qc.xhscdn.com/avatar/638c8d041d064a691670375c.jpg?imageView2/2/w/120/format/jpg,0,,0,1774562071038,0
68518621000000000903b073,1750173217000,北京,683827ee00000000030387f1,这姑娘笑起来好看,5cb838520000000017033fde,从南到北的小燕子,https://sns-avatar-qc.xhscdn.com/avatar/1040g2jo312iric667k4g5n5o7195ufuu9ec4ov8?imageView2/2/w/120/format/jpg,0,,0,1774562071039,0
6852e316000000000c0153aa,1750262551000,北京,683827ee00000000030387f1,真是太会拍了！！！,5b4dcdd411be101ca8784dcb,不知道叫什么名字啊,https://sns-avatar-qc.xhscdn.com/avatar/5f2ba381f8c3b200012194f1.jpg?imageView2/2/w/120/format/jpg,0,,0,1774562071039,0
683c57e00000000007028214,1748785121000,四川,683827ee00000000030387f1,太厉害了博主,5ca2e016000000001101473a,620,https://sns-avatar-qc.xhscdn.com/avatar/5ca2e016000000001101473a.jpg?imageView2/2/w/120/format/jpg,0,,0,1774562071040,0
671b356c000000001a01a458,1729836397000,,66e00fa9000000001201332d,哇瑟，又刷到你啦，主页都是成都游玩攻略，果断关注啦！[飞吻R][飞吻R],5c7b291c0000000012020766,小寒乱跑,https://sns-avatar-qc.xhscdn.com/avatar/1040g2jo31at1q6mn7i0g5n3r54e4k1r6hjp8cq8?imageView2/2/w/120/format/jpg,5,,0,1774562082470,9
679c6fa5000000001b03f93d,1738305446000,,66e00fa9000000001201332d,人民公园需要预约吗,5e6f098000000000010089ac,J,https://sns-avatar-qc.xhscdn.com/avatar/1040g2jo315i21fu1gu005njf160092dc52p2f6g?imageView2/2/w/120/format/jpg,1,,0,1774562082472,0
66e5630300000000240075b1,1726309123000,,66e00fa9000000001201332d,70多岁还在相亲[笑哭R]看来我们还年轻来[偷笑R],5ba756205376e5000156e9c4,大花臂和粘豆包,https://sns-avatar-qc.xhscdn.com/avatar/1040g2jo31qca7neq7o604b4fp3b21qe4fil7f50?imageView2/2/w/120/format/jpg,7,,0,1774562082473,131
66feb252000000000f005874,1727967826000,,66e00fa9000000001201332d,有坐船的吗，好多钱,656b109e000000003d0295b2,小萝卜,https://sns-avatar-qc.xhscdn.com/avatar/1040g2jo30u5jfcq9li5g5pbb22ffd5dif983ka0?imageView2/2/w/120/format/jpg,1,,0,1774562082474,0
683bf296000000000d015127,1748759190000,四川,66e00fa9000000001201332d,晚上去可以吗？,669c631b0000000024022698,小红薯669D1E29,https://sns-avatar-qc.xhscdn.com/avatar/645b65431e7abf18da7d1266.jpg?imageView2/2/w/120/format/jpg,2,,0,1774562082475,0
67d6ad9b000000001800ad38,1742122396000,新西兰,66e00fa9000000001201332d,请问宽窄巷子和人民公园需要一天的行程了吧？,5f3f83dc000000000100514a,哟妮欸,https://sns-avatar-qc.xhscdn.com/avatar/1040g2jo31qjfbm8q0a505npvgfe08kaaa5nl3k0?imageView2/2/w/120/format/jpg,1,,0,1774562082475,0
67b197dc000000001b03953e,1739691996000,四川,66e00fa9000000001201332d,一个人去的吗[暗中观察R],5bc73a9d2da3c30001dd6b89,铛不力波～,https://sns-avatar-qc.xhscdn.com/avatar/6128627175b6d638556b4ac8.jpg?imageView2/2/w/120/format/jpg,2,,0,1774562082476,0
679027dc000000000a01ae57,1737500636000,,66e00fa9000000001201332d,茶社是有表演看吗,5b59db7a11be1060f75bf819,李哈哈😊,https://sns-avatar-qc.xhscdn.com/avatar/5f743690f06d5400013c0896.jpg?imageView2/2/w/120/format/jpg,1,,0,1774562082476,0
674fcaa30000000007004284,1733282467000,,66e00fa9000000001201332d,人民公园冬天有划船吗,56a389c450c4b40bedd0dca6,阿拉蕾,https://sns-avatar-qc.xhscdn.com/avatar/1040g2jo312ded3qgm45g45an084s9n569br4p10?imageView2/2/w/120/format/jpg,1,,0,1774562082477,0
67c69eda00000000180174ca,1741070042000,北京,66e00fa9000000001201332d,您好，做这些地图的标线，用的是什么地图？,5bc69fb8a23e960001e8a7c4,bjdx126,https://sns-avatar-qc.xhscdn.com/avatar/7121a416be8e543266fd62c1cc9d575e.jpg?imageView2/2/w/120/format/jpg,1,,0,1774562082478,1
68693e8e000000000401dd66,1751727759000,云南,66e00fa9000000001201332d,人民公园适合几点去最合适,5fec5ba000000000010044b6,遗憾成了常态,https://sns-avatar-qc.xhscdn.com/avatar/1000g2jo2mcq6vlsjm0605nvcbeg08h5m7cek840?imageView2/2/w/120/format/jpg,5,,0,1774562088969,2
683bff3c000000000900ef76,1748762429000,四川,66e00fa9000000001201332d,下午5点多去人民公园可以不,5d1c431c0000000016027e7e,2401,https://sns-avatar-qc.xhscdn.com/avatar/1040g2jo31pk7eg8gjq005n8s8ce5kvju86vnv78?imageView2/2/w/120/format/jpg,1,,0,1774562088971,0
66e018720000000002007455,1725962355000,,66e00fa9000000001201332d,要不要门票或者是预约的？[害羞R],5edd6ffa0000000001005219,羊多奇,https://sns-avatar-qc.xhscdn.com/avatar/5ede38672d8dc10001ad9517.jpg?imageView2/2/w/120/format/jpg,1,,0,1774562088972,1
6720582d000000001b034b11,1730172973000,,66e00fa9000000001201332d,升仙湖植物园,5c63fc9f000000001103c397,宛若波行,https://sns-avatar-qc.xhscdn.com/avatar/5c63fc9f000000001103c397.jpg?imageView2/2/w/120/format/jpg,1,,0,1774562088973,0
67909586000000002101bb53,1737528711000,,66e00fa9000000001201332d,建议上午逛还是下午逛呀,5f228036000000000101e298,小溪,https://sns-avatar-qc.xhscdn.com/avatar/6257c663b7b82db323ee16f5.jpg?imageView2/2/w/120/format/jpg,3,,0,1774562088974,2
66f7564600000000240085da,1727485511000,,66e00fa9000000001201332d,应该是人民公园B出口  ，地出口太远了,5cade71d00000000110118d3,偶然间遇见你,https://sns-avatar-qc.xhscdn.com/avatar/1040g2jo30oh8b98g28005n5dsseka66j9201b3o?imageView2/2/w/120/format/jpg,1,,0,1774562088974,4
678910a6000000002200d960,1737035942000,,66e00fa9000000001201332d,公园几点关门,5b8b2bb555c2310001e2a680,红,https://sns-avatar-qc.xhscdn.com/avatar/5b8b2c74757f0b00017f7797.jpg?imageView2/2/w/120/format/jpg,1,,0,1774562088975,0
6872a90f000000000c016cf0,1752344847000,四川,66e00fa9000000001201332d,早上去有茶喝吗,66efa490000000001d0234a7,用户已注销,https://sns-avatar-qc.xhscdn.com/avatar/645b7f8f2a34639eb26eb1cd.jpg?imageView2/2/w/120/format/jpg,0,,0,1774562088976,0
67297b0f000000001802851b,1730771727000,,66e00fa9000000001201332d,想去防空洞怎么预约啊 需要用身份证吗,648e52e600000000110000ff,颜,https://sns-avatar-qc.xhscdn.com/avatar/1040g2jo316pk9v8dk6d05p4eabj4807vr10m1bg?imageView2/2/w/120/format/jpg,5,,0,1774562088976,3
66e59660000000000c0142cd,1726322272000,,66e00fa9000000001201332d,划船什么的需要预约吗？还是现场买票哇,5e45610f00000000010061d0,water,https://sns-avatar-qc.xhscdn.com/avatar/1040g2jo31j9v83apiu505ni5c47g8oegbgm03l0?imageView2/2/w/120/format/jpg,1,,0,1774562088977,1
68a1aa570000000030014258,1755425368000,美国,68a19771000000001d01fb66,Thank you so much for sharing! I will be in Chengdu in a few days.,6281851f0000000021026990,JIMMY 在美国,https://sns-avatar-qc.xhscdn.com/avatar/1040g2jo31dreoirjh6005ok1gkfocqcgthnb9ao?imageView2/2/w/120/format/jpg,20,,0,1774562100406,196
68a1bc4f0000000030012307,1755429967000,安徽,68a19771000000001d01fb66,这是狼王加内特的那个忠粉吗？来中国了？！,5ec5b76d0000000001003719,龙卡多尔,https://sns-avatar-qc.xhscdn.com/avatar/640a74332fa7055bf345d26d.jpg?imageView2/2/w/120/format/jpg,9,,0,1774562100409,293
68a1aa200000000026038f0b,1755425312000,北京,68a19771000000001d01fb66,这是那个球场上跳舞的胖子?,60f961a90000000001009cbd,符合,https://sns-avatar-qc.xhscdn.com/avatar/1040g2jo31cmrknbb0s6g5o7pc6kg975tnpq59lo?imageView2/2/w/120/format/jpg,5,,0,1774562100410,192
68a1a798000000002603a92b,1755424664000,四川,68a19771000000001d01fb66,他的样子怎么很像 绝命毒师里面老白的老挑。,6634c30d0000000003030539,MAOMAOo2c,https://sns-avatar-qc.xhscdn.com/avatar/1040g2jo31lig6lcele6g5phkoc6gu19pjpmnj58?imageView2/2/w/120/format/jpg,5,,0,1774562100410,7
68a336a2000000003001a925,1755526819000,黑龙江,68a19771000000001d01fb66,他现在的日薪，应该比凯文高,5cc7beb2000000001201dc75,卸甲烫酒,https://sns-avatar-qc.xhscdn.com/avatar/5cc7d28efabcc6000182d6b2.jpg?imageView2/2/w/120/format/jpg,1,,0,1774562100411,1
68a1f93f000000002700d47a,1755445568000,江苏,68a19771000000001d01fb66,又来中国了？,54e5c51ae779895d97956e5c,万物生,https://sns-avatar-qc.xhscdn.com/avatar/1040g2jo31ovutbnrhk60401fl92hkris9q7epho?imageView2/2/w/120/format/jpg,1,,0,1774562100412,1
68a29bbc00000000270096aa,1755487165000,河北,68a19771000000001d01fb66,I just came back from Chengdu not long ago.,5fd4873e0000000001004116,欧文青,https://sns-avatar-qc.xhscdn.com/avatar/5fd488ce4768f6958bbb6d9d.jpg?imageView2/2/w/120/format/jpg,1,,0,1774562100412,2
68a19b05000000003001d570,1755421445000,上海,68a19771000000001d01fb66,记得去看顶流女明星花花！！！！！！,5b10c1a1f7e8b90a8d7040f9,adidas,https://sns-avatar-qc.xhscdn.com/avatar/1040g2jo31p6pfinqig004a5rb30q2g7pu7r4v70?imageView2/2/w/120/format/jpg,3,,0,1774562100413,13
68a2c9a200000000300165d4,1755498914000,四川,68a19771000000001d01fb66,大哥你来中国吃花生过敏不,631560a90000000012002f56,富家乐居房产-贸益,https://sns-avatar-qc.xhscdn.com/avatar/1040g2jo31ld1a9m6l06g5oolc2kkgbqmj210vfo?imageView2/2/w/120/format/jpg,1,,0,1774562100413,1
68a1ba8100000000300079de,1755429505000,四川,68a19771000000001d01fb66,一桌子老外居然吃甜水面[捂脸R],627e6078000000002102439e,Spring初心,https://sns-avatar-qc.xhscdn.com/avatar/1040g2jo30vhgugis66005ojuc1s8cgsum3ftdq0?imageView2/2/w/120/format/jpg,3,,0,1774562100414,2
68a19bb40000000026034579,1755421620000,江苏,68a19771000000001d01fb66,"Hot pot, rabbit head, you should try.",5b7e192011be106efa713f47,星辰,https://sns-avatar-qc.xhscdn.com/avatar/1040g2jo31gk7pm34js0g4aidf0ci0fq79ndn8m8?imageView2/2/w/120/format/jpg,2,,0,1774562106778,0
68a1b1610000000030007886,1755427169000,江西,68a19771000000001d01fb66,Will you be in Changsha? I would like to invite your family to dinner together,5ead53e30000000001003725,蘭陵笑笑生,https://sns-avatar-qc.xhscdn.com/avatar/1040g2jo31mmqtfre4u005nldafhg8dp598hf8bo?imageView2/2/w/120/format/jpg,3,,0,1774562106781,18
68a28d67000000003002ede7,1755483495000,重庆,68a19771000000001d01fb66,大哥，你认识海森堡吗？[鄙视R][鄙视R][鄙视R],611dd6f3000000000101ed18,扫地僧,https://sns-avatar-qc.xhscdn.com/avatar/1040g2jo30mpfjd434k005o8tqrpgbr8o20ahh20?imageView2/2/w/120/format/jpg,1,,0,1774562106781,3
68a1d52a0000000030023d92,1755436330000,浙江,68a19771000000001d01fb66,是加内特那个粉丝吗,5a18d84911be107dd378c488,Jack,https://sns-avatar-qc.xhscdn.com/avatar/5a18d84bb46c5d34bbe406d2.jpg?imageView2/2/w/120/format/jpg,1,,0,1774562106782,1
68a2a1d4000000003001698e,1755488725000,广东,68a19771000000001d01fb66,他都来中国旅游了，我还没去过美国旅游,5c18a1a7000000000500189e,The Answer,https://sns-avatar-qc.xhscdn.com/avatar/61d9ab144c155653dfbac2af.jpg?imageView2/2/w/120/format/jpg,2,,0,1774562106782,1
68a1f12c000000003001ecf2,1755443501000,天津,68a19771000000001d01fb66,This is my hometown.Welcome to TianJin next station[偷笑R],5b784572a999de0001dccd9e,。,https://sns-avatar-qc.xhscdn.com/avatar/63ed70a6d3fdf15fddefd5ee.jpg?imageView2/2/w/120/format/jpg,1,http://sns-webpic-qc.xhscdn.com/202603270555/d18922c4901ffa81b30760a232232e61/comment/1040g2h031l9qttn05m604ag9v82n5jcuqui1gn0!nd_whlt34_webp_wm_1,0,1774562106783,2
68a2ab78000000003002f4e6,1755491193000,上海,68a19771000000001d01fb66,🤩 Wow~~~You are in Chengdu! Will you stay until next week to meet Edwards? [斜眼R],65669ae3000000003c002fb8,adidas成都太古里品牌中心,https://sns-avatar-qc.xhscdn.com/avatar/1040g2jo31kl6ilj2io005pb6jbhv0btop2hejn0?imageView2/2/w/120/format/jpg,3,,0,1774562106783,3
68a1f3360000000026039e7a,1755444024000,浙江,68a19771000000001d01fb66,大叔我和你合照了,66c2dd1c000000001d0314ce,江之白,https://sns-avatar-qc.xhscdn.com/avatar/1040g2jo31u11b005726g5pm2rke7e56e00mr1bg?imageView2/2/w/120/format/jpg,1,http://sns-webpic-qc.xhscdn.com/202603270555/d6cafe300d796770e8b06b10559eda65/comment/1040g2h031l9lrloslm1g5pm2rke7e56eujaic88!nd_whlt34_webp_wm_1,0,1774562106784,9
68a27483000000002700e27d,1755477124000,浙江,68a19771000000001d01fb66,is this you？[偷笑R],65fe5165000000000600eafd,条顿王,https://sns-avatar-qc.xhscdn.com/avatar/1040g2jo31g4egj4bhq705pfua5ihhqntjei003g?imageView2/2/w/120/format/jpg,1,http://sns-webpic-qc.xhscdn.com/202603270555/2e8d573c2e41cf1a277c0b948a592ac9/comment/1040g2h031laauv7slo005pfua5ihhqntukulm3g!nd_whlt34_webp_wm_1,0,1774562106784,3
68a3e7960000000030022dda,1755572119000,上海,68a19771000000001d01fb66,离谱，欧美明星都不认识，这个大叔我竟然知道[doge],5861020c5e87e74cf36f8c96,Lyw,https://sns-avatar-qc.xhscdn.com/avatar/1040g2jo31e7bes9qgm6g49033i10p34m2hm6rfg?imageView2/2/w/120/format/jpg,1,,0,1774562106785,27
66aa35e4000000001c039456,1722430949000,,66075c7a0000000013024df1,你好198只能喝茶么？,623348eb00000000210249e3,飘雨2696,https://sns-avatar-qc.xhscdn.com/avatar/1040g2jo31qbl49v67g005ohj93locif3m7hno40?imageView2/2/w/120/format/jpg,2,,0,1774562118167,0
66360ad2000000000303793a,1714817746000,,66075c7a0000000013024df1,人多吗,58057bfa82ec395d80108415,charlie,https://sns-avatar-qc.xhscdn.com/avatar/1040g2jo31f30a29m6i0048plp4tvl10lhfi7g08?imageView2/2/w/120/format/jpg,2,,0,1774562118169,6
660d4e640000000015038434,1712148069000,,66075c7a0000000013024df1,198套餐2 人，分两种，可二选一[郁金香R],57bbfccd5e87e729f8c63468,Rosie W,https://sns-avatar-qc.xhscdn.com/avatar/1040g2jo31tcj7k6n5s0048lelducqd38ke902go?imageView2/2/w/120/format/jpg,4,,0,1774562118170,16
663d7684000000000401bbba,1715304068000,,66075c7a0000000013024df1,请问这衣服里面穿的什么内搭,65e1baf1000000000500ae3c,11111,https://sns-avatar-qc.xhscdn.com/avatar/1040g2jo31ke5hv3hia6g5pf1nboh9bhs42t5uj8?imageView2/2/w/120/format/jpg,2,,0,1774562118171,3
66096f320000000005003779,1711894322000,,66075c7a0000000013024df1,多少钱呀,5a1c02504eacab6dfcc0f57e,容宥,https://sns-avatar-qc.xhscdn.com/avatar/5dbe886d0ec59f00014c36c0.jpg?imageView2/2/w/120/format/jpg,2,,0,1774562118171,0
6614daf30000000009025ecf,1712642803000,,66075c7a0000000013024df1,你好 这是美团团的吗,5ef5523100000000010065b4,12345,https://sns-avatar-qc.xhscdn.com/avatar/1040g2jo31dvsj8mrgc005nnla8og8pdknrmv9k8?imageView2/2/w/120/format/jpg,1,,0,1774562118172,1
660aa19700000000050015a7,1711972760000,,66075c7a0000000013024df1,这一桌多少💰呀,5dd88b41000000000100071a,吃个小冰块,https://sns-avatar-qc.xhscdn.com/avatar/1040g2jo31u4jb8kkia605neohd0g81oqe9ugot8?imageView2/2/w/120/format/jpg,1,,0,1774562118172,0
66494716000000001c00e2fb,1716078358000,,66075c7a0000000013024df1,图片一看明显就不是去喝茶的,660d5778000000000b00db4d,润宁,https://sns-avatar-qc.xhscdn.com/avatar/1040g2jo31cn21ju712605pgdats2pmqd57hoj1g?imageView2/2/w/120/format/jpg,1,,0,1774562118173,0
6727b44a000000001b023513,1730655306000,,66075c7a0000000013024df1,这个位置恐怕只有上午去抢,5f520a2e000000000101c5d8,是小橙汁喔,https://sns-avatar-qc.xhscdn.com/avatar/63ffea8f2cce174c5052bedd.jpg?imageView2/2/w/120/format/jpg,1,,0,1774562118173,0
662ddb8a0000000004030741,1714281354000,,66075c7a0000000013024df1,美女 求衣服和裤子链接[飞吻R],58f235f150c4b435538677de,葫芦娃熙可,https://sns-avatar-qc.xhscdn.com/avatar/5d3814dafbe2e800012a219a.jpg?imageView2/2/w/120/format/jpg,1,,0,1774562118174,2
66c8240a0000000020027162,1724392460000,,66075c7a0000000013024df1,昨天,618eac34000000001000f0d5,wendy,https://sns-avatar-qc.xhscdn.com/avatar/1040g2jo31d50fffa08005ocelgq41s6l6cv2t20?imageView2/2/w/120/format/jpg,0,http://sns-webpic-qc.xhscdn.com/202603270555/c7339d34aab3137009bb92d8c0d1dac7/comment/1040g2h0316r4kkdrgs005ocelgq41s6ln509bng!nd_whgt34_webp_wm_1,0,1774562124518,0
67457398000000001b0236ee,1732604824000,,66075c7a0000000013024df1,姐妹好美,64edccbf0000000001011c94,Ming🍋,https://sns-avatar-qc.xhscdn.com/avatar/1040g2jo317afl13q3u0g5p7dpivga74kc0jroqo?imageView2/2/w/120/format/jpg,0,,0,1774562124520,0
665f526c000000001b004b3a,1717523053000,,66075c7a0000000013024df1,衣服链接～[合十R],5a718c3f4eacab6c0d468d34,海盐奥利伶,https://sns-avatar-qc.xhscdn.com/avatar/65bc076601e0ac9e84677d02.jpg?imageView2/2/w/120/format/jpg,0,,0,1774562124521,0
671613db000000000e0371a5,1729500124000,,66075c7a0000000013024df1,超级多人！好位置真的全靠运气,5b1bf3d4e8ac2b1da9ea7601,Alano,https://sns-avatar-qc.xhscdn.com/avatar/1040g2jo31tmp7dndnu004a63uopt8tg1fpdk0dg?imageView2/2/w/120/format/jpg,0,,0,1774562124521,0
665740e2000000000e033e66,1716994274000,,66075c7a0000000013024df1,想了解,61beaefd000000000201b0fa,暴走星球野生酱,https://sns-avatar-qc.xhscdn.com/avatar/1040g2jo31ht2fvjj3a6g5odulrugjc7qtvgg9ko?imageView2/2/w/120/format/jpg,0,,0,1774562124522,0
67c3f81d000000001803f777,1740896286000,四川,66075c7a0000000013024df1,马上就去，求搭子,58f5530282ec396c3a04cf44,种甜,https://sns-avatar-qc.xhscdn.com/avatar/1040g2jo31qoith5a000049dlis9g5jq4vgko7fg?imageView2/2/w/120/format/jpg,0,,0,1774562124523,0
6700a83b000000002400957b,1728096316000,,66075c7a0000000013024df1,多久营业呀,62bbc4be000000001b024857,爱吃紫米,https://sns-avatar-qc.xhscdn.com/avatar/1040g2jo31tpi3fl8ne005olroiv6si2nsh26198?imageView2/2/w/120/format/jpg,0,,0,1774562124523,0
67e08d5b00000000120117f6,1742769500000,四川,66075c7a0000000013024df1,衣服链接有吗,5b1615d0e8ac2b626c977fbc,哒di凤凤,https://sns-avatar-qc.xhscdn.com/avatar/666222cbd06a55231f91e931.jpg?imageView2/2/w/120/format/jpg,0,,0,1774562124524,0
66722e060000000015011996,1718758918000,,66075c7a0000000013024df1,把那个矿泉水瓶拿走，哈哈哈,5670058ccb35fb1d9da8fd6b,fishxincn,https://sns-avatar-qc.xhscdn.com/avatar/d784fc20c996f3d2f39d034c404f234e.jpg?imageView2/2/w/120/format/jpg,0,,0,1774562124524,0
689d6f50000000002700fdcd,1755148112000,四川,66075c7a0000000013024df1,喝个茶扭秧歌干嘛,5c78fdac0000000010007eea,KNight,https://sns-avatar-qc.xhscdn.com/avatar/1040g2jo30p6kqj1944005n3ovmm40vna7hss4j8?imageView2/2/w/120/format/jpg,0,,0,1774562124525,0
699728b7000000000601cd91,1771514057000,河南,6981762e000000001a03628e,有一个1940年的要找46岁以下的，年龄差40岁[doge],6027f77a000000000100a8c6,🧀,https://sns-avatar-qc.xhscdn.com/avatar/1040g2jo315n0qr4fgm005o17utt09a66979hj6g?imageView2/2/w/120/format/jpg,5,http://sns-webpic-qc.xhscdn.com/202603270555/e1ec2ef64b061e45c3da2e97fc76a03d/comment/1040g4b831sp9ussm56705o17utt09a66pvll0l0!nd_whgt34_webp_wm_1,0,1774562135919,16
6981bbf5000000000600c323,1770109941000,四川,6981762e000000001a03628e,我和我男生朋友去了两次 每次都特别大声的在那骂[笑哭R][笑哭R],5f2108e4000000000100bc1d,Zoeyyyyyy,https://sns-avatar-qc.xhscdn.com/avatar/1040g2jo31mmmgaoj52005np113i09f0t3rsr408?imageView2/2/w/120/format/jpg,5,,0,1774562135920,7
69c3435d000000000f01c3d8,1774404445000,四川,6981762e000000001a03628e,都是只应天上有，人间难得几回闻的高知识、高收入人群,588bfdfa82ec3903f94a7636,平常心,https://sns-avatar-qc.xhscdn.com/avatar/ae351b5abc78ae2e8d79998354db8440.jpg?imageView2/2/w/120/format/jpg,0,,0,1774562135920,0
6996c542000000000800f956,1771488579000,贵州,6981762e000000001a03628e,这粉丝这么多[呃R],610f73d900000000010083a0,活着为了睡觉,https://sns-avatar-qc.xhscdn.com/avatar/1040g2jo31u51n3h8iq705o8fefcg90t0un80ja8?imageView2/2/w/120/format/jpg,5,http://sns-webpic-qc.xhscdn.com/202603270555/c2046c6c3298ca18b2a0672b72f9edab/comment/1040g4b831sotqcch5m705o8fefcg90t0k6i10dg!nd_whgt34_webp_wm_1,0,1774562135921,7
6997a9ff0000000019001d8a,1771547136000,安徽,6981762e000000001a03628e,别的不说，他们挺喜欢吃嫩草的，大多择偶年龄都要比自己小的，有的小5-10的，有的小好几十的。[微笑R],613c7917000000000201fd2d,闪闪星✨,https://sns-avatar-qc.xhscdn.com/avatar/1040g2jo314jd0g2q6k005o9sf4bgjv9dbb0572g?imageView2/2/w/120/format/jpg,1,,0,1774562135921,13
69a16b270000000018038ff4,1772186407000,福建,6981762e000000001a03628e,我有一年在某地（非四川） 看到一个北大的 我说北大还要相亲吗？ 一看 男生一米七几 感觉身高也不算矮 然后发现人家找男朋友[笑哭R] 北大毕业就是敢哈哈哈哈哈,5a8f22b04eacab49f0b70f5e,三院院长,https://sns-avatar-qc.xhscdn.com/avatar/1040g2jo31ooit50u6g604a1mg9hb03qujfs9v88?imageView2/2/w/120/format/jpg,2,,0,1774562135922,5
6996f45d000000000f0282d6,1771500638000,四川,6981762e000000001a03628e,我妈非要带我去看，我大声蛐蛐，我妈说我没素质[笑哭R],5a9985b711be10648646f8fc,青囊,https://sns-avatar-qc.xhscdn.com/avatar/1040g2jo31u4qdskm2a604a316o2rfu7sq7dmm68?imageView2/2/w/120/format/jpg,3,,0,1774562135922,27
6997247400000000150116f7,1771512953000,加拿大,6981762e000000001a03628e,好奇去搜了,5e1249fb0000000001003a76,爱卿甚得郑心,https://sns-avatar-qc.xhscdn.com/avatar/1040g2jo31tgme9tplk005ngi97tg8ejm8aa3uio?imageView2/2/w/120/format/jpg,3,http://sns-webpic-qc.xhscdn.com/202603270555/1adcbd7d63f4f3840bd071adbc6e9ec5/comment/1040g2h031sp9e8295s005ngi97tg8ejm0ctrc3o!nd_whgt34_webp_wm_1,0,1774562135922,10
6997dd110000000009022992,1771560209000,湖北,6981762e000000001a03628e,这个笔记和评论区都不给别人的电话号码打码的吗。。。,5f96a469000000000101cd66,Howeeeeeeeee,https://sns-avatar-qc.xhscdn.com/avatar/5f96a469000000000101cd66.jpg?imageView2/2/w/120/format/jpg,5,,0,1774562135923,4
6999359800000000060086cb,1771648408000,新疆,6981762e000000001a03628e,第一个找的是男朋友吧 那个身高要求,571923baaed7581b7144123c,一只杰妮吖,https://sns-avatar-qc.xhscdn.com/avatar/61990f1b79a968cf44b0bd33.jpg?imageView2/2/w/120/format/jpg,6,,0,1774562135923,3
69883f81000000000800f7d5,1770536833000,山东,6981762e000000001a03628e,上个月去的发现了一个03年的，我极为震惊[微笑R],5fc35f13000000000101cbb8,上岸墩墩鸡,https://sns-avatar-qc.xhscdn.com/avatar/1040g2jo31e4gpaes0s0g5olink2mdcsbrna62d8?imageView2/2/w/120/format/jpg,6,,0,1774562142304,11
699a56ac000000000503ae54,1771722431000,广东,6981762e000000001a03628e,,5abbaf1911be102a56270e61,李富贵🥕,https://sns-avatar-qc.xhscdn.com/avatar/1040g2jo31ipbmlum14004a40u1nhi3j1c1jmnbg?imageView2/2/w/120/format/jpg,4,http://sns-webpic-qc.xhscdn.com/202603270555/a502d4295e2429d77c68145102f4e6b8/comment/1040g4b831ssdada2lk704a40u1nhi3j1m75o5t8!nd_whgt34_webp_wm_1,0,1774562142307,2
699a6e870000000009023827,1771728520000,四川,6981762e000000001a03628e,你别说我同事真的是她妈妈在相亲角给找的，去年办了婚礼，她老公还真不差[笑哭R][笑哭R][笑哭R]我都给震惊了，居然还能找到正常的,61ece4a30000000021020aef,帝祚不移,https://sns-avatar-qc.xhscdn.com/avatar/1040g2jo31pvntcvdng5g5ofcsihoc2nf4fg78qg?imageView2/2/w/120/format/jpg,2,,0,1774562142309,7
69829420000000000f00ec17,1770165280000,中国,6981762e000000001a03628e,我实在不懂那么多优秀的人为什么会挂到公园里，不是找该筛选完了嘛，难道是耍玩了找人接盘了？ （没有恶意[笑哭R],63396701000000001802f421,Bryan,https://sns-avatar-qc.xhscdn.com/avatar/1040g2jo31ndpacfili005oppcs0m5t11obsj5oo?imageView2/2/w/120/format/jpg,7,,0,1774562142310,3
698414930000000006033485,1770263700000,河北,6981762e000000001a03628e,身高173[捂脸R]我儿子10岁的时候都比你高[捂脸R]   还150斤[捂脸R] 吗呀,5befbcbd411e750001f158c1,范范快到碗里来,https://sns-avatar-qc.xhscdn.com/avatar/5f0fba5196fab30001fe6cdb.jpg?imageView2/2/w/120/format/jpg,5,,0,1774562142311,6
6997ea84000000000c014c8a,1771563659000,四川,6981762e000000001a03628e,来来来,5f145a7b00000000010039b2,想吃牛肉面,https://sns-avatar-qc.xhscdn.com/avatar/5f145b327a04c00001fc03d6.jpg?imageView2/2/w/120/format/jpg,6,"http://sns-webpic-qc.xhscdn.com/202603270555/19e5d7e1fe528bcb010e168a2be26d0d/comment/1040g2h031sq1jhdc5m205nokb9tg8edipken5a0!nd_whgt34_webp_wm_1,http://sns-webpic-qc.xhscdn.com/202603270555/adeae810c8e659a6572743549c87f3c1/comment/1040g2h031sq1jhdc5m1g5nokb9tg8ediacjcr3g!nd_whgt34_webp_wm_1",0,1774562142311,6
69981e30000000001d00ae22,1771576888000,广东,6981762e000000001a03628e,,5a16a7ace8ac2b69621b796a,雅婷私厨上门做饭,https://sns-avatar-qc.xhscdn.com/avatar/1040g2jo31tohivspn20049vq79jqoubaf5a6ibg?imageView2/2/w/120/format/jpg,5,"http://sns-webpic-qc.xhscdn.com/202603270555/190041c4485e7cf32eaa5c3a0166a57a/comment/1040g2h031sq7tokhlm0g49vq79jqouba3tef980!nd_whgt34_webp_wm_1,http://sns-webpic-qc.xhscdn.com/202603270555/5e8aac1b1177923b37b7f7dd2f1d7d3f/comment/1040g2h031sq7tokhlm0049vq79jqoubapstqru0!nd_whgt34_webp_wm_1,http://sns-webpic-qc.xhscdn.com/202603270555/0163ae8ea143a54333d3991bd618122f/comment/1040g2h031sq7tokhlm1049vq79jqoubabthees0!nd_whgt34_webp_wm_1,http://sns-webpic-qc.xhscdn.com/202603270555/862f128e502c1c985485481b30c309e9/comment/1040g2h031sq7tokhlm1g49vq79jqouba1dh57s0!nd_whgt34_webp_wm_1",0,1774562142312,6
6997a8e900000000060095a5,1771546857000,四川,6981762e000000001a03628e,第一个肯定gay,63bee6ce00000000260120f6,毛线里泡澡,https://sns-avatar-qc.xhscdn.com/avatar/1040g2jo31i856arq6k005otusr79i87mgfpr158?imageView2/2/w/120/format/jpg,3,,0,1774562142313,3
6997d7300000000015010d1a,1771558708000,四川,6981762e000000001a03628e,写散文的大哥[笑哭R][笑哭R][笑哭R],5c7893a7000000001602cace,小菲,https://sns-avatar-qc.xhscdn.com/avatar/1040g2jo30ofig9g7i4505n3oiejllimeddobsc0?imageView2/2/w/120/format/jpg,2,http://sns-webpic-qc.xhscdn.com/202603270555/c8eff810e946aa14627f61eb606b1814/comment/1040g2h031spv8djolm005n3oiejllime68jsks0!nd_whgt34_webp_wm_1,0,1774562142313,15
699a8faf00000000090230bc,1771737012000,四川,6981762e000000001a03628e,这个，条件太全面了感觉像杀猪盘一样,5e3508b20000000001005db8,方四夕,https://sns-avatar-qc.xhscdn.com/avatar/1040g2jo3173dklqoju0g5nhl12p08ndo8u3hdko?imageView2/2/w/120/format/jpg,4,http://sns-webpic-qc.xhscdn.com/202603270555/f308a9c9d9c6e8b6088f072386299edb/comment/1040g4b831ssk93k6m2705nhl12p08ndo4mhkdc8!nd_whgt34_webp_wm_1,0,1774562142314,3
6983c67e000000000503aa28,1770243712000,湖南,69801315000000001a02dd7c,简约风,5be8491bd76df700010af4bb,YiovoiY,https://sns-avatar-qc.xhscdn.com/avatar/66a3b513ccd3d65476ec015a.jpg?imageView2/2/w/120/format/jpg,1,http://sns-webpic-qc.xhscdn.com/202603270555/ca1d600eb55c16d8c0f9e47ed2358f2f/comment/1040g4b831s6c76v5ls004bq0av4hnt5r8lcohbo!nd_whgt34_webp_wm_1,0,1774562153786,14
6982d49d0000000018020b83,1770181816000,四川,69801315000000001a02dd7c,,6125ac1900000000010033af,momo,https://sns-avatar-qc.xhscdn.com/avatar/1040g2jo31pmmq3o0jq605q3aj78mr6pagsbakd0?imageView2/2/w/120/format/jpg,3,http://sns-webpic-qc.xhscdn.com/202603270555/de08d166c682d43650ce0a218dfba657/comment/1040g4b831s5emc0nm26g5o95lgcg8ctf6hp7t2g!nd_whgt34_webp_wm_1,0,1774562153789,6
6985872c000000000f02aae8,1770358574000,四川,69801315000000001a02dd7c,我就知道这张图片有用武之地[捂脸R],630edda3000000000f0050a9,倾之,https://sns-avatar-qc.xhscdn.com/avatar/1040g2jo31j4d8eqehg4g5ooermhjok5913aguag?imageView2/2/w/120/format/jpg,2,http://sns-webpic-qc.xhscdn.com/202603270555/e2b32650dfffcceca0283007e5cb05bd/comment/1040g2h031s82vrvr5s605ooermhjok59132gsg0!nd_whgt34_webp_wm_1,0,1774562153790,0
69856d620000000004000adc,1770351970000,北京,69801315000000001a02dd7c,看到过这个。当时没忍住说了一句是诈骗吧，周围正在看的路人们也说对啊对啊肯定是。,55c60968b7ba2252e7a562ef,不记名提单,https://sns-avatar-qc.xhscdn.com/avatar/55c60968b7ba2252e7a562ef.jpg?imageView2/2/w/120/format/jpg,2,,0,1774562153790,4
6982e9af000000000c0155c3,1770187184000,重庆,69801315000000001a02dd7c,比我爸年纪都大，要找跟我老婆年纪差不多大的[石化R],565421e3b7ba22705de5cba4,Desperado,https://sns-avatar-qc.xhscdn.com/avatar/1040g2jo31ejfk2ks107g42v43fgu7it4ssb7d0g?imageView2/2/w/120/format/jpg,1,,0,1774562153791,4
698194ca000000000f025c18,1770099917000,四川,69801315000000001a02dd7c,我有极品，哈哈哈哈，我23年一月份拍的照片，留存到现在，超级极品，路过必看,626832820000000021023d50,糖果酱儿,https://sns-avatar-qc.xhscdn.com/avatar/1040g2jo31pth3eqq4m605oj86a18cfaggnvid7g?imageView2/2/w/120/format/jpg,232,http://sns-webpic-qc.xhscdn.com/202603270555/543013ec91226168a08ff95e2694dd37/comment/1040g4b831s47l28d5md05oj86a18cfag7ic1d70!nd_whgt34_webp_wm_1,0,1774562153792,1258
6980a9ea000000000600ee8b,1770039787000,四川,69801315000000001a02dd7c,我看成了付费的,5f2e4839000000000100901d,胸椎环绕,https://sns-avatar-qc.xhscdn.com/avatar/1040g2jo31psjlajvk05g5npe90sg940t54krq28?imageView2/2/w/120/format/jpg,2,http://sns-webpic-qc.xhscdn.com/202603270555/c4e20fe26fc6f2a19cbb575515b1b7e9/comment/1040g2h031s3aviku5e6g5npe90sg940to9fich8!nd_whgt34_webp_wm_1,0,1774562153792,8
69817bed0000000008033d8b,1770093553000,山东,69801315000000001a02dd7c,发现外国人（男用软件翻译看男的的征婚信息[捂脸R],647c6e4b000000001203679e,Starling,https://sns-avatar-qc.xhscdn.com/avatar/1040g2jo31mujag125i005p3sdp5kmpsuk0jih08?imageView2/2/w/120/format/jpg,102,http://sns-webpic-qc.xhscdn.com/202603270555/6f8b56327a5ff542c7093a022de4346e/comment/1040g4b831s44ju8mm2005p3sdp5kmpsu7ug2kr0!nd_whgt34_webp_wm_1,0,1774562153793,1543
698137c2000000000601cf83,1770076104000,法国,69801315000000001a02dd7c,上次看到的[doge],5bc0b3668d400d000102c664,Alexxxx,https://sns-avatar-qc.xhscdn.com/avatar/1040g2jo31rvr4i1o42004be5l1pmdhj43ji637g?imageView2/2/w/120/format/jpg,1,http://sns-webpic-qc.xhscdn.com/202603270555/f075403706bae6f00da91c19c09713bf/comment/1040g2h031s3s9lb25a004be5l1pmdhj4eau7hf8!nd_whgt34_webp_wm_1,0,1774562153793,5
69860881000000000b0353db,1770391688000,河南,69801315000000001a02dd7c,不知道04年的哪里惹他了[捂脸R],65e3daf8000000000500b390,小乖,https://sns-avatar-qc.xhscdn.com/avatar/1040g2jo31tc434u568005pf3rbs19csgress2s8?imageView2/2/w/120/format/jpg,1,"http://sns-webpic-qc.xhscdn.com/202603270555/73dde85fb49709056feb8e4c28eac610/comment/1040g4b831s8ip25l68705pf3rbs19csgm6csnro!nd_whgt34_webp_wm_1,http://sns-webpic-qc.xhscdn.com/202603270555/56319a4d7b2d783ff20f039a65aab776/comment/1040g4b831s8ip25l687g5pf3rbs19csg2ia0t90!nd_whgt34_webp_wm_1",0,1774562153794,4
69818185000000000f026ba4,1770094981000,上海,69801315000000001a02dd7c,好奇想问下，看条件都狠优秀，为什么还需要找啊？一般不都是身边的人各自介绍，就会有好多好多嘛,5938c7f45e87e72a3ad178c3,喜气洋洋,https://sns-avatar-qc.xhscdn.com/avatar/1040g2jo318iul4ahk46g49j6jr3v8u63kmaaung?imageView2/2/w/120/format/jpg,2,,0,1774562160134,1
698354d9000000000b035fba,1770214618000,四川,69801315000000001a02dd7c,礼貌借楼：南充人99年净177长相中等138斤，性格非常温柔，会做饭蹲甜妹[大笑R],645332a20000000010026eca,热爱！,https://sns-avatar-qc.xhscdn.com/avatar/1040g2jo31rsds40o32005p2j6ah44rma0p7lckg?imageView2/2/w/120/format/jpg,1,,0,1774562160135,1
6981fc2e000000000600e4fa,1770126384000,重庆,69801315000000001a02dd7c,当时看到这个笑死了，有趣的灵魂,62d416c2000000000e00edff,蒸蒸日上,https://sns-avatar-qc.xhscdn.com/avatar/1040g2jo316ttebtv0m6g5omk2r13hrfvsk44kbg?imageView2/2/w/120/format/jpg,1,http://sns-webpic-qc.xhscdn.com/202603270555/cac2aa136389bd39c68c78364d8e7b7c/comment/1040g2h031s4k8tr1l85g5omk2r13hrfv9engm78!nd_whgt34_webp_wm_1,0,1774562160136,10
698867700000000009022bd0,1770547058000,河北,69801315000000001a02dd7c,不得不提,65d85e8d0000000005030ef4,好吃懒做,https://sns-avatar-qc.xhscdn.com/avatar/1040g2jo31m20ama55m005peobq6he3nkfh1p9m8?imageView2/2/w/120/format/jpg,1,http://sns-webpic-qc.xhscdn.com/202603270555/db6e4758a31de0da355e7143c751532a/comment/1040g2h031sasrsq4lk005peobq6he3nk2snmaj8!nd_whgt34_webp_wm_1,0,1774562160136,0
69868dea000000000b03434c,1770425836000,重庆,69801315000000001a02dd7c,身高体重要求158-172/35-55kg[汗颜R],5a74a68211be103abf6ff9d4,。！,https://sns-avatar-qc.xhscdn.com/avatar/620fbd65526b34a7c8135560.jpg?imageView2/2/w/120/format/jpg,3,http://sns-webpic-qc.xhscdn.com/202603270555/60395f1ab8beb79479f893bfaa98c128/comment/1040g2h031s9326cs5k004a17v6j85uekaf8bf4g!nd_whgt34_webp_wm_1,0,1774562160136,9
69841f9b0000000003010a74,1770266525000,四川,69801315000000001a02dd7c,不得不拿出这个了[doge],616576850000000002018cd4,nono,https://sns-avatar-qc.xhscdn.com/avatar/1040g2jo31sehpsc8lm005ob5eq2gj36ks3n742g?imageView2/2/w/120/format/jpg,54,http://sns-webpic-qc.xhscdn.com/202603270555/1b4f6ef897463e38e819aac97da1bf2b/comment/1040g4b831s6n39qslm705ob5eq2gj36kvfbve3o!nd_whgt34_webp_wm_1,0,1774562160136,144
69814b7d000000000f01ac9c,1770081149000,广东,69801315000000001a02dd7c,成都的相亲啊软件不是那个小蓝球球吗？,5667fcdfa40e18188478df6f,蜀黍我啊,https://sns-avatar-qc.xhscdn.com/avatar/1000g2jo2lt3rl24j205g43rc92udvnrfvdjl27g?imageView2/2/w/120/format/jpg,5,,0,1774562160137,4
69816c9d00000000050306e8,1770089630000,北京,69801315000000001a02dd7c,这么精彩女生还能这么积极,5e8152110000000001008075,海,https://sns-avatar-qc.xhscdn.com/avatar/62fb11b7c9e7534f14b3e2f6.jpg?imageView2/2/w/120/format/jpg,38,http://sns-webpic-qc.xhscdn.com/202603270555/2284f3872bac429a31043246f50bfaf8/comment/1040g4b831s42mp4sl8c05nk1a88g903lru0rlho!nd_whgt34_webp_wm_1,0,1774562160137,478
69809372000000000c0166b0,1770034035000,四川,69801315000000001a02dd7c,有几个可以投简历去,65a683ab0000000008009831,鸡柳是鸡的柳部,https://sns-avatar-qc.xhscdn.com/avatar/1040g2jo31f78ubgomo6g5pd6geli161he52sso0?imageView2/2/w/120/format/jpg,1,,0,1774562160137,6
6982e4d30000000004003d14,1770185939000,福建,69801315000000001a02dd7c,为啥离异都要求对方小孩最好是女孩咧,63c2a79c000000002600560c,小狗汪汪小猫喵喵,https://sns-avatar-qc.xhscdn.com/avatar/1040g2jo31ggjlr5kja505ou2kue9glgc63qf06o?imageView2/2/w/120/format/jpg,1,,0,1774562160137,1
68d3fdbe0000000030027b13,1758723519000,马来西亚,68cd4426000000000e021b0b,请问一天可以走完吗？,5dafb9cb00000000010002dc,云朵有点甜,https://sns-avatar-qc.xhscdn.com/avatar/1040g2jo31k9g98o4j2005ndfn75g80mspvud5to?imageView2/2/w/120/format/jpg,1,,0,1774562171429,1
68dbe99400000000390013b4,1759242644000,海南,68cd4426000000000e021b0b,住哪里,5b506ccb6b58b7193e21a73d,Lucky,https://sns-avatar-qc.xhscdn.com/avatar/5b7547ea60303a0001efb2d4.jpg?imageView2/2/w/120/format/jpg,0,,0,1774562171431,2
68d39b5b000000003000aaf3,1758698331000,上海,68cd4426000000000e021b0b,好看,56594a2d03eb84495616b961,财神爷的独生女,https://sns-avatar-qc.xhscdn.com/avatar/56594a2d03eb84495616b961.jpg?imageView2/2/w/120/format/jpg,0,,0,1774562171432,0
68e31c0b0000000037011823,1759714316000,广东,68cd4426000000000e021b0b,收藏,5dd694500000000001001be2,🐉的专属🌼,https://sns-avatar-qc.xhscdn.com/avatar/1040g2jo31mk46o53lm005nemih8086v2mrt43j0?imageView2/2/w/120/format/jpg,0,,0,1774562171433,0
68cee8b00000000001001e79,1758390448000,四川,68cd4426000000000e021b0b,公园那张好漂亮,5a8eecfc4eacab3b09c1eaad,格瑞斯的美好生活,https://sns-avatar-qc.xhscdn.com/avatar/608414a029c0a6913ea576d7.jpg?imageView2/2/w/120/format/jpg,0,,0,1774562171434,0
68cd47f80000000001010430,1758283769000,河南,68cd4426000000000e021b0b,好看呢,5a0ba6d24eacab06be590cdf,李云哲,https://sns-avatar-qc.xhscdn.com/avatar/6350d74349edab6343b77758.jpg?imageView2/2/w/120/format/jpg,0,,0,1774562171434,1
68d1235500000000020020f6,1758536534000,湖南,68cd4426000000000e021b0b,@Song.,60f230680000000001001015,微光～,https://sns-avatar-qc.xhscdn.com/avatar/6385bc74ec8aa82db44c6011.jpg?imageView2/2/w/120/format/jpg,0,,0,1774562171435,0
68cd737e000000000b02a1e2,1758294911000,北京,68cd4426000000000e021b0b,@咕噜泡泡,5bf4e3fde5a09e0001fe7aa7,Always,https://sns-avatar-qc.xhscdn.com/avatar/5f35226b92094e0001573762.jpg?imageView2/2/w/120/format/jpg,0,,0,1774562171435,0
6728e29a000000001b027368,1730732698000,,6728acea000000001a037122,女神[doge],60daeb2c000000002002ea32,爱吃小熊软糖的小南,https://sns-avatar-qc.xhscdn.com/avatar/1040g2jo31ljmrmf05e005o6qtcm85qhianq15c8?imageView2/2/w/120/format/jpg,1,,0,1774562182776,3
67291411000000001b002d4f,1730745362000,,6728acea000000001a037122,神女降临[皱眉R],57c65e1fa9b2ed37149269c5,小黄好累呀,https://sns-avatar-qc.xhscdn.com/avatar/1040g2jo31i6mjdfpms5g48lr7mf1uqe57r59gco?imageView2/2/w/120/format/jpg,1,,0,1774562182778,0
6728ce69000000001b000cbc,1730727530000,,6728acea000000001a037122,啊啊啊啊太美啦[喝奶茶R][喝奶茶R][喝奶茶R],63de9de2000000002702a47c,桃味吐司,https://sns-avatar-qc.xhscdn.com/avatar/1040g2jo3159k2jkvgo005ouujnh9t93skhfc6o0?imageView2/2/w/120/format/jpg,1,,0,1774562182779,0
6728be050000000002004e20,1730723334000,,6728acea000000001a037122,oi我女神[色色R],5fe2b1e5000000000101f8fd,沾上💩了,https://sns-avatar-qc.xhscdn.com/avatar/1040g2jo31lv5mdq1lu005nv2m7igbu7tm10098g?imageView2/2/w/120/format/jpg,1,,0,1774562182780,0
672a0d8c0000000002007f37,1730809228000,,6728acea000000001a037122,好美[哇R][哇R]，古希腊掌管光的女神[害羞R],5f223b730000000001000a60,Lliiiii,https://sns-avatar-qc.xhscdn.com/avatar/1040g2jo316u3665r3m6g5np27dpg82j0e4dgn90?imageView2/2/w/120/format/jpg,1,,0,1774562182781,2
6728e15a000000001a011260,1730732379000,,6728acea000000001a037122,[偷笑R][偷笑R][偷笑R],59b8a67b6a6a695116f2b67e,一只梗儿,https://sns-avatar-qc.xhscdn.com/avatar/6400bdfe22f53083bb6fb7c6.jpg?imageView2/2/w/120/format/jpg,1,,0,1774562182782,0
67332f58000000001b007695,1731407705000,,6728acea000000001a037122,我下辈子长这样 哪怕有很多钱没有很多爱也可以[哭惹R][哭惹R][哭惹R][哭惹R],5cfb5dcc0000000018011b70,有点社恐的小芙,https://sns-avatar-qc.xhscdn.com/avatar/1040g2jo31rasfrkgnu005n7rbn6626rg642uh18?imageView2/2/w/120/format/jpg,0,,0,1774562182782,0
68a9e5a00000000027009021,1755964833000,浙江,6728acea000000001a037122,好美,63f0d7c3000000000f013737,NL玲,https://sns-avatar-qc.xhscdn.com/avatar/1040g2jo31rnjum52is6g5ovgqv1jqdpnghlm2i0?imageView2/2/w/120/format/jpg,0,,0,1774562182783,0
6778aee00000000010005b52,1735962337000,,6728acea000000001a037122,,63795fb5000000001f0180a7,莎滩上的小豆包🍟,https://sns-avatar-qc.xhscdn.com/avatar/1040g2jo31bci5mjkne5g5orpbuqnr057816dh50?imageView2/2/w/120/format/jpg,0,http://sns-webpic-qc.xhscdn.com/202603270556/03874738c685c4c81e3a0d0d16edd9e3/comment/1040g2h031c7hiulgg8205orpbuqnr057cd9qho0!nd_whlt34_webp_wm_1,0,1774562182784,0
672a43a4000000001702c782,1730823077000,,6728acea000000001a037122,少女低头[飞吻R],66cc3ebc000000000901ac6b,小红薯67351134,https://sns-avatar-qc.xhscdn.com/avatar/645b6b2504c28aa15eab1dac.jpg?imageView2/2/w/120/format/jpg,0,,0,1774562182784,1
692b9a5d000000001702d168,1764465246000,四川,6728acea000000001a037122,像仙女下凡[偷笑R],5f8b927c0000000001002ced,桉桉.,https://sns-avatar-qc.xhscdn.com/avatar/1040g2jo31il9hsa1g2605nsbi9u08b7dh7vmbhg?imageView2/2/w/120/format/jpg,0,,0,1774562189083,0
673f0e74000000001a0323f6,1732185716000,,6728acea000000001a037122,怎么拍的啊好美,5fe1524b000000000101d950,睡不醒的海绵,https://sns-avatar-qc.xhscdn.com/avatar/5fe1524b000000000101d950.jpg?imageView2/2/w/120/format/jpg,0,,0,1774562189084,0
67487429000000003d01f11c,1732801577000,,6728acea000000001a037122,好美啊,6746aac5000000001d02d0b9,小红薯67477CBD,https://sns-avatar-qc.xhscdn.com/avatar/645b7f83b46568f580649586.jpg?imageView2/2/w/120/format/jpg,0,,0,1774562189085,0
673b1dcb0000000007021e8b,1731927499000,,6728acea000000001a037122,好美呀[哇R][哇R][哇R],630868610000000012002eb6,韩佬,https://sns-avatar-qc.xhscdn.com/avatar/1040g2jo31m38ivco68d05oo8d1gkgblmu6cemm0?imageView2/2/w/120/format/jpg,0,,0,1774562189086,0
672b7910000000001b027bd1,1730902288000,,6728acea000000001a037122,怎么会美成这样,66b61603000000001d032134,鱼籽酱📸,https://sns-avatar-qc.xhscdn.com/avatar/1040g2jo319u1d80d7a005plm2o1ne89kpvga39g?imageView2/2/w/120/format/jpg,0,,0,1774562189087,0
67b6d7d7000000001c006ca3,1740036056000,中国台湾,6728acea000000001a037122,幾點可以拍到這種光呀,5dfda4b3000000000100b298,Luxdemiii,https://sns-avatar-qc.xhscdn.com/avatar/1040g2jo315489irb0u6g5nftkipg9ckos0bacvo?imageView2/2/w/120/format/jpg,0,,0,1774562189088,0
673b45ed0000000007002a6b,1731937774000,,6728acea000000001a037122,好美,62a47862000000002102009e,烤汤圆📷（毕业在当牛马版,https://sns-avatar-qc.xhscdn.com/avatar/1040g2jo30ta8rero446g5ol4f1h8c04um4sdm38?imageView2/2/w/120/format/jpg,0,,0,1774562189088,0
67383983000000001702d19d,1731737988000,,6728acea000000001a037122,好仙啊,67221933000000001d02ed4c,Just_one,https://sns-avatar-qc.xhscdn.com/avatar/1040g2jo319j0qk217a6g5pp234pndrac0fn22co?imageView2/2/w/120/format/jpg,0,,0,1774562189089,0
672984d10000000002004fb6,1730774226000,,6728acea000000001a037122,[色色R],60fa119f000000000101fd83,一切痛是我咎由自取,https://sns-avatar-qc.xhscdn.com/avatar/1040g2jo31qr19474no6g5o7q26fgbvc3drbhaeg?imageView2/2/w/120/format/jpg,0,,0,1774562189089,0
68d7a5fd0000000019039a70,1758963197000,四川,6728acea000000001a037122,宝宝衣服链接有吗,63422d96000000001802a7c8,tt,https://sns-avatar-qc.xhscdn.com/avatar/1040g2jo31qi8t9827u005oq25mb659u8hhs19vg?imageView2/2/w/120/format/jpg,0,,0,1774562189090,0
6336b4cd0000000016000994,1664529613000,,63317d7200000000180031cc,想问一下小姐姐是几点到的呀 也想坐河边[哭惹R],590f141e5e87e728426984ae,momo,https://sns-avatar-qc.xhscdn.com/avatar/1040g2jo31h1lc1gmjq6g49fjrga1t15emj20v08?imageView2/2/w/120/format/jpg,2,,0,1774562200422,0
63327d17000000001403549a,1664253207000,,63317d7200000000180031cc,好像那天在公园看到你了[笑哭R],616557db000000000202478a,Baron.14,https://sns-avatar-qc.xhscdn.com/avatar/1040g2jo317jhd4km0o6g5ob5avdgkhsarta0lq8?imageView2/2/w/120/format/jpg,3,,0,1774562200424,0
633286a5000000001202cfae,1664255653000,,63317d7200000000180031cc,美女贴贴,5cc7216c000000001701ab36,可儿,https://sns-avatar-qc.xhscdn.com/avatar/63379758331d8c74f34af1ae.jpg?imageView2/2/w/120/format/jpg,1,,0,1774562200424,0
6331a54e000000001700a553,1664197966000,,63317d7200000000180031cc,啊啊啊啊dy才刷到,59fb129fe8ac2b023a613a9d,kiiy,https://sns-avatar-qc.xhscdn.com/avatar/1040g2jo3184rl0hi440049v4d099uektn8itdro?imageView2/2/w/120/format/jpg,2,,0,1774562200425,0
633f2881000000000a01ddf5,1665083521000,,63317d7200000000180031cc,关于我在人民公园公厕被个男的问耍不耍朋友……,62bdcd15000000001b0264e8,PLAYHOUSE 成都,https://sns-avatar-qc.xhscdn.com/avatar/63ee7e7b88a1deedc7ab2dcb.jpg?imageView2/2/w/120/format/jpg,1,,0,1774562200426,0
635c94680000000006013f1b,1667011688000,,63317d7200000000180031cc,是你美啊 姐妹你糊涂呀！,599fc4c16a6a6953eb2626f2,你能帮我养喵吗,https://sns-avatar-qc.xhscdn.com/avatar/1040g2jo31ahvoum07i0049onhd2c29nin31o5pg?imageView2/2/w/120/format/jpg,1,,0,1774562200426,24
63325ac800000000090036b6,1664244424000,,63317d7200000000180031cc,好美呀！,5ada9505e8ac2b0f53a3ebe1,拉拉拉拉克丝,https://sns-avatar-qc.xhscdn.com/avatar/63a3196e9c088b1a1d918e7d.jpg?imageView2/2/w/120/format/jpg,1,,0,1774562200427,0
63412be00000000009002742,1665215456000,,63317d7200000000180031cc,太美啦,5f37c4ee0000000001006302,无敌菠萝球,https://sns-avatar-qc.xhscdn.com/avatar/1040g2jo31p8pgve2io005npnojn08oo2ogk4at0?imageView2/2/w/120/format/jpg,1,,0,1774562200427,0
6331816f000000001400455b,1664188783000,,63317d7200000000180031cc,这边相亲告示太多太多了,60a7c3b70000000001005f08,央青,https://sns-avatar-qc.xhscdn.com/avatar/611fb4603fec67219d7c68c4.jpg?imageView2/2/w/120/format/jpg,1,,0,1774562200428,0
63329f0f0000000014002fd5,1664261903000,,63317d7200000000180031cc,不去不行吗,5e8faae2000000000100ad4f,#77,https://sns-avatar-qc.xhscdn.com/avatar/1040g2jo31b5bfuu17e005nkflbh09bafao77qb8?imageView2/2/w/120/format/jpg,1,,0,1774562200428,0
633ec3100000000016012677,1665057552000,,63317d7200000000180031cc,喝的急,5eef30b6000000000101e65e,明天开始吃水煮,https://sns-avatar-qc.xhscdn.com/avatar/643d67fc5f098f6d8cb98d52.jpg?imageView2/2/w/120/format/jpg,1,,0,1774562206778,0
64d8b21f000000001802cbc3,1691922975000,,63317d7200000000180031cc,你好，请问下还单身吗，打扰下，真诚真心找对象，，可以认识下吗？我身高185，26岁，成都国企上班，成都有房爱好做饭。可以话，麻烦回复一下，我联系你，互相了解,5fdc83c40000000001004f1e,用户已注销,https://sns-avatar-qc.xhscdn.com/avatar/645b807d338379fac18930a8.jpg?imageView2/2/w/120/format/jpg,0,,0,1774562206779,0
64dddc1c000000001c015dc8,1692261404000,,63317d7200000000180031cc,一起一起,5bcc6908628d610001b88d72,枣春樱子🌸,https://sns-avatar-qc.xhscdn.com/avatar/5e73a76ad9b0ae000178d77a.jpg?imageView2/2/w/120/format/jpg,0,,0,1774562206780,0
64d33c190000000018028520,1691565081000,,63317d7200000000180031cc,193找个成都搭子（武侯,624267eb00000000100054c1,就相爱吧,https://sns-avatar-qc.xhscdn.com/avatar/1040g2jo319geupts7e005oi2cvlk0l61enk51ag?imageView2/2/w/120/format/jpg,0,,0,1774562206780,0
6504835c00000000200104df,1694794588000,,63317d7200000000180031cc,好小时候去的,6301e809000000000f006e8c,小红薯6302ED8E,https://sns-avatar-qc.xhscdn.com/avatar/d784fc20c996f3d2f39d034c404f234e.jpg?imageView2/2/w/120/format/jpg,0,,0,1774562206781,0
64edc7e30000000016030eb2,1693304803000,,63317d7200000000180031cc,等我,5a3382f1e8ac2b6d5213d93f,Czzz,https://sns-avatar-qc.xhscdn.com/avatar/63d6cc75627a7faf5484bd36.jpg?imageView2/2/w/120/format/jpg,0,,0,1774562206781,0
63324e890000000006024487,1664241289000,,63317d7200000000180031cc,怎么这么好看！！,5fc8d74000000000010093c0,圈圈Rapheal,https://sns-avatar-qc.xhscdn.com/avatar/1040g2jo3103a5f2u64005nu8qt0094u0ugbvpn0?imageView2/2/w/120/format/jpg,1,,0,1774562206782,0
642a1c7d000000001700bd28,1680481405000,,63317d7200000000180031cc,美女 你是几点去的,5c696de8000000001203a4b4,爱喝旺仔的倪倪,https://sns-avatar-qc.xhscdn.com/avatar/1040g2jo31ictiphpni005n39dnk4n95ke7erfug?imageView2/2/w/120/format/jpg,1,,0,1774562206783,1
64f9b8df000000001b033635,1694087391000,,63317d7200000000180031cc,过来旅游？,627e02a50000000021020824,小太阳🌞,https://sns-avatar-qc.xhscdn.com/avatar/1040g2jo30vs7skmv5q005oju0aioc214jdvijkg?imageView2/2/w/120/format/jpg,0,,0,1774562206783,0
64d879fb000000002d01932d,1691908603000,,63317d7200000000180031cc,想认识,6087f53b000000000100bf98,奇奇～,https://sns-avatar-qc.xhscdn.com/avatar/61a044104042e7abb4f443a5.jpg?imageView2/2/w/120/format/jpg,0,,0,1774562206784,0
67f49c6e000000001e00ffb3,1744084079000,四川,67e773a0000000001c03058c,表演几点有,59b6768482ec3905d55dff86,番茄🍅不炒蛋,https://sns-avatar-qc.xhscdn.com/avatar/1040g2jo31c6sqm10100049pkdcr89vs6k96ntqg?imageView2/2/w/120/format/jpg,8,,0,1774562218223,4
67ef6348000000001e03e4bb,1743741768000,山东,67e773a0000000001c03058c,最早可以几点呀？,5d69e45d0000000001008ccc,gjuhangypei,https://sns-avatar-qc.xhscdn.com/avatar/1040g2jo30rmcgehsim005nb9sheg936cbo2arn0?imageView2/2/w/120/format/jpg,2,,0,1774562218225,2
682d4ec40000000007036faf,1747799748000,四川,67e773a0000000001c03058c,我早上六点去能点到你图片中的这些么？是人民公园哪家店的？您图片里边坐的这个位子具体在哪里。想去拍照打卡,5f1ae9e3000000000101e4c9,瑶￡瑶,https://sns-avatar-qc.xhscdn.com/avatar/5f1ae9e3000000000101e4c9.jpg?imageView2/2/w/120/format/jpg,2,,0,1774562218226,4
67f8ec6e0000000020016fc9,1744366702000,重庆,67e773a0000000001c03058c,哪个点茶是和小吃一起的吗一共花了多少哇,612b3b120000000001007092,用户已注销,https://sns-avatar-qc.xhscdn.com/avatar/645b6a2cad8bfdf0d350826b.jpg?imageView2/2/w/120/format/jpg,2,,0,1774562218227,0
680a367b000000001f008ef1,1745499771000,广东,67e773a0000000001c03058c,去过，避雷[笑哭R],6042ffc200000000010007b1,娱小蛋,https://sns-avatar-qc.xhscdn.com/avatar/64245b4a8fbdcc0f0e5b3a62.jpg?imageView2/2/w/120/format/jpg,1,,0,1774562218228,0
68102d68000000001e03f4b9,1745890664000,广东,67e773a0000000001c03058c,早上去还是下午去拍照抢位置合适,5b6c2807f7e8b96c6507d692,Ambition.,https://sns-avatar-qc.xhscdn.com/avatar/63fcbe2aaa57c28f569e7c7e.jpg?imageView2/2/w/120/format/jpg,1,,0,1774562218229,0
6803080d0000000013013924,1745029133000,四川,67e773a0000000001c03058c,老成都的味道[doge][doge],5f33d8720000000001002167,成都的小小李,https://sns-avatar-qc.xhscdn.com/avatar/1040g2jo31gc5jor33o005npjr1p088b7lcdkboo?imageView2/2/w/120/format/jpg,1,,0,1774562218229,0
682af9c9000000001c0145a1,1747646922000,广东,67e773a0000000001c03058c,平时没有表演吗,5996ec5c5e87e7305c2bb05b,牙牙,https://sns-avatar-qc.xhscdn.com/avatar/1040g2jo30u0an8ac500049o8cpm5pc2r644i0g8?imageView2/2/w/120/format/jpg,1,,0,1774562218230,0
67ecb62e000000001e00e6b2,1743566382000,广东,67e773a0000000001c03058c,姐妹，图1左下角那种冲茶技术的是哪家呀[皱眉R],5e1418f1000000000100555d,小多🐌🌻,https://sns-avatar-qc.xhscdn.com/avatar/5e1418f1000000000100555d.jpg?imageView2/2/w/120/format/jpg,2,,0,1774562218230,1
6805f28c0000000012000481,1745220237000,天津,67e773a0000000001c03058c,v我50,6765081f0000000018016839,小红薯693FC818,https://sns-avatar-qc.xhscdn.com/avatar/645b7eecf82b98b5c9349913.jpg?imageView2/2/w/120/format/jpg,1,,0,1774562218231,0
685ae1eb000000000a035610,1750786539000,福建,67e773a0000000001c03058c,冲茶表演96，没表演的25，是这个意思吗？贵挺多的，这个表演值得吗？,5c0e6f3100000000070064e9,mini mimimimi,https://sns-avatar-qc.xhscdn.com/avatar/5c0e6f4b048a3f000166d534.jpg?imageView2/2/w/120/format/jpg,1,,0,1774562224540,0
680dcd26000000001e032595,1745734950000,四川,67e773a0000000001c03058c,这篇攻略太贴心了！从茶到玩全安排明白，周末就去试试～ 💖,6553274000000000080018f6,酸阿婆酸汤牛肉火锅,https://sns-avatar-qc.xhscdn.com/avatar/1040g2jo31g9i26e71s005paj4t02067mi11ac58?imageView2/2/w/120/format/jpg,1,,0,1774562224543,0
683bf0df000000000903a622,1748758752000,四川,67e773a0000000001c03058c,平日有變面表演嗎？,6559afdb00000000020283b7,Grace,https://sns-avatar-qc.xhscdn.com/avatar/645b7f6e338379fac1893093.jpg?imageView2/2/w/120/format/jpg,1,,0,1774562224544,0
6943911500000000390032ab,1766035733000,广东,67e773a0000000001c03058c,超想去,659a485f000000002001fbca,健胃消食片,https://sns-avatar-qc.xhscdn.com/avatar/1040g2jo31d2k9tui10005pcq91fo3uuaul0qi6o?imageView2/2/w/120/format/jpg,0,,0,1774562224545,1
68f8a6d400000000330056f9,1761126100000,四川,67e773a0000000001c03058c,全是吸烟的250,5e5118c1000000000100513d,小红薯5E51B07F,https://sns-avatar-qc.xhscdn.com/avatar/529594cd91bbf4c43608131bf9134bdc.jpg?imageView2/2/w/120/format/jpg,0,,0,1774562224545,0
68e7821f000000003802a0fe,1760002591000,四川,67e773a0000000001c03058c,最晚可以几点,56cc716b84edcd03470c27ca,潘婷子,https://sns-avatar-qc.xhscdn.com/avatar/5882aa8102f37d28e62701cb.jpg?imageView2/2/w/120/format/jpg,0,,0,1774562224546,0
684fe0b9000000002000d052,1750065338000,四川,67e773a0000000001c03058c,说实话不推荐来 本想坐下清闲喝个茶 乌压压全是人 乱哄哄 真是闹得很 最近天气热 外边还热乎乎的,592c13647fc5b8591f66df05,安,https://sns-avatar-qc.xhscdn.com/avatar/592c13647fc5b8591f66df05.jpg?imageView2/2/w/120/format/jpg,0,,0,1774562224546,2
68147085000000000b01f2e5,1746169990000,四川,67e773a0000000001c03058c,东门还是北门,569ad84eb8c8b440f8f6c2d1,毛然,https://sns-avatar-qc.xhscdn.com/avatar/53ba1722242c3e9344db7b0fc2e1005f.jpg?imageView2/2/w/120/format/jpg,0,,0,1774562224547,1
684ecd170000000007037661,1749994775000,四川,67e773a0000000001c03058c,成都慢生活，从人民公园喝茶开始🍵,6758481e000000001d02f6bf,小红薯6758FAA1,https://sns-avatar-qc.xhscdn.com/avatar/1040g2jo31treujbcmi505pqo90f7dtlvba94n48?imageView2/2/w/120/format/jpg,0,,0,1774562224547,0
67ed0f9d000000001e038e29,1743589278000,浙江,67e773a0000000001c03058c,每周六下午2.00，节目好看吗？,5c1585e600000000070356c5,FEIZHEN,https://sns-avatar-qc.xhscdn.com/avatar/5c158c6e9602cc000167f044.jpg?imageView2/2/w/120/format/jpg,0,,0,1774562224548,0
6815afb0000000000400d6d2,1746251696000,四川,681570140000000023013445,背影还以为是个白女我服了,6129d6bd0000000001005720,警长Jinz,https://sns-avatar-qc.xhscdn.com/avatar/1040g2jo31rc6li91000g5o99qqug8lp0l48bc9o?imageView2/2/w/120/format/jpg,32,,0,1774562236051,1234
68158abd000000000a0345b4,1746242237000,四川,681570140000000023013445,这不是省图书馆的那位男扮女装占座大神吗[石化R],62d5a568000000000303f906,我想改大手,https://sns-avatar-qc.xhscdn.com/avatar/1040g2jo31edd2r8v0k005omlklk0vu86krf8pe8?imageView2/2/w/120/format/jpg,36,,0,1774562236054,315
6815962c000000000401dc50,1746245164000,四川,681570140000000023013445,男女老少集于一身[笑哭R],5d3c204f000000001100d4e3,豆,https://sns-avatar-qc.xhscdn.com/avatar/5d3c20a5f3be3b00014f3f9b.jpg?imageView2/2/w/120/format/jpg,6,,0,1774562236055,219
6815b186000000001f019eea,1746252167000,四川,681570140000000023013445,十多年前一直在人民公园卖艺的老人，不晓得还在否,5fc5d64e0000000001005571,凡塵過客,https://sns-avatar-qc.xhscdn.com/avatar/1000g2jo2igs3qsgis0505nu5qp708lbh93iqhqg?imageView2/2/w/120/format/jpg,4,http://sns-webpic-qc.xhscdn.com/202603270557/9720b479ceb96e4b4f70740cb8fbff3f/comment/1040g2h031h0s59li385g5nu5qp708lbh654sav0!nd_whlt34_webp_wm_1,0,1774562236055,19
6816004d000000001f00e77b,1746272333000,四川,681570140000000023013445,挺佩服这种能在国内自由做自己的人 其实在国外挺平常也不会受到异样眼光,5afbbb884eacab48b0bd15a8,圈圈,https://sns-avatar-qc.xhscdn.com/avatar/649708089d08e4298b509852.jpg?imageView2/2/w/120/format/jpg,2,,0,1774562236056,14
68332e0e0000000008025915,1748184590000,四川,681570140000000023013445,@炒板栗子   @鹿米   男女老少古今中外于一体,5f637bce000000000100b249,Shana,https://sns-avatar-qc.xhscdn.com/avatar/6381edd00534ca884872d817.jpg?imageView2/2/w/120/format/jpg,3,,0,1774562236057,1
683090b9000000000b02ceae,1748013242000,新疆,681570140000000023013445,@-香蕉鱼 @看看我理你吗,5b7cd4b5441cdd0001392a01,高杉智,https://sns-avatar-qc.xhscdn.com/avatar/1040g2jo31keg8s152u3g4ahu7pabaag1l4ha0g0?imageView2/2/w/120/format/jpg,2,,0,1774562236057,0
6819724e000000000a037aef,1746498133000,云南,681570140000000023013445,我五一去 人山人海,5b3cf28cf7e8b96f21578518,LuckyAnna,https://sns-avatar-qc.xhscdn.com/avatar/1040g2jo31t46hd3k5k004a6retp8p18o93fp1o8?imageView2/2/w/120/format/jpg,2,http://sns-webpic-qc.xhscdn.com/202603270557/d519df3c0528c45c97d6cdd4db7d8bf7/comment/1040g2h031h4heeb23i004a6retp8p18ogubogcg!nd_whgt34_webp_wm_1,0,1774562236058,0
6816323d000000000a0374cb,1746285118000,四川,681570140000000023013445,成都是挺包容的，在其他城市可能会被打,5c94fa290000000012027af7,铜梁鱼摆摆,https://sns-avatar-qc.xhscdn.com/avatar/cd255d0e201935e0d852bd371f18c198.jpg?imageView2/2/w/120/format/jpg,2,,0,1774562236059,0
6815c72e000000000400f0a8,1746257711000,江苏,681570140000000023013445,白女—嬢嬢—叔叔,57511ebc34609414bd3411ae,孟德德德子,https://sns-avatar-qc.xhscdn.com/avatar/62ba9f725b51e3cae4a4b54e.jpg?imageView2/2/w/120/format/jpg,0,,0,1774562236059,5
689945e20000000029033132,1754875363000,四川,681570140000000023013445,早上跑步看见，特地来小红书求证,6082b6f50000000001006eb2,广瑜,https://sns-avatar-qc.xhscdn.com/avatar/53ba1722242c3e9344db7b0fc2e1005f.jpg?imageView2/2/w/120/format/jpg,0,,0,1774562242374,0
683c556d000000000b01d3f4,1748784494000,云南,681570140000000023013445,@力拉 V5,5af69f19e8ac2b7365233ef5,凤鸣九天,https://sns-avatar-qc.xhscdn.com/avatar/1040g2jo31qim8f1b7g604a58ovfhifnl8d3j6ng?imageView2/2/w/120/format/jpg,0,,0,1774562242376,0
68398c24000000000a035f6e,1748601892000,四川,681570140000000023013445,看评论并没有特别的不友善的语言，这高度自由包容的社会氛围真好,594d058c50c4b44b21bcab8c,喜宝是一只小巴哥,https://sns-avatar-qc.xhscdn.com/avatar/62d005efb194df3205f8a11b.jpg?imageView2/2/w/120/format/jpg,0,,0,1774562242377,0
6837f871000000001c0379cf,1748498546000,湖北,681570140000000023013445,@半生欢,5bf367766c88640001f79864,用户,https://sns-avatar-qc.xhscdn.com/avatar/1040g2jo31sf2ro9p62004bs6ukjnd6347k3mok8?imageView2/2/w/120/format/jpg,0,,0,1774562242378,0
6836fea9000000000d016244,1748434601000,四川,681570140000000023013445,大姐哥,681e20de000000000d008e81,鑫鑫,https://sns-avatar-qc.xhscdn.com/avatar/645b7f83b46568f580649586.jpg?imageView2/2/w/120/format/jpg,0,,0,1774562242379,0
683337d2000000001c017a0d,1748187090000,新加坡,681570140000000023013445,@马甲线,61db22ad000000001000a5a3,傻子,https://sns-avatar-qc.xhscdn.com/avatar/1040g2jo31fo079hi02005oer4amk19d3p8qglm0?imageView2/2/w/120/format/jpg,0,,0,1774562242379,0
68332e14000000000702acea,1748184597000,四川,681570140000000023013445,@cicixi,5f637bce000000000100b249,Shana,https://sns-avatar-qc.xhscdn.com/avatar/6381edd00534ca884872d817.jpg?imageView2/2/w/120/format/jpg,0,,0,1774562242380,0
682f331f000000000b02f905,1747923744000,四川,681570140000000023013445,@O7star.,5edc574b0000000001002674,只研朱墨作春山,https://sns-avatar-qc.xhscdn.com/avatar/1040g2jo31lkll01ulo6g5nmsat5g89jksnbuv28?imageView2/2/w/120/format/jpg,0,,0,1774562242381,0
682e6b24000000000702aeb8,1747872548000,四川,681570140000000023013445,@L-,631e8a5e000000002303dcd6,无敌暴龙战士,https://sns-avatar-qc.xhscdn.com/avatar/1040g2jo316psv4e3k6005oouh9f8vn6min3du0o?imageView2/2/w/120/format/jpg,0,,0,1774562242381,0
682dd68d000000001c01cea6,1747834509000,云南,681570140000000023013445,我以为是一位欧洲女性。,542f5250d6e4a91d8952ca04,笑发财了,https://sns-avatar-qc.xhscdn.com/avatar/1040g2jo310vkk3rbmc0g400a2a951ig47cch960?imageView2/2/w/120/format/jpg,0,,0,1774562242382,1
671a49b9000000001a031b9f,1729776057000,,671a26bd000000001602122e,公主这是用手机原相机后置拍的吗？,5ad617aa4eacab081d3baab7,一串金秋原创手作,https://sns-avatar-qc.xhscdn.com/avatar/seller_6942bb4110082b0001c9a46d?imageView2/2/w/120/format/jpg,2,,0,1774562253699,4
67234c1a0000000019000358,1730366491000,,671a26bd000000001602122e,好看好看[doge],5f788044000000000101c936,为人正直的大男孩,https://sns-avatar-qc.xhscdn.com/avatar/1040g2jo319b31jpo6e605nrog120bi9midhp2og?imageView2/2/w/120/format/jpg,0,,0,1774562253701,0
673b1d920000000007015e85,1731927443000,,671a26bd000000001602122e,太美啦[偷笑R][偷笑R][偷笑R][偷笑R][哇R][哇R],630868610000000012002eb6,韩佬,https://sns-avatar-qc.xhscdn.com/avatar/1040g2jo31m38ivco68d05oo8d1gkgblmu6cemm0?imageView2/2/w/120/format/jpg,0,,0,1774562253702,0
671bb0b3000000001702d754,1729867956000,,671a26bd000000001602122e,29号下午有空拍吗，私信发不出去[皱眉R],5bd5152016cabd00013f2d17,躺平的咸鱼,https://sns-avatar-qc.xhscdn.com/avatar/1040g2jo30v1o9t2elg104bl4h2ai0b8no0ou35g?imageView2/2/w/120/format/jpg,0,,0,1774562253703,1
6755c33c000000001a0337a9,1733673789000,,671a26bd000000001602122e,绝了这个高颅顶,6098e609000000000101e153,迅猛龙分龙🐉,https://sns-avatar-qc.xhscdn.com/avatar/1040g2jo31ed06tbdge005o4oso4gboaj588bqp0?imageView2/2/w/120/format/jpg,0,,0,1774562253704,0
673a32730000000002004355,1731867252000,,671a26bd000000001602122e,老婆 申请贴贴[偷笑R],66b603a7000000000b0314b5,小薯红自营严选,https://sns-avatar-qc.xhscdn.com/avatar/1040g2jo31o90ke3o6m005plm0ejiu55lkvc7s48?imageView2/2/w/120/format/jpg,0,,0,1774562253705,0
6732eeae0000000018029e2f,1731391151000,,671a26bd000000001602122e,纯欲姐姐[飞吻R],6719ef8f000000001d02118b,彩虹不会掉颜色,https://sns-avatar-qc.xhscdn.com/avatar/1040g2jo319evve346e605poptu7nc4cbk2190co?imageView2/2/w/120/format/jpg,0,,0,1774562253705,0
671a3e6b0000000017026fda,1729773164000,,671a26bd000000001602122e,美美哒宝,5b5ea9ed11be10276f9fbebe,黎佳yiii,https://sns-avatar-qc.xhscdn.com/avatar/1040g2jo31f9q3eh16i004a7lqskurfluld9m6oo?imageView2/2/w/120/format/jpg,0,,0,1774562253706,1
671a8099000000001a013b62,1729790105000,,671a26bd000000001602122e,天啊 好漂亮[哇R][哇R][哇R],5b59d01cf7e8b971c6c6b616,困苏咯（深圳陪拍版）,https://sns-avatar-qc.xhscdn.com/avatar/1040g2jo310tt7jgc6e004a7i8c81pdgmii8ha2o?imageView2/2/w/120/format/jpg,0,,0,1774562253706,1
673213a7000000001b0046ad,1731335079000,,671a26bd000000001602122e,好仙[偷笑R],634c3689000000001802f070,Marshall,https://sns-avatar-qc.xhscdn.com/avatar/1040g2jo31b6hl17v7o005oqc6q4m5s3ggmlbcm0?imageView2/2/w/120/format/jpg,0,,0,1774562253707,2
6723b468000000001802a729,1730393192000,,671a26bd000000001602122e,蹲链接,60ced4b0000000000101e233,💎想瘦还吃不饱💎,https://sns-avatar-qc.xhscdn.com/avatar/1040g2jo31039adk35o5g5o6eqio0bohj7mpb998?imageView2/2/w/120/format/jpg,0,,0,1774562259974,0
671a363d000000001b005a22,1729771069000,,671a26bd000000001602122e,哇，好美呀，这是今天的天气嘛,56a730341c07df4b63bcdf21,棱baby,https://sns-avatar-qc.xhscdn.com/avatar/1040g2jo3126028s44o0045cek3o39np18roh9d0?imageView2/2/w/120/format/jpg,0,,0,1774562259975,0
671a3236000000001802a6ba,1729770038000,,671a26bd000000001602122e,好美哦[哇R],60e05a4700000000010054cb,小小黑蕊（减肥ing）,https://sns-avatar-qc.xhscdn.com/avatar/1040g2jo31slghdrgm2005o70b93g8l6b1j2mb50?imageView2/2/w/120/format/jpg,0,,0,1774562259976,1
67de7bfb0000000012023678,1742633980000,四川,67de5f9f000000001a006b80,成都来了就走不了的城市,5a181042e8ac2b7997a4ac49,蒙蒙🍭,https://sns-avatar-qc.xhscdn.com/avatar/1040g2jo31pg8qo7aiu0049vrt1845b292kc2ajg?imageView2/2/w/120/format/jpg,1,,0,1774562537683,0
67de76d7000000001f01b215,1742632664000,四川,67de5f9f000000001a006b80,好久没去逛公园了,5bcdb00bf7e8b96807bfa5f8,南飞,https://sns-avatar-qc.xhscdn.com/avatar/1040g2jo312tavuorjs004bim3eo0n9foeec7feg?imageView2/2/w/120/format/jpg,1,,0,1774562537685,0
67e92e2e000000001e0153b8,1743334959000,广东,67de5f9f000000001a006b80,太有感觉啦,58354f725e87e70ef5ad92e1,曾琪琪Katherine,https://sns-avatar-qc.xhscdn.com/avatar/64568506062888d4058120e2.jpg?imageView2/2/w/120/format/jpg,1,,0,1774562537687,0
67e511db000000001e01cd5b,1743065564000,四川,67de5f9f000000001a006b80,刚来成都，一起丸吗.[玫瑰R],67d25e43000000001b0093e9,飞行弥,https://sns-avatar-qc.xhscdn.com/avatar/1040g2jo31f1s4j146q005puibp1mp4v9j4n0uao?imageView2/2/w/120/format/jpg,1,,0,1774562537688,0
67e758a3000000001e0235f2,1743214756000,上海,67de5f9f000000001a006b80,悠哉悠哉[偷笑R],58514d1e5e87e71458ab4b49,Yozuki毛毛酱,https://sns-avatar-qc.xhscdn.com/avatar/5a3ce83fb46c5d173a943332.jpg?imageView2/2/w/120/format/jpg,1,,0,1774562537689,0
67f747a90000000020010a87,1744258985000,广东,67de5f9f000000001a006b80,我闺女也爱吃[偷笑R],594b7aa45e87e779f22ded60,Hi杨大侠,https://sns-avatar-qc.xhscdn.com/avatar/1040g2jo313j13tbh380049kl0hta9rb02p2fcug?imageView2/2/w/120/format/jpg,0,,0,1774562537690,0
67f0e3280000000012032eba,1743840040000,四川,67de5f9f000000001a006b80,遗憾的是没去人民公园吃熊猫汤圆[哭惹R],5a15056ce8ac2b22a570dc78,Han,https://sns-avatar-qc.xhscdn.com/avatar/1040g2jo31qv1956c0a0049vp2f2mpn3oadocomg?imageView2/2/w/120/format/jpg,0,,0,1774562537691,0
67fd21ec0000000012012bcb,1744642541000,四川,67de5f9f000000001a006b80,我劝你千万不要去鹤鸣 人太多了[失望R] 去人民公园后面的其他茶社 才是娘娘们去的地方,5d8bc7da0000000001018cd4,小肥肥 kico,https://sns-avatar-qc.xhscdn.com/avatar/1000g2jo2lo0lov8io0005ncbovd0b36kuvv8hro?imageView2/2/w/120/format/jpg,0,,0,1774562537692,0
67fd21d2000000001e03fe34,1744642515000,四川,67de5f9f000000001a006b80,哪里有这么悠闲，今天去了，人挤人、空气简直乌烟瘴气,5e55b7a8000000000100805b,momo～～～,https://sns-avatar-qc.xhscdn.com/avatar/61807027353e7f00015858e1.jpg?imageView2/2/w/120/format/jpg,0,,0,1774562537693,0
69beb4200000000002036a5b,1774105633000,中国香港,67de5f9f000000001a006b80,谢谢分享！[赞R],5df76eaa0000000001006add,迷你牛小牛大牛🐮,https://sns-avatar-qc.xhscdn.com/avatar/1000g2jo2l1lms58j20005nfndql08qmt7edvko8?imageView2/2/w/120/format/jpg,0,,0,1774562537693,0
67de6e8e0000000020013a37,1742630542000,四川,67de5f9f000000001a006b80,休闲娱乐接地气的生活。,62e8ae80000000001f005d8c,吉祥如意,https://sns-avatar-qc.xhscdn.com/avatar/62e8ae80000000001f005d8c.jpg?imageView2/2/w/120/format/jpg,1,,0,1774562543995,0
67de6e220000000020016ccc,1742630435000,四川,67de5f9f000000001a006b80,人民公园的小吃我也爱吃。,62e8ae80000000001f005d8c,吉祥如意,https://sns-avatar-qc.xhscdn.com/avatar/62e8ae80000000001f005d8c.jpg?imageView2/2/w/120/format/jpg,1,,0,1774562543997,0
67de6dd0000000001f001d7b,1742630352000,四川,67de5f9f000000001a006b80,人民公园最有成都特色,62e8ae80000000001f005d8c,吉祥如意,https://sns-avatar-qc.xhscdn.com/avatar/62e8ae80000000001f005d8c.jpg?imageView2/2/w/120/format/jpg,1,,0,1774562543999,0
6651c334000000001c03535e,1716634421000,,6651bd26000000001303f427,求求链接 姐姐太美了[哭惹R],5cba0ccf000000001602b719,Cheeseee,https://sns-avatar-qc.xhscdn.com/avatar/1040g2jo31sqfeaoul8705n5q1j7lldopuopfe4g?imageView2/2/w/120/format/jpg,2,,0,1774562555310,1
6651d603000000000800057d,1716639235000,,6651bd26000000001303f427,江南美人[色色R],5c8776f200000000160192e7,杨泡泡_Baa,https://sns-avatar-qc.xhscdn.com/avatar/5e0464b1e275a40001a8f7d4.jpg?imageView2/2/w/120/format/jpg,1,,0,1774562555311,1
6651c3390000000008003c44,1716634425000,,6651bd26000000001303f427,,62ca406d000000001501c44d,听懂请举手,https://sns-avatar-qc.xhscdn.com/avatar/1040g2jo313uep0l8ho6g5oma81mlbh2dqd5f1e8?imageView2/2/w/120/format/jpg,1,http://sns-webpic-qc.xhscdn.com/202603270602/4465201e0dbf2f0615e908a31e60ac7f/comment/1040g2h030t8jmfk7k66g5ofbc3041k63gdim0to!nd_whgt34_webp_wm_1,0,1774562555313,0
66553b9e000000000f004c8f,1716861854000,,6651bd26000000001303f427,@哈哈哈哈 @夜枫,601039c60000000001004482,微辣不要蒜,https://sns-avatar-qc.xhscdn.com/avatar/1040g2jo3169dnbthgs5g5o0g77308h42gmluimo?imageView2/2/w/120/format/jpg,1,,0,1774562555313,1
68e9a4950000000039026955,1760142486000,四川,68c05849000000001b01c27c,这里好玩吗,6761475b0000000018017095,小红薯67620FF6,https://sns-avatar-qc.xhscdn.com/avatar/1040g2jo31glfti8ejc605pr18tdm2s4laga68j8?imageView2/2/w/120/format/jpg,3,,0,1774562566665,4
68f1bdbe0000000033022e5e,1760673215000,四川,68c05849000000001b01c27c,就我一个人对你的相机和镜头型号感兴趣吗？[偷笑R][偷笑R],66f6c4d3000000001d022bd8,执笔.,https://sns-avatar-qc.xhscdn.com/avatar/1040g2jo3188mbs0skc605pnmoj9ncauonlug380?imageView2/2/w/120/format/jpg,3,,0,1774562566667,3
68e7af76000000003802e542,1760014198000,四川,68c05849000000001b01c27c,游玩大概多久,592fe41e50c4b40ad0e80ce2,_没有名字,https://sns-avatar-qc.xhscdn.com/avatar/61b03cfbb706e868da07536d.jpg?imageView2/2/w/120/format/jpg,1,,0,1774562566668,2
68cbc4d1000000003001def2,1758184658000,四川,68c05849000000001b01c27c,[赞R][赞R][赞R]好记录,5adcb7d3e8ac2b0aa6924f69,jackie,https://sns-avatar-qc.xhscdn.com/avatar/1040g2jo30un77dog5e004a4o73rt6jr98pq50r0?imageView2/2/w/120/format/jpg,0,,0,1774562566669,3
697789830000000008033d33,1769441667000,四川,68c05849000000001b01c27c,@鸿时 [派对R],666293e90000000003030340,歪嘴星人,https://sns-avatar-qc.xhscdn.com/avatar/1040g2jo315gov385he6g5pj2ifkgu0q0f29grug?imageView2/2/w/120/format/jpg,1,,0,1774562566670,0
69243c20000000001702e447,1763982368000,广东,68c05849000000001b01c27c,@momo,567bbee40bf90c41839a5272,世纪初暑假🎀,https://sns-avatar-qc.xhscdn.com/avatar/1040g2jo31ts52r6u7e6g44mvuave8kjioisr1qo?imageView2/2/w/120/format/jpg,0,,0,1774562566671,1
69b5b3dc0000000019001127,1773515740000,四川,69b4019e0000000021010b75,没有地址差评,60d225fa000000000100333a,A 先生,https://sns-avatar-qc.xhscdn.com/avatar/c94b2589011be6d87bfbbbf21db9e2a0.jpg?imageView2/2/w/120/format/jpg,3,,0,1774562578002,1
69b96958000000001400b6fd,1773758809000,四川,69b4019e0000000021010b75,贵吗[哭惹R],60d7471c000000000101d826,没想到要叫什么名字所以就叫这个吧,https://sns-avatar-qc.xhscdn.com/avatar/60d7471c000000000101d826.jpg?imageView2/2/w/120/format/jpg,2,,0,1774562578004,0
69b54bf00000000002035fe7,1773489137000,四川,69b4019e0000000021010b75,图五的盖浇饭可不可以单点那，就只吃个盖浇饭,5c4af4d80000000012003798,年年有余,https://sns-avatar-qc.xhscdn.com/avatar/1040g2jo31duupkogge005n2aujc4gdsojm7v988?imageView2/2/w/120/format/jpg,3,,0,1774562578005,1
69b69b3b000000000103d671,1773574972000,四川,69b4019e0000000021010b75,没在店家菜单里看到这道菜呀,677b63dd000000001801e115,鸦鸦一只,https://sns-avatar-qc.xhscdn.com/avatar/1040g2jo31i7l8f4hmq7g5prrcfem3o8lgbjanu8?imageView2/2/w/120/format/jpg,2,,0,1774562578006,0
69b61d15000000000d034567,1773542677000,四川,69b4019e0000000021010b75,这个牛胸膘简直馋哭,61a1fd0e00000000100081e9,李大白,https://sns-avatar-qc.xhscdn.com/avatar/63d7f51eb70662e2d14044dd.jpg?imageView2/2/w/120/format/jpg,1,,0,1774562578007,0
69b54af900000000020367e9,1773488890000,四川,69b4019e0000000021010b75,这家的怪味里脊肉，酸甜可口，鸭子有股淡淡的茶香味，非常不错一家餐馆。,658c3a0800000000220162a3,平常人,https://sns-avatar-qc.xhscdn.com/avatar/645b7e17e29f7d0acadad89f.jpg?imageView2/2/w/120/format/jpg,1,,0,1774562578007,1
69b6973b00000000150081ec,1773573947000,四川,69b4019e0000000021010b75,本地川菜还是？,5c066246000000000700d06b,7星女把爷,https://sns-avatar-qc.xhscdn.com/avatar/1040g2jo30nslub8g12604buqolh4dk3bj61pr10?imageView2/2/w/120/format/jpg,1,,0,1774562578008,0
69b5f95d0000000002029977,1773533534000,四川,69b4019e0000000021010b75,在哪里呢,5ae916a04eacab3338792821,喵喵喵喵喵,https://sns-avatar-qc.xhscdn.com/avatar/1040g2jo31nmp8a5aks0g4a4vunba0a112h4afn0?imageView2/2/w/120/format/jpg,1,,0,1774562578008,0
69b61f4c00000000150109bc,1773543244000,天津,69b4019e0000000021010b75,你在哪儿找到的喃[汗颜R][汗颜R][汗颜R],5fcb8de90000000001009419,神经蛙 Jack,https://sns-avatar-qc.xhscdn.com/avatar/1040g2jo31cpqqusugm005nubhnkg950p1p7as20?imageView2/2/w/120/format/jpg,1,,0,1774562578009,0
69b57cf1000000001500b868,1773501682000,四川,69b4019e0000000021010b75,吃过，确实好吃[害羞R],656a0679000000001c019ac0,馋到流口水,https://sns-avatar-qc.xhscdn.com/avatar/65745a49f374c86e91962c00.jpg?imageView2/2/w/120/format/jpg,1,,0,1774562578010,0
69b7c076000000000f01b395,1773650038000,广西,69b4019e0000000021010b75,看着都要流口水，25号左右去[暗中观察R]还有什么地道老成都可以给我推荐推荐，我是云贵川胃[得意R],55700198c2bdeb47a9057b49,哔哩吧辣,https://sns-avatar-qc.xhscdn.com/avatar/6226b901178848c9d5accc2d.jpg?imageView2/2/w/120/format/jpg,0,,0,1774562584287,0
69b5b589000000000d037b35,1773516169000,四川,69b4019e0000000021010b75,味道好不好,6425b28b000000000f0137fc,小乖^_^,https://sns-avatar-qc.xhscdn.com/avatar/1040g2jo313v43cfjhg005p15ma5jqdvs8rlavf8?imageView2/2/w/120/format/jpg,1,,0,1774562584290,1
69b94d44000000000f02b980,1773751621000,四川,69b4019e0000000021010b75,牛胸膘  你上次吃过  咋样哇,5c03cfa0000000000800b831,加健法,https://sns-avatar-qc.xhscdn.com/avatar/1040g2jo31tvlbn2l7e6g4bup3j7q1e1husrekl8?imageView2/2/w/120/format/jpg,0,,0,1774562584291,0
69becd700000000015009975,1774112113000,四川,69b4019e0000000021010b75,@mino 看着好香,5d1f70270000000010028668,暴躁刺头📸,https://sns-avatar-qc.xhscdn.com/avatar/1040g2jo31q4aep5u7u005n8ve0jk51j8ilkkqpo?imageView2/2/w/120/format/jpg,0,,0,1774562584291,0
69bb688b0000000015009fc2,1773889676000,湖南,69b4019e0000000021010b75,我看网上招牌菜是他们家辣子鸡，怎么样啊？消费贵吗？[汗颜R],58133c5f6a6a695c4566ba52,🎀Angel,https://sns-avatar-qc.xhscdn.com/avatar/1040g2jo31trct2gp7q6g48qb75u5veiicucdmdo?imageView2/2/w/120/format/jpg,1,,0,1774562584292,1
69bad990000000000202a98e,1773853072000,中国台湾,69b4019e0000000021010b75,@姣的🐟,5b5c5809e8ac2b4b0b47c21e,橘猫不胖,https://sns-avatar-qc.xhscdn.com/avatar/1040g2jo31icl6har7o004a7kabc0jggu7s14dm8?imageView2/2/w/120/format/jpg,0,,0,1774562584293,0
6384aa060000000019027eab,1669638662000,,5f956c13000000000100b5c1,礼貌拿图，谢谢博主！,6268ecc30000000010006a25,燃烧生命,https://sns-avatar-qc.xhscdn.com/avatar/ae351b5abc78ae2e8d79998354db8440.jpg?imageView2/2/w/120/format/jpg,0,,0,1774562595657,1
600eac16000000000102915e,1611574294000,,5f956c13000000000100b5c1,锦鲤丫第一排第12扣好眠无梦[微笑R],600aae2b0000000001007fe5,🌙,https://sns-avatar-qc.xhscdn.com/avatar/608a42d4a6534a933b5fe024.jpg?imageView2/2/w/120/format/jpg,0,,0,1774562595658,0
619f7433000000000102d907,1637839923000,,5f956c13000000000100b5c1,凡华美丽的城市,60d9e21a0000000020028f91,人生如梦,https://sns-avatar-qc.xhscdn.com/avatar/60d9e21a0000000020028f91.jpg?imageView2/2/w/120/format/jpg,0,,0,1774562595659,0
619f7491000000000102e3b5,1637840017000,,5f956c13000000000100b5c1,两个美女在选首饰,60d9e21a0000000020028f91,人生如梦,https://sns-avatar-qc.xhscdn.com/avatar/60d9e21a0000000020028f91.jpg?imageView2/2/w/120/format/jpg,0,,0,1774562595660,1
62edc41d0000000010029ccc,1659749405000,,5f956c13000000000100b5c1,礼貌拿图，谢谢,62b54cc6000000001b024373,人生若只如初见,https://sns-avatar-qc.xhscdn.com/avatar/62b54cc6000000001b024373.jpg?imageView2/2/w/120/format/jpg,0,,0,1774562595661,0
619f745d000000000102dd76,1637839965000,,5f956c13000000000100b5c1,淘醉了,60d9e21a0000000020028f91,人生如梦,https://sns-avatar-qc.xhscdn.com/avatar/60d9e21a0000000020028f91.jpg?imageView2/2/w/120/format/jpg,0,,0,1774562595662,0
60c2bf590000000021007922,1623375705000,,5f956c13000000000100b5c1,哇，你这个用灯补光了吗,5cd8c0cc000000001002b817,西南脸圆圆,https://sns-avatar-qc.xhscdn.com/avatar/60f7b4ab6f3379444bbf60a5.jpg?imageView2/2/w/120/format/jpg,0,,0,1774562595662,0
602af55c0000000021035e06,1613428060000,,5f956c13000000000100b5c1,请问这是哪里？好漂亮,5c71c6840000000010017764,辣条,https://sns-avatar-qc.xhscdn.com/avatar/be4e54a984a21be925a215a08fb36c8b.jpg?imageView2/2/w/120/format/jpg,0,,0,1774562595663,0
5fe07117000000000102cf90,1608544535000,,5f956c13000000000100b5c1,被衣服种草[害羞R],5d20bd430000000016001ee4,AveAvery,https://sns-avatar-qc.xhscdn.com/avatar/62748db9389c5ed27639e815.jpg?imageView2/2/w/120/format/jpg,0,,0,1774562595664,0
5fd8141e000000000102f9fe,1607996446000,,5f956c13000000000100b5c1,外套好看,5923d4696a6a6906f5955d66,问题不大～,https://sns-avatar-qc.xhscdn.com/avatar/1040g2jo30tqnhuhikq6g49h5b4a6inb6ag5od9o?imageView2/2/w/120/format/jpg,0,,0,1774562595664,0
5fd5dd64000000000102de40,1607851364000,,5f956c13000000000100b5c1,衣服好美~[微笑R]淘宝都搜不到这款,5cc1d1c0000000001003215f,那个番茄🍅,https://sns-avatar-qc.xhscdn.com/avatar/1040g2jo31ksr6blj306g5n61q70468avt4okr60?imageView2/2/w/120/format/jpg,0,,0,1774562602295,1
5fd2579f0000000001026284,1607620511000,,5f956c13000000000100b5c1,喜欢你身上的外套,58652bc45e87e7493d252121,@,https://sns-avatar-qc.xhscdn.com/avatar/63ce1da9e314b9cf64b40e2d.jpg?imageView2/2/w/120/format/jpg,0,,0,1774562602297,0
5faf5733000000000102d42b,1605326643000,,5f956c13000000000100b5c1,成都有什么值得去的,5e8d795e00000000010003a6,大C,https://sns-avatar-qc.xhscdn.com/avatar/5e8d79fba915f50001ca2bc1.jpg?imageView2/2/w/120/format/jpg,0,,0,1774562602298,1
5fa67f43000000000102b1d2,1604747075000,,5f956c13000000000100b5c1,u,59d5c2e144363b7e12716957,泡泡,https://sns-avatar-qc.xhscdn.com/avatar/62f0f08b7cbf96a3c8566268.jpg?imageView2/2/w/120/format/jpg,0,,0,1774562602299,0
5fa0e54a0000000001025469,1604379978000,,5f956c13000000000100b5c1,成都，我的梦,5d346fc70000000011023106,大麦,https://sns-avatar-qc.xhscdn.com/avatar/5faf8fd8551ff80001118afe.jpg?imageView2/2/w/120/format/jpg,0,,0,1774562602299,0
6045bda6000000002003f44d,1615183270000,,5f956c13000000000100b5c1,我们家来体验一下戏曲[偷笑R][偷笑R][偷笑R]绝美！,5f83c0fc0000000001005646,禧来戏曲摄影,https://sns-avatar-qc.xhscdn.com/avatar/b97bee43-060d-4caa-9d2a-937c4042d944.jpg?imageView2/2/w/120/format/jpg,0,,0,1774562602300,0
6918633c000000003902711f,1763205949000,内蒙古,69170831000000000700bcf0,好感动啊，摄影师每次都能让自卑的人发自内心地自信地笑起来[哭惹R],647f22d8000000001c02b8a6,格兰芬多大怨种,https://sns-avatar-qc.xhscdn.com/avatar/1040g2jo31p261jef2a5g5p3v4bc75e56mau3hvg?imageView2/2/w/120/format/jpg,0,,0,1774562613620,4
69179a1c0000000033021031,1763154460000,澳大利亚,69170831000000000700bcf0,这个女孩好漂亮啊。,5df8c0a10000000001006896,天天都开心,https://sns-avatar-qc.xhscdn.com/avatar/1000g2jo2of6n18cjq00g5nfoo2gg8q4mels8dko?imageView2/2/w/120/format/jpg,0,,0,1774562613623,4
69174168000000003800e945,1763131753000,海南,69170831000000000700bcf0,青子你的眼睛很高级，总能找到别人不一样的特点[okR],61ac6eed000000001000e580,卫平,https://sns-avatar-qc.xhscdn.com/avatar/1040g2jo31qolu7vg0ae05odcdrmk1pc09cmflk8?imageView2/2/w/120/format/jpg,0,,0,1774562613625,3
69171436000000003802bb0e,1763120182000,广东,69170831000000000700bcf0,摄影师好厉害很会引导,5c050f9500000000070128f5,爸了个针,https://sns-avatar-qc.xhscdn.com/avatar/1040g2jo31ottks5b1g6g4bupua7paa7ljiiubm8?imageView2/2/w/120/format/jpg,0,,0,1774562613625,3
69170d7800000000380244c6,1763118457000,四川,69170831000000000700bcf0,这个路人五官太优越了,566bffe450c4b408a49d31a8,时间以北🌻,https://sns-avatar-qc.xhscdn.com/avatar/1040g2jo31u5uctnoii00442m2bvu8cd89mtcge8?imageView2/2/w/120/format/jpg,0,,0,1774562613626,3
69172ef1000000003800d60f,1763127025000,辽宁,69170831000000000700bcf0,好漂亮啊！[派对R]拍的好好,5f338daf0000000001009f1d,有一天（等白日提灯版,https://sns-avatar-qc.xhscdn.com/avatar/1040g2jo31l96jca2le005npjhmng97ot7bkcco8?imageView2/2/w/120/format/jpg,0,,0,1774562613627,2
6917264e0000000039023d06,1763124815000,浙江,69170831000000000700bcf0,没化妆都这么美,6020ada4000000000101f920,丹YE,https://sns-avatar-qc.xhscdn.com/avatar/6020ade30110d12e7ea572da.jpg?imageView2/2/w/120/format/jpg,0,,0,1774562613628,2
696c603c000000000f01825e,1768710204000,广东,69170831000000000700bcf0,很漂亮,633eaa0e000000001901de35,爱喝水的鱼,https://sns-avatar-qc.xhscdn.com/avatar/633eaa0e000000001901de35.jpg?imageView2/2/w/120/format/jpg,0,,0,1774562613628,0
695caddd000000001d00b9a6,1767681502000,云南,69170831000000000700bcf0,这个女孩要矫正下牙齿，就更完美了,634ab54c000000001901c2ca,momo,https://sns-avatar-qc.xhscdn.com/avatar/1040g2jo31it9o22ehg6g5oqaml66bgmaoog87j0?imageView2/2/w/120/format/jpg,0,,0,1774562613629,0
69423898000000001d025762,1765947544000,北京,69170831000000000700bcf0,什么镜头？,5ed5dc9c000000000101d09f,不会摄影的股民不是好厨师,https://sns-avatar-qc.xhscdn.com/avatar/1040g2jo31t4djmvr5e5g5nmlrie0bk4vs1r37ag?imageView2/2/w/120/format/jpg,0,,0,1774562613629,0
6933ba390000000038013cc0,1764997689000,江西,69170831000000000700bcf0,好会拍啊,59e73781e8ac2b5f24089929,胧月大魔头,https://sns-avatar-qc.xhscdn.com/avatar/1040g2jo31c4rl080gm0049ul4kro3699b7jfah0?imageView2/2/w/120/format/jpg,0,,0,1774562619923,0
692e7866000000001702c7c7,1764653158000,广西,69170831000000000700bcf0,啊，太想遇上你了，人生照片啊！,57bc3e915e87e77340e20a98,福贵儿~~~,https://sns-avatar-qc.xhscdn.com/avatar/5def3df9a39dbf0001c0d085.jpg?imageView2/2/w/120/format/jpg,0,,0,1774562619925,0
691e7331000000001601d1c5,1763603250000,河北,69170831000000000700bcf0,身材真好[点赞R],5dbafe9a0000000001009257,胡胡,https://sns-avatar-qc.xhscdn.com/avatar/1040g2jo31aqgl6anna005ndqvqd094in9i5ul4o?imageView2/2/w/120/format/jpg,0,,0,1774562619926,0
691afee50000000037025e4e,1763376869000,黑龙江,69170831000000000700bcf0,她真的好美好美,64b3d3f0000000001403e589,momo（持续努力版）,https://sns-avatar-qc.xhscdn.com/avatar/1040g2jo31jnj79qa34505p5jqfo57pc926gfgdo?imageView2/2/w/120/format/jpg,0,,0,1774562619926,0
69187e60000000003902e0cd,1763212897000,四川,69170831000000000700bcf0,很自然，技术真好,5f7828a60000000001001d9d,茗荷荷爱拍照📸,https://sns-avatar-qc.xhscdn.com/avatar/1040g2jo31ti9e38h5a6g5nro52j087ct3ukips8?imageView2/2/w/120/format/jpg,0,,0,1774562619927,0
6917e5e400000000330075b4,1763173861000,山东,69170831000000000700bcf0,好有质感照片,62c22ee2000000001902ae76,无事小神仙,https://sns-avatar-qc.xhscdn.com/avatar/1040g2jo31itll8h7he5g5om25rh6dbjme86p64o?imageView2/2/w/120/format/jpg,0,,0,1774562619928,0
69173abe00000000370118ba,1763130047000,江苏,69170831000000000700bcf0,好好看的女孩啊,5cdcb8430000000010037495,一棵小树哦呀,https://sns-avatar-qc.xhscdn.com/avatar/1040g2jo31tc546g1m8005n6sn11k6t4lb9pqppg?imageView2/2/w/120/format/jpg,0,,0,1774562619929,0
69172bd50000000037026ba2,1763126230000,黑龙江,69170831000000000700bcf0,为什么不来哈尔滨拍,5b816af5d24e100001d7c796,钻石de承诺,https://sns-avatar-qc.xhscdn.com/avatar/1040g2jo31ml3qj755i7g4ajs54lfbhsmpaer5d0?imageView2/2/w/120/format/jpg,0,,0,1774562619929,0
691720930000000033006b46,1763123348000,重庆,69170831000000000700bcf0,好好看,5d2f0045000000001001b6f1,无言有言,https://sns-avatar-qc.xhscdn.com/avatar/1040g2jo31o413u6a06005n9f012k3dnhr96d9t8?imageView2/2/w/120/format/jpg,0,,0,1774562619930,0
69171ca3000000003803e950,1763122340000,广东,69170831000000000700bcf0,好看,5b3abcbf11be107c7a5b7317,机智小饼干,https://sns-avatar-qc.xhscdn.com/avatar/1040g2jo31qkvbbph7u004a6pi8ubusonitptd98?imageView2/2/w/120/format/jpg,0,,0,1774562619930,0
69a2f17100000000090238ff,1772286321000,四川,698b44fe000000000a031839,这个茶馆贵不贵吗,63070c8d000000001200f820,小红薯688ED4AF,https://sns-avatar-qc.xhscdn.com/avatar/1040g2jo31knud8k234605oo71i6khu10b91a140?imageView2/2/w/120/format/jpg,2,,0,1774562631240,1
69c542230000000018039d8d,1774535204000,四川,698b44fe000000000a031839,真有这么乖的吗，，,6464b1d0000000000c031c89,四川火龙装饰工程有限公司,https://sns-avatar-qc.xhscdn.com/avatar/1040g2jo31q6il8eega005p34m7836749gnn7q58?imageView2/2/w/120/format/jpg,0,,0,1774562631241,0
698bf01e000000000603004b,1770778654000,四川,698b44fe000000000a031839,爱就留下来[萌萌哒R],5aeb0c14e8ac2b2c6ca86453,Sylvan.H,https://sns-avatar-qc.xhscdn.com/avatar/1040g2jo31sd08euc58004a51bl618p2j93emq78?imageView2/2/w/120/format/jpg,0,,0,1774562631242,2
69c4788c0000000014032ed9,1774483596000,四川,698b44fe000000000a031839,有时间联系我,69212a420000000032017d70,小红薯6921596F,https://sns-avatar-qc.xhscdn.com/avatar/1040g2jo31qfarvms00605q91591civbg4ifatt8?imageView2/2/w/120/format/jpg,0,,0,1774562631243,0
698c714a00000000080322b9,1770811722000,四川,698b44fe000000000a031839,我咋看到过这个照片 是不是被盗了,67e0b141000000000d008099,Johnny,https://sns-avatar-qc.xhscdn.com/avatar/1040g2jo31fmebiuqg20g5pv0m50j904ppv6e8oo?imageView2/2/w/120/format/jpg,3,,0,1774562631244,2
69c3d9ba000000001500ce4a,1774442938000,四川,698b44fe000000000a031839,人民公园[偷笑R],69b0fede0000000032036223,易辰老师,https://sns-avatar-qc.xhscdn.com/avatar/1040g2jo31tihbq4vm2005qdgvrfcmoh3oq7cgvg?imageView2/2/w/120/format/jpg,0,,0,1774562631244,0
699ac2f20000000006009d6d,1771750130000,四川,698b44fe000000000a031839,成都有一起喝点的吗,5f2edbb7000000000101e6ee,𐂂,https://sns-avatar-qc.xhscdn.com/avatar/1040g2jo31g1v9kp0ge005nperergbpne5te62io?imageView2/2/w/120/format/jpg,0,,0,1774562631245,2
69c250fc000000000c032a00,1774342397000,四川,698b44fe000000000a031839,啥手机拍的[偷笑R],68e874f60000000032018e87,星光租房管家丨中资,https://sns-avatar-qc.xhscdn.com/avatar/1040g2jo31o73bidk50605q78ejrcj3k74g7lc5o?imageView2/2/w/120/format/jpg,0,,0,1774562631245,0
69bb8959000000001500b23e,1773898074000,四川,698b44fe000000000a031839,练瑜伽普拉提吗宝子,64baa4da000000001403f760,早点见面🌟,https://sns-avatar-qc.xhscdn.com/avatar/1040g2jo31tca33p668005p5qkjd57tr0scv1408?imageView2/2/w/120/format/jpg,0,,0,1774562631246,0
69b406d80000000009035077,1773405912000,四川,698b44fe000000000a031839,你爱成都，我爱你[害羞R],689215ca00000000280344e4,八戒先生,https://sns-avatar-qc.xhscdn.com/avatar/1040g2jo31tr9p6vu786g5q4i2n5a6h74vm5hoe0?imageView2/2/w/120/format/jpg,0,,0,1774562631246,0
699abb3c000000000d012f79,1771748156000,四川,698b44fe000000000a031839,你爱成都，我爱你,64579bcb0000000012037ed4,小红薯699FFBBD,https://sns-avatar-qc.xhscdn.com/avatar/1040g2jo31t155njplm6g5p2njf5kmvmkbp8r7f0?imageView2/2/w/120/format/jpg,0,,0,1774562637529,3
69a70eef000000000803056d,1772556016000,山东,698b44fe000000000a031839,简直美爆了，满满仙女气息,5b6ea3ce70068e0001a69d4c,晶石手作的旅行手帐,https://sns-avatar-qc.xhscdn.com/avatar/1040g2jo312hqj7gqns6g4achaohst7acgktlr08?imageView2/2/w/120/format/jpg,0,,0,1774562637532,1
6995d8e90000000009006506,1771428073000,四川,698b44fe000000000a031839,有几张神似刘亦菲[doge],666e9b8900000000070070fe,goodluck,https://sns-avatar-qc.xhscdn.com/avatar/1040g2jo31srt7bchm2005pjeje4hos7u73us8d0?imageView2/2/w/120/format/jpg,0,,0,1774562637533,4
69ac3347000000000f01ae46,1772893000000,四川,698b44fe000000000a031839,这是喝茶地方打牌的,69a9501d000000003202f758,成都红姐老师,https://sns-avatar-qc.xhscdn.com/avatar/1040g2jo31tb48qv85s6g5qd9a0esltqou9t4jdg?imageView2/2/w/120/format/jpg,0,,0,1774562637534,1
6996f26c0000000009020605,1771500141000,广西,698b44fe000000000a031839,求唇膏[飞吻R],5ed6ef4c0000000001005fa6,小麦可,https://sns-avatar-qc.xhscdn.com/avatar/1040g2jo30oj9ub1hi85g5nmmtt608nt6ogubj00?imageView2/2/w/120/format/jpg,1,,0,1774562637535,2
69a39d57000000000600c883,1772330328000,四川,698b44fe000000000a031839,成都也爱你,5d4439ba0000000016017af8,Gentleman,https://sns-avatar-qc.xhscdn.com/avatar/63156a6aea5a9bfd7c64e09c.jpg?imageView2/2/w/120/format/jpg,0,,0,1774562637536,4
69a796b8000000000f02424b,1772590776000,四川,698b44fe000000000a031839,是不是人很多,677d3b610000000008019da9,憨包。,https://sns-avatar-qc.xhscdn.com/avatar/1040g2jo31fulvejr020g5prt7dgi37d9kmtbvg8?imageView2/2/w/120/format/jpg,0,,0,1774562637537,1
698ff8c700000000040032db,1771043015000,四川,698b44fe000000000a031839,成都欢迎你！留下来哈哈哈,5b264c8b4eacab3e1c9757db,杠上开花,https://sns-avatar-qc.xhscdn.com/avatar/1040g2jo31oqqirfjh4004a6bdf68mlur5st9aro?imageView2/2/w/120/format/jpg,0,,0,1774562637538,3
69904144000000000b035fd1,1771061572000,四川,698b44fe000000000a031839,一看就是优秀的授课老师,618e413e00000000100048f6,RonniePan,https://sns-avatar-qc.xhscdn.com/avatar/1040g2jo31sve6c63lk005oce84v40i7mhhesic0?imageView2/2/w/120/format/jpg,0,,0,1774562637539,2
698d2f8a0000000008030d7e,1770860427000,四川,698b44fe000000000a031839,成都欢迎你,5ea8ccbe0000000001002bed,无肠公子摄影,https://sns-avatar-qc.xhscdn.com/avatar/1040g2jo31lrm9u8jlu5g5nl8piv08avdsam6g90?imageView2/2/w/120/format/jpg,0,,0,1774562637539,6
66f51961000000002400bd1d,1727338850000,,66f4e151000000002c01547f,望江楼公园 也不错,556ef734c2bdeb4d74e1463e,懒人仙女,https://sns-avatar-qc.xhscdn.com/avatar/6191082ee87bad8203548689.jpg?imageView2/2/w/120/format/jpg,3,,0,1774562648984,1
68456534000000001c02a7d1,1749378356000,四川,66f4e151000000002c01547f,可以借图写个小组作业吗[偷笑R],62493ab00000000010006036,茶瓶里的海景房,https://sns-avatar-qc.xhscdn.com/avatar/1040g2jo31si5shtem20g5oi97ao40o1m26pto9o?imageView2/2/w/120/format/jpg,4,,0,1774562648986,0
68e33f180000000033005b78,1759723289000,四川,66f4e151000000002c01547f,可以借图发朋友圈吗？太好看了,5bc3434b9c86030001a4fd07,Dormi多米,https://sns-avatar-qc.xhscdn.com/avatar/1040g2jo31t1vtpm462004bf53p1knv87mgn4748?imageView2/2/w/120/format/jpg,2,,0,1774562648987,0
6710f28b0000000024035bc3,1729163915000,,660aa5f8000000001b0124fd,这大腿🦵不错，喝茶能盘腿不[害羞R],5febc01f000000000100be1b,：          恺,https://sns-avatar-qc.xhscdn.com/avatar/5febc01f000000000100be1b.jpg?imageView2/2/w/120/format/jpg,4,,0,1774562660315,5
679c89f30000000020039cb5,1738312180000,,660aa5f8000000001b0124fd,您是懂引流的[doge],6077c52e0000000001005efa,lucky常伴左右,https://sns-avatar-qc.xhscdn.com/avatar/1040g2jo31cl13p28gc005o3nokn08nnqevr5oh8?imageView2/2/w/120/format/jpg,0,,0,1774562660317,1
679cb302000000001b01f798,1738322691000,,660aa5f8000000001b0124fd,没得黑丝不去哈,5a3fd66d11be107af4f1bf15,STAYGOLD球衣店,https://sns-avatar-qc.xhscdn.com/avatar/1040g2jo31tre6hul6o604a0f8tb6rfols1esfno?imageView2/2/w/120/format/jpg,0,,0,1774562660318,2
6770ca04000000000e010589,1735444996000,,660aa5f8000000001b0124fd,腿真好[握手R],6212dc7e000000001000532e,别来这一套,https://sns-avatar-qc.xhscdn.com/avatar/1040g2jo31hlcs1j73i6g5ogirhv40kpe9gvihlo?imageView2/2/w/120/format/jpg,0,,0,1774562660319,0
67e2ad7e0000000012011c30,1742908798000,四川,660aa5f8000000001b0124fd,不错😌,62ea6d49000000001f014084,稻草寒,https://sns-avatar-qc.xhscdn.com/avatar/1040g2jo31gh7id9m3i6g5onadl4nqg444gqfl28?imageView2/2/w/120/format/jpg,0,,0,1774562660320,0
69beb4cd000000000d011702,1774105806000,重庆,69b68a610000000023021b4b,好美啊宝[色色R],5db540b700000000010089fe,一颗噗噗,https://sns-avatar-qc.xhscdn.com/avatar/1040g2jo3193boorlku005ndl82rg92fua2bqbao?imageView2/2/w/120/format/jpg,0,,0,1774562671899,1
69be4cfe0000000001004739,1774079231000,中国香港,69b68a610000000023021b4b,來香港🇭🇰,61dd1989000000001000acd8,波罗的海～～三國,https://sns-avatar-qc.xhscdn.com/avatar/61dd1989000000001000acd8.jpg?imageView2/2/w/120/format/jpg,0,,0,1774562671900,0
69b6f6d0000000000202bea6,1773598417000,广西,69b68a610000000023021b4b,主播请多多更新！,61ceca50000000001000da19,xxxxxi,https://sns-avatar-qc.xhscdn.com/avatar/1040g2jo313tpjvht1g005oeep9841mgpnd3vjf0?imageView2/2/w/120/format/jpg,1,,0,1774562671901,0
69ba2e8a00000000090370e5,1773809291000,江苏,69b68a610000000023021b4b,这身材 太美了[偷笑R],68d34554000000001a0152c3,小红薯68D475F5,https://sns-avatar-qc.xhscdn.com/avatar/645b7f257b3e7e60e53504de.jpg?imageView2/2/w/120/format/jpg,0,,0,1774562671902,0
69b68e67000000001101ac2f,1773571688000,广东,69b68a610000000023021b4b,太美了！太显身材了[暗中观察R],5b5ed74ae8ac2b016d251483,KaiKai在前进,https://sns-avatar-qc.xhscdn.com/avatar/1040g2jo31levklbs5e004a7maibkk543qb2uub0?imageView2/2/w/120/format/jpg,0,,0,1774562671903,0
69b6ea2b000000000503a9df,1773595179000,广西,69b68a610000000023021b4b,美美哒宝宝！,63b8477b000000002801969c,小陈咕噜,https://sns-avatar-qc.xhscdn.com/avatar/1040g2jo31a4tvea1727g5oto8ttq35kshejaetg?imageView2/2/w/120/format/jpg,0,,0,1774562671903,0
69b691d90000000016017163,1773572570000,四川,69b68a610000000023021b4b,好美茄子[派对R],6443e684000000002a008230,江风待月明,https://sns-avatar-qc.xhscdn.com/avatar/1040g2jo30n8v8jnb5g005p23sq2ah0hgf82q2so?imageView2/2/w/120/format/jpg,0,,0,1774562671904,0
69bcb52c00000000150077e0,1773974828000,新加坡,69b68a610000000023021b4b,茄子真的好爱运动啊～运动达人🏃🏻‍♀️,5adbf692b1da14501c80f42e,爱吃柠檬的粥粥,https://sns-avatar-qc.xhscdn.com/avatar/1040g2jo31tlf7q1jn8604a4nk7r95t1eiljokkg?imageView2/2/w/120/format/jpg,0,,0,1774562671905,0
69b6940900000000150051e5,1773573129000,江苏,69b68a610000000023021b4b,我今天也去逛公园啦[偷笑R],62b57b1c000000001902c6e0,是blue鸭🐶,https://sns-avatar-qc.xhscdn.com/avatar/1040g2jo31nbci5dv5m005ollfce6dhn0urt4q68?imageView2/2/w/120/format/jpg,0,,0,1774562671906,0
69b6d41f00000000150035a7,1773589536000,广东,69b68a610000000023021b4b,哇 眼镜封印下的颜值吗,5ce1d2e3000000001003e180,丙火 六,https://sns-avatar-qc.xhscdn.com/avatar/1040g2jo3183s19if46005n71qbhk7oc0bn2r5ig?imageView2/2/w/120/format/jpg,0,http://sns-webpic-qc.xhscdn.com/202603270604/9c800f7a5e53234bfd5cbf662136dc9c/comment/1040g4b831to7kedbn2705n71qbhk7oc0817ktqg!nd_whlt34_webp_wm_1,0,1774562671906,0
69b7ffe4000000001d0088fc,1773666276000,江苏,69b68a610000000023021b4b,好米身材太好啦,5f44a61500000000010088af,蛤蛤橙🍊,https://sns-avatar-qc.xhscdn.com/avatar/1040g2jo31gio4c6bjq005nq4koag925f7l16c6g?imageView2/2/w/120/format/jpg,0,,0,1774562678208,0
69b6ae860000000015000cf3,1773579911000,四川,69b68a610000000023021b4b,好羡慕，还要上班[哭惹R],612704aa0000000001004830,红色豌豆,https://sns-avatar-qc.xhscdn.com/avatar/1040g2jo31iomofkghe6g5o970il08i1gfqcuob8?imageView2/2/w/120/format/jpg,0,http://sns-webpic-qc.xhscdn.com/202603270604/8398c68819a586fd619b02ebcf9f3f2c/comment/1040g4b831to31io07qdg5o970il08i1g9v3koq8!nd_whgt34_webp_wm_1,0,1774562678210,0
69b7531b0000000002029447,1773622043000,四川,69b68a610000000023021b4b,好看爱看少看,665c600c0000000007004ece,小红薯665CA617,https://sns-avatar-qc.xhscdn.com/avatar/1040g2jo31rv62q3gjm5g5pisc061ojmeak11cs8?imageView2/2/w/120/format/jpg,0,,0,1774562678211,0
69b68ee0000000001400b1d1,1773571808000,四川,69b68a610000000023021b4b,人民公园有山么[doge],67c6dd350000000008015ae9,落叶,https://sns-avatar-qc.xhscdn.com/avatar/645b7f8f2a34639eb26eb1cd.jpg?imageView2/2/w/120/format/jpg,0,,0,1774562678212,0
69b6e8e4000000000103eb18,1773594852000,广东,69b68a610000000023021b4b,好美[飞吻R],5b6525b74eacab535b838bb3,千歌,https://sns-avatar-qc.xhscdn.com/avatar/610c02cee85446102a06bbab.jpg?imageView2/2/w/120/format/jpg,1,,0,1774562678213,1
69b6c8e20000000011019726,1773586659000,辽宁,69b68a610000000023021b4b,身材太好,5fcf0f81000000000101cd76,。？，！,https://sns-avatar-qc.xhscdn.com/avatar/5fcf0f81000000000101cd76.jpg?imageView2/2/w/120/format/jpg,0,,0,1774562678213,0
69b68bd40000000015006b30,1773571029000,江苏,69b68a610000000023021b4b,茄子这身材真的无敌了,5e294e530000000001008ef5,十一.,https://sns-avatar-qc.xhscdn.com/avatar/1040g2jo31o215gk658005nh99p9g93nlfl0o8bg?imageView2/2/w/120/format/jpg,0,,0,1774562678214,0
69b69599000000001500a6e1,1773573529000,湖北,69b68a610000000023021b4b,好甜茄子[害羞R],62247091000000001000bf8b,我的甜甜,https://sns-avatar-qc.xhscdn.com/avatar/6235ae9ff25b6a95b2c6082e.jpg?imageView2/2/w/120/format/jpg,0,,0,1774562678215,0
69b69817000000000c030c82,1773574167000,广东,69b68a610000000023021b4b,今天天气好好耶[色色R],64ba9e080000000014039fe6,栗子小片段,https://sns-avatar-qc.xhscdn.com/avatar/1040g2jo31pmrvmt6jq605p5qjo4577v6b68qfdg?imageView2/2/w/120/format/jpg,0,,0,1774562678216,0
69b68f410000000016015f6a,1773571906000,江苏,69b68a610000000023021b4b,成都的相亲角确实挺有名的，我记得我那次还是晚上去逛的[偷笑R],641962100000000011020723,鲲鹏徙南冥,https://sns-avatar-qc.xhscdn.com/avatar/cd255d0e201935e0d852bd371f18c198.jpg?imageView2/2/w/120/format/jpg,0,,0,1774562678216,1
6889e87e000000002b0210b2,1753868414000,重庆,6889cdee00000000220381be,美美的 热不热呀宝宝,66a636d4000000001d020c5c,喵,https://sns-avatar-qc.xhscdn.com/avatar/1040g2jo316emsm1mha005pl66ra7c32sai3gk4g?imageView2/2/w/120/format/jpg,1,,0,1774562689552,0
688b0942000000002a007ea2,1753942338000,广东,6889cdee00000000220381be,好想喝茶！！！想跟老婆一起喝,5943415450c4b4395e7b3121,肉肉崽,https://sns-avatar-qc.xhscdn.com/avatar/1040g2jo31s22mdrg3s0g49k8sj0l8c91d9dfehg?imageView2/2/w/120/format/jpg,1,,0,1774562689554,0
688b2223000000002b01bf0f,1753948708000,广西,6889cdee00000000220381be,人多吗,632bd9480000000023025f3b,小红薯632BEA8F,https://sns-avatar-qc.xhscdn.com/avatar/7121a416be8e543266fd62c1cc9d575e.jpg?imageView2/2/w/120/format/jpg,0,,0,1774562689555,0
688a1084000000002b01dc3d,1753878661000,广西,6889cdee00000000220381be,去划船啊[doge],63f6077b00000000140125dd,泽羽.,https://sns-avatar-qc.xhscdn.com/avatar/1040g2jo315ib79072o6g5ovm0ttl29etostnd20?imageView2/2/w/120/format/jpg,0,,0,1774562689556,1
6889e9130000000029027545,1753868563000,四川,6889cdee00000000220381be,婴儿肥,6103b53b0000000001001f39,寒石-鹤廬,https://sns-avatar-qc.xhscdn.com/avatar/1040g2jo31nujubk8g6005o83mktg87pp971d7p0?imageView2/2/w/120/format/jpg,0,,0,1774562689557,0
688ad0f200000000290305a9,1753927922000,山东,6889cdee00000000220381be,蹲蹲衣服链接,5e94160000000000010042ad,蓝莓芝士,https://sns-avatar-qc.xhscdn.com/avatar/1040g2jo31ksd7aut306g5nkk2o008gld72052to?imageView2/2/w/120/format/jpg,0,,0,1774562689558,0
6892faf2000000002a00e2a3,1754462963000,河南,6889cdee00000000220381be,你好，请问有裙子链接吗？,55d84e573397db0efaccb872,开心小黄,https://sns-avatar-qc.xhscdn.com/avatar/63c112e938018c9aa5c81035.jpg?imageView2/2/w/120/format/jpg,0,,0,1774562689558,0
690c0c82000000003902f57d,1762397314000,四川,69094a3f0000000005013fa5,卧槽，一堆说报好看的，实际上这么好看[石化R],605c08d9000000000100a108,哩哩 哩哩 哩哩哩,https://sns-avatar-qc.xhscdn.com/avatar/1040g2jo31tbeinbr5e0g5o2s13cg9888mli0uv8?imageView2/2/w/120/format/jpg,16,,0,1774562700918,35
690afefa0000000038010400,1762328315000,四川,69094a3f0000000005013fa5,树上的好看[黄金薯R],5b833efb26cd5c000192ea44,一波克比📷,https://sns-avatar-qc.xhscdn.com/avatar/1040g2jo317gvgv3b46104akepvvfnqi4ru2l740?imageView2/2/w/120/format/jpg,3,http://sns-webpic-qc.xhscdn.com/202603270605/df714363cda2d25fa72d787b0e061f64/comment/1040g2h031ogdrr6tlm004akepvvfnqi4erbdi18!nd_whgt34_webp_wm_1,0,1774562700920,18
69101ef40000000039030eb0,1762664181000,四川,69094a3f0000000005013fa5,今年的吗？准备冲,60fa768a000000002002bf57,手工皂代工厂春老板,https://sns-avatar-qc.xhscdn.com/avatar/1040g2jo31n6c2tqbks6g5o7qeq585fqn66ua278?imageView2/2/w/120/format/jpg,5,,0,1774562700921,3
6910ab900000000033026530,1762700177000,四川,69094a3f0000000005013fa5,新成都人啊，少见多怪。早些年的菊展才又多又漂亮。,6162f811000000000201ddc3,风化石,https://sns-avatar-qc.xhscdn.com/avatar/166ad12ae9a7f6fbb4bbbf88d417895f.jpg?imageView2/2/w/120/format/jpg,3,,0,1774562700922,3
690e0a160000000033023f6b,1762527766000,云南,69094a3f0000000005013fa5,有这么多吗，我那天去，就看到一点点，人多走不动[笑哭R],623973a8000000001000a837,水晶,https://sns-avatar-qc.xhscdn.com/avatar/1040g2jo31t1vtf2fls6g5ohpeek41a1nrkc1ut8?imageView2/2/w/120/format/jpg,3,,0,1774562700923,0
690d4c680000000038024d8d,1762479208000,四川,69094a3f0000000005013fa5,人民公园儿菊花展都好多年咯,678b36eb000000000a03f720,大狗,https://sns-avatar-qc.xhscdn.com/avatar/1040g2jo31cpko8vjgm6g5psb6rlintp069057o0?imageView2/2/w/120/format/jpg,2,,0,1774562700923,2
69103676000000003803033f,1762670199000,四川,69094a3f0000000005013fa5,19号还有吗？[偷笑R],566a3d37e00dd85ef08ec5a0,悠悠💫筱麦果,https://sns-avatar-qc.xhscdn.com/avatar/1040g2jo30r3f55ge1c0043us5uujfhd0sbkrne8?imageView2/2/w/120/format/jpg,2,,0,1774562700924,0
690e0675000000003902d3e6,1762526837000,四川,69094a3f0000000005013fa5,展后他们不要花，还可以捡回家养,5e383fb30000000001000a6e,momo,https://sns-avatar-qc.xhscdn.com/avatar/1040g2jo30v5mr1v858005nho7upg82je3ougtd8?imageView2/2/w/120/format/jpg,2,,0,1774562700924,0
690d633800000000390082b9,1762485049000,四川,69094a3f0000000005013fa5,好久撤展啊,5b5168e76b58b712627f0ec5,小澄澄儿,https://sns-avatar-qc.xhscdn.com/avatar/5b5168e76b58b712627f0ec5.jpg?imageView2/2/w/120/format/jpg,2,,0,1774562700925,0
690d52c600000000390253ee,1762480838000,四川,69094a3f0000000005013fa5,收费吗,5d3dc0210000000012030bab,一一零零,https://sns-avatar-qc.xhscdn.com/avatar/cd255d0e201935e0d852bd371f18c198.jpg?imageView2/2/w/120/format/jpg,2,,0,1774562700925,0
69182a0e000000003300675e,1763191310000,四川,69094a3f0000000005013fa5,今天确实好看,63c7ddb20000000026006bd5,诗炜,https://sns-avatar-qc.xhscdn.com/avatar/63c7ddb20000000026006bd5.jpg?imageView2/2/w/120/format/jpg,0,,0,1774562707242,0
6915ff06000000003803fd3b,1763049223000,四川,69094a3f0000000005013fa5,太多人了，妈耶，好看是真的好看，[捂脸R]人多也是真的多，我都快呼吸障碍了,60805d73000000000101cddc,里也造型设计,https://sns-avatar-qc.xhscdn.com/avatar/61d305191dbdc165b5b6c283.jpg?imageView2/2/w/120/format/jpg,0,,0,1774562707243,1
69145a9800000000370121be,1762941592000,四川,69094a3f0000000005013fa5,才从那里回来，人是真的多，门口旅游车都停了一排排。,66fbb5fc000000001d023037,豆芽儿,https://sns-avatar-qc.xhscdn.com/avatar/645b6a2cad8bfdf0d350826b.jpg?imageView2/2/w/120/format/jpg,0,,0,1774562707244,0
6912f5460000000039025a0a,1762850119000,四川,69094a3f0000000005013fa5,外地人，礼貌问地址,59e99a0c4eacab58f0f7a02d,懒羊羊的羊,https://sns-avatar-qc.xhscdn.com/avatar/1040g2jo31s7p7o3hlc5049unaid0p81d6qvq42g?imageView2/2/w/120/format/jpg,1,,0,1774562707245,0
6912e2ea000000003901c61b,1762845418000,四川,69094a3f0000000005013fa5,17年还是18年双十一那天艳阳高照，要去看菊花，结果在大门口就被掏包偷了手机还有眼镜。再也不敢去看菊花[哭惹R]心理阴影不止被偷手机，还有...,5e187d35000000000100ad1b,乱摸猫,https://sns-avatar-qc.xhscdn.com/avatar/1040g2jo315usc63d0o605ngofkqg9b8rvua2078?imageView2/2/w/120/format/jpg,0,,0,1774562707246,0
6911f7c7000000003802f005,1762785225000,四川,69094a3f0000000005013fa5,双色菊花,60214e0f00000000010016ce,冰冰65,https://sns-avatar-qc.xhscdn.com/avatar/61322ba338461c4fb952e7e1.jpg?imageView2/2/w/120/format/jpg,0,http://sns-webpic-qc.xhscdn.com/202603270605/86544c942f1797007a2f88ae61b2780b/comment/1040g2h031on7nnjq0g6g5o119o7g85mekuck85g!nd_whlt34_webp_wm_1,0,1774562707246,1
69102ec0000000003902b464,1762668225000,海南,69094a3f0000000005013fa5,绝美,627a34140000000021027aaf,予之,https://sns-avatar-qc.xhscdn.com/avatar/62c3fdaee6231908bd07755c.jpg?imageView2/2/w/120/format/jpg,0,,0,1774562707247,1
690fe976000000003902bd77,1762650488000,四川,69094a3f0000000005013fa5,,6043ffbe000000000100baf5,大树下的小草,https://sns-avatar-qc.xhscdn.com/avatar/6485ae22fd15f13779816b84.jpg?imageView2/2/w/120/format/jpg,0,http://sns-webpic-qc.xhscdn.com/202603270605/e4ce35f8270773526e7fcb89a17bd7f1/comment/1040g2h031ol7fq9v526g5o23vuv09enlpqpjqto!nd_whgt34_webp_wm_1,0,1774562707248,0
690f496800000000390213d3,1762609519000,四川,69094a3f0000000005013fa5,,58957c723460940bea61955a,泡泡肥猫,https://sns-avatar-qc.xhscdn.com/avatar/1040g2jo30u64m89tle6g493hglu755aqc913ocg?imageView2/2/w/120/format/jpg,2,"http://sns-webpic-qc.xhscdn.com/202603270605/5f05d07c8192fe60fed6d3c3d1dc9bd1/comment/1040g2h031okjujokks50493hglu755aqvmisrm8!nd_whgt34_webp_wm_1,http://sns-webpic-qc.xhscdn.com/202603270605/1b4fa942c877bbe348dee721aea5890d/comment/1040g2h031okjujokks5g493hglu755aqeetfaag!nd_whlt34_webp_wm_1,http://sns-webpic-qc.xhscdn.com/202603270605/73eb7802ce584946381dfa2820d85952/comment/1040g2h031okjujokks4g493hglu755aqccr1670!nd_whgt34_webp_wm_1,http://sns-webpic-qc.xhscdn.com/202603270605/dccba44050534a999cb07756aa9ec4e8/comment/1040g2h031okjujokks60493hglu755aqrf721u0!nd_whlt34_webp_wm_1,http://sns-webpic-qc.xhscdn.com/202603270605/1f1560dc770d635d44cc851b6accb88d/comment/1040g2h031okjujokks40493hglu755aqjt8caig!nd_whgt34_webp_wm_1",0,1774562707248,0
690f2f06000000003302239a,1762602762000,四川,69094a3f0000000005013fa5,今天去的 人山人海,5c98a32d000000001102daca,点点,https://sns-avatar-qc.xhscdn.com/avatar/1040g2jo31tu28eo9n8005n4okcmkdmmaakcjapg?imageView2/2/w/120/format/jpg,4,http://sns-webpic-qc.xhscdn.com/202603270605/20662492b66e784447252aedc04194d6/comment/1040g2h031okgnhhr6g005n4okcmkdmmaijqs95o!nd_whgt34_webp_wm_1,0,1774562707249,1
69ba1d4f00000000010046bd,1773804880000,江苏,69b8d4550000000023014677,衣服能分享一下吗,66961fc70000000003031530,张家港启萌星托管（二中城中校区）,https://sns-avatar-qc.xhscdn.com/avatar/1040g2jo31tp7a9qo08005pkm3v3gu59gf0p97uo?imageView2/2/w/120/format/jpg,3,,0,1774562718528,1
69bc14de000000000d0372e0,1773933790000,湖北,69b8d4550000000023014677,大疆拍的吗,5b4cccc24eacab2eba056566,🎀Vivian,https://sns-avatar-qc.xhscdn.com/avatar/1040g2jo31pe9gs1uic004a779u6c4pb6ajg2868?imageView2/2/w/120/format/jpg,0,,0,1774562718530,0
68c0261f000000000b016681,1757423135000,江苏,68bec1c3000000001d00ef66,多衣服链接[哇R],5c7bc2c10000000011018ee6,_Blueamor,https://sns-avatar-qc.xhscdn.com/avatar/be4e54a984a21be925a215a08fb36c8b.jpg?imageView2/2/w/120/format/jpg,2,,0,1774562729871,0
68bec8ab0000000030016546,1757333676000,北京,68bec1c3000000001d00ef66,裙子有链接么[飞吻R],61b33de7000000001000bba1,不是一颗草莓籽,https://sns-avatar-qc.xhscdn.com/avatar/61b33de7000000001000bba1.jpg?imageView2/2/w/120/format/jpg,0,,0,1774562729873,0
68c52d870000000002002eeb,1757752711000,黑龙江,68bec1c3000000001d00ef66,口红什么呀[飞吻R],600175c50000000001000d4e,是然然啊～,https://sns-avatar-qc.xhscdn.com/avatar/1040g2jo30n7h5cq15a6g5o01en2g83aeeuljl8o?imageView2/2/w/120/format/jpg,0,,0,1774562729874,0
68bf0a87000000000a00cda6,1757350536000,河南,68bec1c3000000001d00ef66,宝宝 宝宝 项链有链接嘛[害羞R],5b5205dd11be102530af7d47,树上有只熊,https://sns-avatar-qc.xhscdn.com/avatar/1040g2jo310rfn47nme004a7bc42tqva7o08qgr0?imageView2/2/w/120/format/jpg,0,,0,1774562729875,0
68bf18c3000000003000a255,1757354179000,广东,68bec1c3000000001d00ef66,喜欢慢节奏的生活[萌萌哒R],5d7492b6000000000101a10d,然星子（见过赵丽颖版）,https://sns-avatar-qc.xhscdn.com/avatar/6384d6f068d954e218da8fd7.jpg?imageView2/2/w/120/format/jpg,0,,0,1774562729876,0
68bfde3c00000000300058c1,1757404732000,广东,68bec1c3000000001d00ef66,也喜欢你老婆（上班看看老婆[飞吻R]）,5d7492b6000000000101a10d,然星子（见过赵丽颖版）,https://sns-avatar-qc.xhscdn.com/avatar/6384d6f068d954e218da8fd7.jpg?imageView2/2/w/120/format/jpg,0,,0,1774562729876,0
68c599dd000000003002f8ec,1757780445000,天津,68bec1c3000000001d00ef66,宝贝[害羞R],5b8a6990b47aa600014a859a,是个猪仔,https://sns-avatar-qc.xhscdn.com/avatar/1040g2jo316n1hqqgjc004anqi1kp11cql5uvad8?imageView2/2/w/120/format/jpg,0,,0,1774562729877,0
69bbf5b5000000000d0133a8,1773925813000,湖北,69bba9c90000000023020c25,少不入川[暗中观察R],56a4a39d50c4b44b91bf92f7,凡凡妞,https://sns-avatar-qc.xhscdn.com/avatar/1040g2jo31rnui3okis0045bbj9hpr4nn61b56no?imageView2/2/w/120/format/jpg,1,,0,1774562741492,0
69bc0747000000001d00b387,1773930311000,浙江,69bba9c90000000023020c25,看到你的短视频我好像也玩过了,5f2aac610000000001003df6,一路上有你,https://sns-avatar-qc.xhscdn.com/avatar/5f2aacac526d230001bb6a38.jpg?imageView2/2/w/120/format/jpg,1,,0,1774562741495,0
69bc9822000000001400b909,1773967395000,四川,69bba9c90000000023020c25,比我还成都[偷笑R][偷笑R],5edd036f000000000100016e,行行,https://sns-avatar-qc.xhscdn.com/avatar/1040g2jo31ri3arbgnoe05nmt0dng80bemn08tio?imageView2/2/w/120/format/jpg,0,,0,1774562741496,1
69bbfb6f00000000160154c2,1773927280000,四川,69bba9c90000000023020c25,惊现我拍的帅气丹妞儿[自拍R],5b1c34bee8ac2b2a361c232a,泰沐摄影Video-英杰,https://sns-avatar-qc.xhscdn.com/avatar/1040g2jo31pq2fbbekk004a643hqbs8pa9245joo?imageView2/2/w/120/format/jpg,0,,0,1774562741497,0
69c53e37000000001400bae6,1774534199000,上海,69bba9c90000000023020c25,羡慕你呀到处跑[哇R],6371103f000000001f01eb1f,冰山小鹿,https://sns-avatar-qc.xhscdn.com/avatar/1040g2jo30qg42kb006005orh20vnrqoveah8kuo?imageView2/2/w/120/format/jpg,0,,0,1774562741498,0
69bce4e400000000010067c9,1773987045000,新西兰,69bba9c90000000023020c25,👍,6892a722000000002802c1d7,KIWI Serenity _Sichuan,https://sns-avatar-qc.xhscdn.com/avatar/1040g2jo31snksblt580g5q4iksha5geneleuqjo?imageView2/2/w/120/format/jpg,0,,0,1774562741499,0
6844fd3d0000000007034232,1749351742000,四川,680dc99e000000001c03442b,好漂亮啊,6826b404000000000a03de17,周周的旅行日记,https://sns-avatar-qc.xhscdn.com/avatar/1040g2jo31jnjf55cjq005q16mg22nngno54sgi0?imageView2/2/w/120/format/jpg,0,,0,1774562753076,1
68462d96000000001c029673,1749429654000,四川,680dc99e000000001c03442b,那个熊猫屁屁好阔爱[偷笑R],58ece64750c4b415c482483e,妤见.中式美睫定制 有课,https://sns-avatar-qc.xhscdn.com/avatar/1040g2jo316c123hfha0049cqslj4ei1ukbv8410?imageView2/2/w/120/format/jpg,0,,0,1774562753078,1
685b6406000000000c0162c2,1750819846000,四川,680dc99e000000001c03442b,盖碗茶巴适,6802ddf300000000060128a7,传奇,https://sns-avatar-qc.xhscdn.com/avatar/1040g2jo31gui9n1kjs005q02rnphia57g83m6rg?imageView2/2/w/120/format/jpg,0,,0,1774562753079,0
6854d0ca000000002001209e,1750388939000,四川,680dc99e000000001c03442b,缺个搭子,5fb523ae0000000001002749,Ice Infiammazione'有网课,https://sns-avatar-qc.xhscdn.com/avatar/62241db863ca34002a6df12c.jpg?imageView2/2/w/120/format/jpg,0,,0,1774562753080,0
6837fe44000000000d015fda,1748500036000,四川,680dc99e000000001c03442b,安逸,6576f51c00000000200367d2,用户已注销,https://sns-avatar-qc.xhscdn.com/avatar/645b7c0d1d74d41345e61461.jpg?imageView2/2/w/120/format/jpg,0,,0,1774562753080,3
688241a6000000001a02edce,1753366951000,四川,680dc99e000000001c03442b,[doge][doge][赞R][赞R],62d790a60000000002001085,佳哥爱摄影📷,https://sns-avatar-qc.xhscdn.com/avatar/1040g2jo310dimkvb6c0g5omni2j0g445sdcecpo?imageView2/2/w/120/format/jpg,0,,0,1774562753081,0
683da7f0000000000b02d9df,1748871152000,四川,680dc99e000000001c03442b,[doge],676824f20000000018014162,小红薯676883FD,https://sns-avatar-qc.xhscdn.com/avatar/1040g2jo31fk0chdrg26g5pr84jp62gb2bhp7vpo?imageView2/2/w/120/format/jpg,0,,0,1774562753082,1
683950ad0000000008025b9a,1748586670000,四川,680dc99e000000001c03442b,交个朋友,64ca7920000000000b009771,小红薯689670A9,https://sns-avatar-qc.xhscdn.com/avatar/645b6abf2e368555521befcc.jpg?imageView2/2/w/120/format/jpg,0,,0,1774562753083,0
68344ccb0000000007036773,1748257996000,四川,680dc99e000000001c03442b,美女美女[飞吻R],680a32bb0000000018027c2e,gogo,https://sns-avatar-qc.xhscdn.com/avatar/1040g2jo31m9fl9k8l06g5q0a6atm4v1ellkcnc0?imageView2/2/w/120/format/jpg,0,,0,1774562753083,1
67513cfa00000000070006cc,1733377275000,,67361953000000001a01ebed,早點去會有好位置ㄉ,653bb6f80000000004008348,張淑娟,https://sns-avatar-qc.xhscdn.com/avatar/645b7f4a9262aeee795c99e7.jpg?imageView2/2/w/120/format/jpg,0,,0,1774562764414,0
67513cae0000000007006fb6,1733377199000,,67361953000000001a01ebed,,653bb6f80000000004008348,張淑娟,https://sns-avatar-qc.xhscdn.com/avatar/645b7f4a9262aeee795c99e7.jpg?imageView2/2/w/120/format/jpg,0,http://sns-webpic-qc.xhscdn.com/202603270606/0c0deb8846ce1c6673b916f13d0a0433/comment/1040g2h031b0vhulb7c105p9rmrs110q85ln6dmg!nd_whgt34_webp_wm_1,0,1774562764416,1
68c62adb000000002301ef33,1757817563000,老挝,67361953000000001a01ebed,我2020年回去的时候人民公园都没看见这位。现在有4年多没回去了，很想念在人民公园那种放松在心情了 。,63d87b990000000026006dd0,熙城,https://sns-avatar-qc.xhscdn.com/avatar/1040g2jo31oac96hnlm005ouofecpgregjcm793o?imageView2/2/w/120/format/jpg,0,,0,1774562764417,0
674c6e47000000003d01efb0,1733062215000,,67361953000000001a01ebed,什么都好，就是周末没位置[笑哭R],5df5e9200000000001002a0f,Dear_余,https://sns-avatar-qc.xhscdn.com/avatar/1040g2jo310jl9fnumg005nflt4g08agfg54rprg?imageView2/2/w/120/format/jpg,0,,0,1774562764418,2
675a8590000000000e00f414,1733985680000,,67361953000000001a01ebed,有没有川剧表演呀,554a31cba46e9639c2c79e87,进步陈陈,https://sns-avatar-qc.xhscdn.com/avatar/1040g2jo31rl24o3q2s105pulk773i9sntj68uro?imageView2/2/w/120/format/jpg,0,,0,1774562764418,0
6737284a000000001702551b,1731668043000,,67361953000000001a01ebed,外地游客必到的首选打卡地,65631088000000001103fd5d,雷大雨也大,https://sns-avatar-qc.xhscdn.com/avatar/645b6b2504c28aa15eab1dac.jpg?imageView2/2/w/120/format/jpg,0,,0,1774562764419,1
675a74b70000000010019f33,1733981368000,,67361953000000001a01ebed,@牧星人 [笑哭R],6124a9ea000000002002dec6,光～晨曦,https://sns-avatar-qc.xhscdn.com/avatar/65cadded4b2a79e9453d8a9e.jpg?imageView2/2/w/120/format/jpg,0,,0,1774562764419,1
69b2b632000000000c030a4b,1773319730000,北京,69b2b6010000000022038225,新发色超级超级漂亮～～@八万-YOLO接发设计[喝奶茶R][喝奶茶R][自拍R],5f35571f000000000101d3ac,什么欣,https://sns-avatar-qc.xhscdn.com/avatar/1040g2jo31n7s118e4q005nplasfgbktcdd9rc3o?imageView2/2/w/120/format/jpg,1,,0,1774562775746,1
69b2b748000000000c030b04,1773320009000,四川,69b2b6010000000022038225,好漂亮,5cef14390000000010037dc9,不迷糊不慌张,https://sns-avatar-qc.xhscdn.com/avatar/1040g2jo31phq6hdcju605n7f2gsk6ve9r9icsi0?imageView2/2/w/120/format/jpg,0,,0,1774562775749,1
69b2be83000000000203779d,1773321860000,北京,69b2b6010000000022038225,成都：我也是,55a3e562a75c950327797f6a,RAY睿,https://sns-avatar-qc.xhscdn.com/avatar/55a3e562a75c950327797f6a.jpg?imageView2/2/w/120/format/jpg,0,http://sns-webpic-qc.xhscdn.com/202603270606/653ec31d9815e6eda713e4aa67fab851/comment/1040g4b831tk3k67umkcg40ut4uim4vraqqoeud8!nd_whgt34_webp_wm_1,0,1774562775750,0
69c13061000000000c0334ef,1774268514000,四川,69b2b6010000000022038225,想通了[害羞R],625ed1230000000021026098,放羊的星星🍵,https://sns-avatar-qc.xhscdn.com/avatar/1040g2jo31tdltkhnm2l05oiuq4hoco4o96hmkq0?imageView2/2/w/120/format/jpg,0,,0,1774562775751,0
69b2ca0d000000000202ae0b,1773324813000,四川,69b2b6010000000022038225,美,5c5e31bb000000001102b8ab,宇洋发型设计,https://sns-avatar-qc.xhscdn.com/avatar/1040g2jo31gj5q8e234005n2u66tkde5bceva3mg?imageView2/2/w/120/format/jpg,0,,0,1774562775751,1
6666d036000000000502e535,1718014007000,,6659fba90000000016010d38,博主、你的live都是用的手机拍的吗？还是用相机拍的视频剪的live呀、求回复,5aa8f9544eacab1de59f8922,由里里,https://sns-avatar-qc.xhscdn.com/avatar/1040g2jo317nggndfgs004a3b84sl9292dckts8g?imageView2/2/w/120/format/jpg,1,,0,1774562787317,0
665a050c000000000e031191,1717175565000,,6659fba90000000016010d38,这是那里呀,5f1196ed000000000100595a,momo,https://sns-avatar-qc.xhscdn.com/avatar/1040g2jo31gglmna3jc6g5nohirmg8maqqc6loug?imageView2/2/w/120/format/jpg,1,,0,1774562787320,0
6664689c000000001c0083f8,1717856413000,,6659fba90000000016010d38,人满为患,5aad37a9e8ac2b0d6d41fa1e,青柠薄荷,https://sns-avatar-qc.xhscdn.com/avatar/5aad37a9e8ac2b0d6d41fa1e.jpg?imageView2/2/w/120/format/jpg,2,,0,1774562787321,0
666a82c7000000002100ccda,1718256328000,,6659fba90000000016010d38,@Elaine_宁宁 有点诈骗的嫌疑 不过在城里咱去也方便,5b704da676d2700001989034,YYYY-ang,https://sns-avatar-qc.xhscdn.com/avatar/1040g2jo31dk3hdekh0004ad7v86qd41k6fg30s8?imageView2/2/w/120/format/jpg,1,,0,1774562787322,0
66640dcf000000001c00aad7,1717833168000,,6659fba90000000016010d38,图一是哪个茶馆啊,5aa877ea11be1044f19b6828,是大婷不是big婷🎈,https://sns-avatar-qc.xhscdn.com/avatar/1040g2jo31jstetijio0g4a3aturukq18d8js2to?imageView2/2/w/120/format/jpg,0,,0,1774562787324,2
665b52bc000000001c024ddb,1717260988000,,6659fba90000000016010d38,好安逸呀,5bba3006cd338f0001425411,贾还好,https://sns-avatar-qc.xhscdn.com/avatar/1040g2jo31p4144nb3c104bbq3io0cl0h8edskmg?imageView2/2/w/120/format/jpg,0,,0,1774562787324,2
665bdad7000000000e0328ad,1717295832000,,6659fba90000000016010d38,回回我信息呀[哭惹R][哭惹R][哭惹R],64018a52000000001001dc0d,我现在洗头水还是绿的,https://sns-avatar-qc.xhscdn.com/avatar/1040g2jo315ts78fb0k005p01h9943n0d49822b8?imageView2/2/w/120/format/jpg,0,,0,1774562787325,0
665b232d000000001c00ac60,1717248813000,,6659fba90000000016010d38,好风景,6277459300000000210242b4,小小monica,https://sns-avatar-qc.xhscdn.com/avatar/629f191dec33495e238f34a3.jpg?imageView2/2/w/120/format/jpg,0,,0,1774562787326,1
665b039b000000000e03269c,1717240731000,,6659fba90000000016010d38,美,5d01effc000000001201ba12,一口奶黄苏📷,https://sns-avatar-qc.xhscdn.com/avatar/1040g2jo31h51ktgb3c005n81tvu4jegisago160?imageView2/2/w/120/format/jpg,0,,0,1774562787326,0
665aa5f0000000000e0319e9,1717216752000,,6659fba90000000016010d38,治愈,59de434544363b78ef51f5c8,monica,https://sns-avatar-qc.xhscdn.com/avatar/62e2a1650a706799ea7cab9d.jpg?imageView2/2/w/120/format/jpg,0,,0,1774562787327,0
665a8936000000000e031b36,1717209398000,,6659fba90000000016010d38,邮箱望回复[哭惹R][哭惹R][哭惹R],64018a52000000001001dc0d,我现在洗头水还是绿的,https://sns-avatar-qc.xhscdn.com/avatar/1040g2jo315ts78fb0k005p01h9943n0d49822b8?imageView2/2/w/120/format/jpg,0,,0,1774562793609,0
688053f4000000001101a9eb,1753240565000,四川,687e47dd0000000015022756,从未见过的人民公园视角，老师也太会拍了吧[皱眉R],5e285f9c00000000010049b0,繆思,https://sns-avatar-qc.xhscdn.com/avatar/1040g2jo30o6p59li2c4g5nh8bue08idg4ls7j58?imageView2/2/w/120/format/jpg,5,,0,1774562815205,0
687f642d000000001100ed01,1753179182000,四川,687e47dd0000000015022756,好喜欢那一池锦鲤呀～,5c34969000000000060293b5,李子衿Angie Lee,https://sns-avatar-qc.xhscdn.com/avatar/61dd74b371f782da4a2551ef.jpg?imageView2/2/w/120/format/jpg,2,,0,1774562815208,0
695f24ae000000001803ab67,1767842991000,四川,687e47dd0000000015022756,这是哪个相机？直出还是调了色？好舒服的颜色[点赞R][点赞R][点赞R],61e5622d000000001000b50e,blus,https://sns-avatar-qc.xhscdn.com/avatar/1040g2jo30vvbgame62605of5c8mk1d8eb5v5ono?imageView2/2/w/120/format/jpg,3,,0,1774562815209,0
687ed7080000000002006c2e,1753143049000,安徽,687e47dd0000000015022756,满屏夏日的治愈绿，人民公园的烟雨太有意境了,5f48a7330000000001000e03,青涩的喵🐱,https://sns-avatar-qc.xhscdn.com/avatar/6392ff6ae7f246f441be1b49.jpg?imageView2/2/w/120/format/jpg,3,http://sns-webpic-qc.xhscdn.com/202603270606/fb6706b20d54d87e32d7b1ef1ff33539/comment/1040g2h031k7hvq0r2o005nq8kspg83g3rh0cc6g!nd_whgt34_webp_wm_1,0,1774562815209,4
687edffa000000001800143e,1753145339000,四川,687e47dd0000000015022756,绿荫掩映，蝉鸣四起,5bf533299b0ea100016a1d0d,骐骥,https://sns-avatar-qc.xhscdn.com/avatar/5bf53440a079230001436626.jpg?imageView2/2/w/120/format/jpg,1,,0,1774562815210,1
687f2c7a00000000180025b9,1753164923000,四川,687e47dd0000000015022756,麦老师出门都带稳定器吗,5f5c5af30000000001000195,大发予光,https://sns-avatar-qc.xhscdn.com/avatar/611353b01d4395e56aa999b0.jpg?imageView2/2/w/120/format/jpg,3,,0,1774562815211,0
689ee8ad0000000030014263,1755244718000,四川,687e47dd0000000015022756,大佬，如何做到运镜如此丝滑的呢？一点抖动感都没有[皱眉R],603073390000000001007fa6,小维江湖,https://sns-avatar-qc.xhscdn.com/avatar/1040g2jo311avhes76i6g5o1gecsg8vt6t60d350?imageView2/2/w/120/format/jpg,2,,0,1774562815211,0
687f51fa000000000602e17b,1753174522000,四川,687e47dd0000000015022756,好有意境。下雨天就想太阳出来可以出去逛，太阳出来又觉得热得很，真矛盾[偷笑R],5fe96d140000000001005b72,天使小小李,https://sns-avatar-qc.xhscdn.com/avatar/63c69ae87e6506b153258ace.jpg?imageView2/2/w/120/format/jpg,2,,0,1774562815212,0
687f02730000000011018e11,1753154163000,四川,687e47dd0000000015022756,那么热闹的地方也只有你拍的不一样了[害羞R],59125f8f5e87e7234da1688e,朵朵cha,https://sns-avatar-qc.xhscdn.com/avatar/1040g2jo31ju23v0r2a6049fs54fouq4e1cd6ek8?imageView2/2/w/120/format/jpg,3,,0,1774562815213,0
6883471900000000040086cb,1753433882000,四川,687e47dd0000000015022756,每次切都吵死个仙人板板   只要这种下雨的大清早介么漂酿,602e89b800000000010060f1,安~叻个大凡心,https://sns-avatar-qc.xhscdn.com/avatar/61fb6387d6bc2663ded41e86.jpg?imageView2/2/w/120/format/jpg,4,,0,1774562815213,0
687efbf10000000013037d0b,1753152497000,四川,687e47dd0000000015022756,太养眼了[色色R][色色R][色色R],55d58d3de4b1cf520e023562,Rachel_55,https://sns-avatar-qc.xhscdn.com/avatar/62070b1f49567ea47be1f6cc.jpg?imageView2/2/w/120/format/jpg,1,,0,1774562821582,0
6892d131000000002a00ee33,1754452274000,四川,687e47dd0000000015022756,这是去的同一个人民公园嘛[笑哭R]这也太有感觉了,5e0b49fe00000000010036ea,Juliet,https://sns-avatar-qc.xhscdn.com/avatar/1040g2jo3149sev3um06g5ngb97v08dnapsg6a3g?imageView2/2/w/120/format/jpg,1,,0,1774562821584,0
687ed83200000000060047ae,1753143347000,重庆,687e47dd0000000015022756,看哭啦[笑哭R],5e97cfce000000000100be53,方映nic,https://sns-avatar-qc.xhscdn.com/avatar/1040g2jo31860cofu3k605nknpv709fijul9ocho?imageView2/2/w/120/format/jpg,1,,0,1774562821585,1
6880438f000000001b03d4e8,1753236367000,四川,687e47dd0000000015022756,好喜欢雨滴从竹叶上滑落的一瞬间,6651f0260000000007004bc8,和风细雨,https://sns-avatar-qc.xhscdn.com/avatar/645b7ea002c16c941e0bcb05.jpg?imageView2/2/w/120/format/jpg,1,,0,1774562821586,0
687ff27800000000150004d6,1753215609000,重庆,687e47dd0000000015022756,夏日，雨中漫步人民公园，十分惬意👍👍,5fba6d380000000001006ea2,全景影像,https://sns-avatar-qc.xhscdn.com/avatar/1040g2jo31qkeh0c9ga005ntqdks08rl24tabt4g?imageView2/2/w/120/format/jpg,1,,0,1774562821586,0
688312c700000000010213f0,1753420487000,四川,687e47dd0000000015022756,最近成都的雨天多，下雨去没人更出片,5c73855d0000000010038660,小小蕾,https://sns-avatar-qc.xhscdn.com/avatar/7121a416be8e543266fd62c1cc9d575e.jpg?imageView2/2/w/120/format/jpg,1,,0,1774562821587,1
687ef7cf0000000006004be0,1753151440000,江苏,687e47dd0000000015022756,太治愈了[玫瑰R],59ab95b35e87e746dc12dcd3,追光的彤,https://sns-avatar-qc.xhscdn.com/avatar/1040g2jo31gvc84rtjc0049p66nar7n6jnkmik6o?imageView2/2/w/120/format/jpg,1,,0,1774562821588,0
687ed733000000001b03c286,1753143092000,四川,687e47dd0000000015022756,大暑节气，暑意正浓。雨中观景，找寻一方清凉。,5e212af400000000010025c3,一只热爱摄影的机器猫,https://sns-avatar-qc.xhscdn.com/avatar/1040g2jo31rn3074nim6g5nh15bq089e3fprtfng?imageView2/2/w/120/format/jpg,1,,0,1774562821589,1
68804f420000000006005f5c,1753239362000,江苏,687e47dd0000000015022756,充满了诗情画意,657fd628000000001902ff0c,小米周爸爸,https://sns-avatar-qc.xhscdn.com/avatar/1040g2jo30tp3df254k605pbvqok6dvoc33pclpg?imageView2/2/w/120/format/jpg,1,,0,1774562821590,0
688243200000000013034af1,1753367329000,四川,687e47dd0000000015022756,这是我认识的人民公园吗[笑哭R],5fb142f5000000000100777e,nico,https://sns-avatar-qc.xhscdn.com/avatar/66e7b26d2de491b9e9d844d0.jpg?imageView2/2/w/120/format/jpg,1,,0,1774562821591,0
683eec74000000000b02da22,1748954229000,广东,683edee7000000001200219f,好漂亮呀，拍的真好,5c7bec670000000011020b0e,家有小年儿宝,https://sns-avatar-qc.xhscdn.com/avatar/1040g2jo3179p80233q005n3rthjkc2oe442jsl8?imageView2/2/w/120/format/jpg,2,,0,1774563108875,1
683f2e04000000001c02fcea,1748971012000,美国,683edee7000000001200219f,好美啊,592b09be50c4b436805a7224,瑞儿Rui,https://sns-avatar-qc.xhscdn.com/avatar/626dff44a97743a3a3daf0ce.jpg?imageView2/2/w/120/format/jpg,1,,0,1774563108877,0
683ef164000000001c0357da,1748955492000,山东,683edee7000000001200219f,很爱杜甫草堂[派对R][派对R],5db3ce150000000001002d50,🌈我被生活治愈了,https://sns-avatar-qc.xhscdn.com/avatar/1040g2jo31o4ld4d3lm005ndjpoag8bagv8jblm8?imageView2/2/w/120/format/jpg,1,,0,1774563108877,4
686a0dcd0000000006007574,1751780813000,浙江,683edee7000000001200219f,看视频40岁了不敢相信[偷笑R],5e40f5440000000001008097,嘉丽,https://sns-avatar-qc.xhscdn.com/avatar/1040g2jo31t85cvl956105ni0ul20904nnkv785g?imageView2/2/w/120/format/jpg,1,,0,1774563108878,0
683ee01b000000001c01d3e9,1748951067000,山东,683edee7000000001200219f,成都园林很漂亮，小公主也很漂亮[点赞R],60ea849a0000000001015c5f,May,https://sns-avatar-qc.xhscdn.com/avatar/1040g2jo31s3dpqivm80g5o7agid0an2v6tm1jag?imageView2/2/w/120/format/jpg,1,,0,1774563108879,1
6901f866000000003302500f,1761736807000,四川,683edee7000000001200219f,拍的真好,59f9894be8ac2b3dc4b8bac9,旺仔旺仔爱喝酸奶,https://sns-avatar-qc.xhscdn.com/avatar/1040g2jo319v9iho8n20049v39t4knem9s5noqs0?imageView2/2/w/120/format/jpg,0,,0,1774563108879,0
684319ff000000000b02cae7,1749228032000,加拿大,683edee7000000001200219f,好漂亮！很悠然有生活气息的美,5b65db368988dc0001175f0e,Bunny,https://sns-avatar-qc.xhscdn.com/avatar/5b65dbb3d2c8a54cdbf0cda0.jpg?imageView2/2/w/120/format/jpg,0,,0,1774563108880,0
6856c5a2000000000400fab0,1750517155000,河南,683edee7000000001200219f,音乐的名字是什么？好听,5935640a5e87e7105c7163ed,桃夭Joye,https://sns-avatar-qc.xhscdn.com/avatar/1040g2jo31mncidikl80049iichi0kovdjs3nn80?imageView2/2/w/120/format/jpg,0,,0,1774563108881,0
6845fafb000000001c02c480,1749416699000,加拿大,683edee7000000001200219f,成都真的各种好！,57f0525b6a6a6911375ffc53,irinajucie,https://sns-avatar-qc.xhscdn.com/avatar/5f5c47c342651e0001208c52.jpg?imageView2/2/w/120/format/jpg,0,,0,1774563108881,1
68a3cb0e00000000300284c4,1755564815000,江苏,683edee7000000001200219f,昨天再次逛了拙政园、4月逛了留园，感觉没有我们成都的后起之秀魅力足[捂脸R],628e3b1d00000000210200fd,🐷迪,https://sns-avatar-qc.xhscdn.com/avatar/1040g2jo31namqejm58005oke7ceoc07t192suqg?imageView2/2/w/120/format/jpg,0,,0,1774563108881,0
695e0f8a000000001d0271ac,1767772043000,辽宁,683edee7000000001200219f,[彩虹R],5bcf688f8f5d1e00017c5ae7,🌈🌳萌芽养生,https://sns-avatar-qc.xhscdn.com/avatar/1040g2jo30sroh3o84a604bj8efk8umn77ulsnm0?imageView2/2/w/120/format/jpg,0,,0,1774563115180,0
67e5eee90000000020014443,1743122157000,浙江,67e55415000000001201ccbd,太爽了,58920ab55e87e74d0b71335b,是个女子,https://sns-avatar-qc.xhscdn.com/avatar/1040g2jo318uhraoo0m00493ar05bacqrncmu660?imageView2/2/w/120/format/jpg,1,http://sns-webpic-qc.xhscdn.com/202603270612/6c2abde589ceb6d52446d954926aea63/comment/1040g2h031fi7l3b07k00493ar05bacqr966e0pg!nd_whgt34_webp_wm_1,0,1774563126822,0
67e55f3a0000000012010859,1743085371000,马来西亚,67e55415000000001201ccbd,我去的时候没有人[笑哭R] 早上9点前 一杯茶3rmb,5f530ad8000000000100b105,妹妹。,https://sns-avatar-qc.xhscdn.com/avatar/1040g2jo31rva0cg7ia505nqj1bc09c85rbh24m0?imageView2/2/w/120/format/jpg,3,,0,1774563126824,2
69beb49a000000000c03099b,1774105754000,中国香港,67e55415000000001201ccbd,谢谢分享！[赞R],5df76eaa0000000001006add,迷你牛小牛大牛🐮,https://sns-avatar-qc.xhscdn.com/avatar/1000g2jo2l1lms58j20005nfndql08qmt7edvko8?imageView2/2/w/120/format/jpg,0,,0,1774563126824,1
67e5728c000000001f00d326,1743090316000,福建,67e55415000000001201ccbd,你俩是有多爱成都啊,6520137a00000000230246e7,小红薯6520C2CE,https://sns-avatar-qc.xhscdn.com/avatar/645b6b2504c28aa15eab1dac.jpg?imageView2/2/w/120/format/jpg,1,,0,1774563126825,1
6916a5330000000039024d6c,1763091763000,四川,67e55415000000001201ccbd,请问相亲角在哪个位置[笑哭R]跟我妈爸一起去要避开,5b62442f40ecc400019c1406,小十一,https://sns-avatar-qc.xhscdn.com/avatar/1040g2jo31sh03kfq5c5g4a84qn22u506infah4g?imageView2/2/w/120/format/jpg,2,,0,1774563126826,0
67e5ee8b000000001f00ea55,1743122059000,四川,67e55415000000001201ccbd,公主今天格外美，有没有去青龙湖拍樱花，最近樱花开得超级好,56584cce50c4b47bc3d213ad,华华不花,https://sns-avatar-qc.xhscdn.com/avatar/1040g2jo31cksh2h7083043ar4o6cs4tddfi0umg?imageView2/2/w/120/format/jpg,0,,0,1774563126826,1
67e59db6000000001f00f29b,1743101367000,辽宁,67e55415000000001201ccbd,去年去成都 唯一没有打卡的地方就是人民公寓[捂脸R][捂脸R],5e747c480000000001009746,范儿FANER+,https://sns-avatar-qc.xhscdn.com/avatar/seller_691be18ffc76b10001095e93?imageView2/2/w/120/format/jpg,0,,0,1774563126827,0
68036c1d000000001f006dab,1745054750000,上海,67e55415000000001201ccbd,,5f3a155d000000000101c0ad,Avril 薇儿,https://sns-avatar-qc.xhscdn.com/avatar/5f3a21a7c4ee5b00011e4187.jpg?imageView2/2/w/120/format/jpg,0,http://sns-webpic-qc.xhscdn.com/202603270612/ae7a18d26700d2d338f4623c9fc95391/comment/1040g2h031gf165h8ji005npq2legbg5dee615b8!nd_whgt34_webp_wm_1,0,1774563126828,1
67e6384100000000120215af,1743140930000,马来西亚,67e55415000000001201ccbd,我去年去看有agent在那边拿着一堆照片介绍[笑哭R],5cc720ea000000001601a80b,纸星星,https://sns-avatar-qc.xhscdn.com/avatar/66a3c8ae02d97e414b8392df.jpg?imageView2/2/w/120/format/jpg,0,,0,1774563126828,0
67fe589f000000001f019f23,1744722079000,四川,67e55415000000001201ccbd,而且这个相亲角是国家允许,66dd8eef000000001d0307a1,夏小雨,https://sns-avatar-qc.xhscdn.com/avatar/1040g2jo31odplpha4q5g5pmthrnne1t1jilpjr0?imageView2/2/w/120/format/jpg,0,,0,1774563126829,0
67e5cce10000000012009407,1743113441000,马来西亚,67e55415000000001201ccbd,@Jane-简,5c88621a000000001200bdf6,史黛拉 Stella,https://sns-avatar-qc.xhscdn.com/avatar/1040g2jo31fd7hdik6i6g5n48c8d4hffm9961kig?imageView2/2/w/120/format/jpg,0,,0,1774563133210,0
67f49994000000001f006622,1744083349000,四川,67e55415000000001201ccbd,摘草莓，摘樱桃，桑葚的季节到了。,645882ac0000000010024844,月黑雁飞高,https://sns-avatar-qc.xhscdn.com/avatar/1040g2jo31qn9o7ic0a5g5p2ogam44i24b609iuo?imageView2/2/w/120/format/jpg,0,,0,1774563133212,0
65f170ba000000000602552f,1710321850000,,6482e1200000000013010608,你确定坐在那里的是成都人吗,658a7a400000000022013185,米逸,https://sns-avatar-qc.xhscdn.com/avatar/1040g2jo30t66mo7v44005pcaf908icc5lm8k9po?imageView2/2/w/120/format/jpg,0,,0,1774563144596,2
65a127d5000000000201b237,1705060309000,,6482e1200000000013010608,娶回家,63acb6620000000026004337,柳岸花明,https://sns-avatar-qc.xhscdn.com/avatar/1040g2jo31im6244qhe605otcmph9ggpnaihicag?imageView2/2/w/120/format/jpg,0,,0,1774563144598,0
64cfe1d000000000180051d2,1691345360000,,6482e1200000000013010608,找个会广场舞的,60cc3b6e000000000101d691,一行白鹭上青天,https://sns-avatar-qc.xhscdn.com/avatar/53ba1722242c3e9344db7b0fc2e1005f.jpg?imageView2/2/w/120/format/jpg,0,,0,1774563144600,0
649c6da3000000002c03144c,1687973283000,,6482e1200000000013010608,请问这个是每天都在吗？啥时候人比较多呀？想去游一下[偷笑R][偷笑R],6207c66a00000000100075ca,你的样子,https://sns-avatar-qc.xhscdn.com/avatar/1040g2jo31373g1v3jk605og7opl40teapg8ab4g?imageView2/2/w/120/format/jpg,0,,0,1774563144601,1
6496f851000000001c014404,1687615569000,,6482e1200000000013010608,广场舞呢还没跳,63d40de60000000026013677,小红薯63D56ECF,https://sns-avatar-qc.xhscdn.com/avatar/be4e54a984a21be925a215a08fb36c8b.jpg?imageView2/2/w/120/format/jpg,0,,0,1774563144602,1
6495a91d000000001801ea7e,1687529757000,,6482e1200000000013010608,我属鸡[笑哭R],60d32ee400000000010035c8,AUSTIN 🚗,https://sns-avatar-qc.xhscdn.com/avatar/1040g2jo30v5ltiible005o6j5ri08de8ib4url0?imageView2/2/w/120/format/jpg,0,,0,1774563144603,0
648f421400000000300283f2,1687110164000,,6482e1200000000013010608,都是退休人员去休闲的！,5f7dfc95000000000101c27f,brooks先生,https://sns-avatar-qc.xhscdn.com/avatar/66973443fc0df1fc0c8c7acc.jpg?imageView2/2/w/120/format/jpg,0,,0,1774563144604,1
648c693f000000002c02fb2d,1686923583000,,6482e1200000000013010608,爸爸属鸡，掐指一算，大霖子属🐷,5fbd407700000000010041da,宁宁爱折腾,https://sns-avatar-qc.xhscdn.com/avatar/1000g2jo2i5rb546j80605ntt81rg8geql7em0eo?imageView2/2/w/120/format/jpg,0,,0,1774563144605,0
64837cd2000000002d001c66,1686338770000,,6482e1200000000013010608,我在那边的时候采耳才十块钱一次,5ee115e30000000001002ee0,无相无极,https://sns-avatar-qc.xhscdn.com/avatar/1040g2jo31fh6qn4p6q5g5nn12nhg8bn0kscaktg?imageView2/2/w/120/format/jpg,0,,0,1774563144606,0
6482fdcb000000001500780a,1686306251000,,6482e1200000000013010608,很棒的外景主持[偷笑R],5f1a4a8f000000000100383b,一路向北,https://sns-avatar-qc.xhscdn.com/avatar/640c8206c8ccae5231be786a.jpg?imageView2/2/w/120/format/jpg,0,,0,1774563144607,0
69a1ca2e0000000008032a5e,1772210734000,青海,69a05cbf000000002602fede,巴适滴很！！,6575850e000000001901110c,怪力璇，,https://sns-avatar-qc.xhscdn.com/avatar/1040g2jo31g12ba27gi005pblgk76a48cviit5tg?imageView2/2/w/120/format/jpg,0,,0,1774563155972,1
69a0ee6a00000000090351ad,1772154475000,青海,69a05cbf000000002602fede,我上次也去了 不过位置不好[萌萌哒R],5a2349764eacab2ecc7cc5a8,娇大人🦈,https://sns-avatar-qc.xhscdn.com/avatar/1040g2jo31rnlr3cqj20g4a029k4ndhd8qq1g140?imageView2/2/w/120/format/jpg,0,,0,1774563155974,0
69a063bd00000000190013d4,1772118974000,中国,69a05cbf000000002602fede,哇，居然座到了水边位置，好棒,5e7472cc0000000001004fdb,夏至未至✨,https://sns-avatar-qc.xhscdn.com/avatar/1040g2jo314mqr5j6mi005njkeb608jurqknb59o?imageView2/2/w/120/format/jpg,1,,0,1774563155975,1
69a05ec2000000000601c50f,1772117699000,青海,69a05cbf000000002602fede,太美了,5aad16bbe8ac2b7f5021a806,西宁美食侦探,https://sns-avatar-qc.xhscdn.com/avatar/1040g2jo30qbqrn757c004a3m8abbna06teqf3l0?imageView2/2/w/120/format/jpg,1,,0,1774563155976,0
69a2b220000000000f01c874,1772270112000,青海,69a05cbf000000002602fede,湖边座位真不错,65cc696d00000000050308b0,小兜筐,https://sns-avatar-qc.xhscdn.com/avatar/1040g2jo31ril9rfnim005pecd5mhe25g62cbtro?imageView2/2/w/120/format/jpg,0,,0,1774563155976,0
69a504a50000000004002ba9,1772422310000,青海,69a05cbf000000002602fede,安逸噻[派对R],5938871f5e87e712adc13711,ViVi姐姐🧀,https://sns-avatar-qc.xhscdn.com/avatar/1040g2jo31m89f6em4u0049j5d93hudoh1j3hhi8?imageView2/2/w/120/format/jpg,0,,0,1774563155977,3
69a07a71000000000603191d,1772124786000,青海,69a05cbf000000002602fede,哇哦,598d60d96a6a692151a604bf,健康有钱美女小张,https://sns-avatar-qc.xhscdn.com/avatar/1040g2jo31gqnc3a6380049nq6tgdi15vkoumbeg?imageView2/2/w/120/format/jpg,0,,0,1774563155978,0
69ad5262000000000103e1d6,1772966499000,新加坡,69a05cbf000000002602fede,@封号斗罗,5fb6670a00000000010077ff,all8,https://sns-avatar-qc.xhscdn.com/avatar/660fe7f578281d3164fb18bd.jpg?imageView2/2/w/120/format/jpg,0,,0,1774563155978,0
693fa7790000000014035346,1765779322000,山东,69017da50000000007003d5b,这里真不错[点赞R][点赞R][点赞R],60605731000000000101c10e,张国强,https://sns-avatar-qc.xhscdn.com/avatar/1040g2jo31k82s44ijq005o30asogbg8eotgduu8?imageView2/2/w/120/format/jpg,1,,0,1774563167362,1
6903f74a000000003900b529,1761867595000,四川,69017da50000000007003d5b,棒棒哒,5d33cf58000000001600d013,QianX rita,https://sns-avatar-qc.xhscdn.com/avatar/1040g2jo31bk8efv9gk6g5n9jptc5hk0jfg9nnco?imageView2/2/w/120/format/jpg,1,,0,1774563167363,1
690314f10000000038009788,1761809649000,北京,69017da50000000007003d5b,谢谢你的坚持！谢谢你的自律让小兰同学一直跑下去！10月底将至！祝我们都能拿下一个很好的答卷呢[派对R][派对R][派对R],5c5d144e000000001b002427,小兰跑不快,https://sns-avatar-qc.xhscdn.com/avatar/1040g2jo31qeo6bvano005n2t2h76o91764gl1c0?imageView2/2/w/120/format/jpg,1,,0,1774563167364,1
690213fc0000000037011afb,1761743868000,辽宁,69017da50000000007003d5b,优秀[点赞R],5ed6fdc70000000001002273,小宝,https://sns-avatar-qc.xhscdn.com/avatar/1040g2jo31f1f5h80mi005nmmvn3g88jj14btd40?imageView2/2/w/120/format/jpg,1,,0,1774563167365,1
6902107800000000380114a6,1761742969000,广东,69017da50000000007003d5b,真棒[点赞R],5ca5c05e000000001702680c,爱运动的家具达人-贺,https://sns-avatar-qc.xhscdn.com/avatar/1040g2jo31drh6micgu605n55o1f5sq0cnupmkt0?imageView2/2/w/120/format/jpg,1,,0,1774563167365,1
6902095e000000003800cb6a,1761741151000,北京,69017da50000000007003d5b,[玫瑰R],64dc6bd4000000000100546d,逢站必进,https://sns-avatar-qc.xhscdn.com/avatar/1040g2jo310vfsgm1mm105p6sdfa08l3dnod3q4g?imageView2/2/w/120/format/jpg,1,,0,1774563167366,1
6901ee1a0000000038008648,1761734170000,甘肃,69017da50000000007003d5b,[棒R][棒R][棒R],5c20133c000000000703f69d,温流（跑友互关）,https://sns-avatar-qc.xhscdn.com/avatar/1040g2jo3125fvb5h4e505n102cu1vtktd5v4t80?imageView2/2/w/120/format/jpg,1,,0,1774563167366,1
69019d36000000003900aad5,1761713463000,广东,69017da50000000007003d5b,成都人的松弛感,62cca737000000000303d99e,爱运动的明哥,https://sns-avatar-qc.xhscdn.com/avatar/1040g2jo31n86krd85i6g5omcksrgvmcudp5qf68?imageView2/2/w/120/format/jpg,1,,0,1774563167367,1
690188e2000000003302570f,1761708258000,北京,69017da50000000007003d5b,情深深雨蒙蒙[偷笑R],5e27c9b70000000001000404,风知我勇（互）,https://sns-avatar-qc.xhscdn.com/avatar/1040g2jo31s9p1sa8lk005nh7p6rg8104bps8gh8?imageView2/2/w/120/format/jpg,1,,0,1774563167367,1
690180e90000000039001aab,1761706218000,湖南,69017da50000000007003d5b,加油！,67cd447d000000000a03e1fa,阳光明媚,https://sns-avatar-qc.xhscdn.com/avatar/1040g2jo31eq4ue2g6a6g5pud8huinofqr4n80ag?imageView2/2/w/120/format/jpg,1,,0,1774563167368,1
69017fe40000000038031978,1761705956000,四川,69017da50000000007003d5b,[点赞R],5bc732362da3c30001d22edd,浪花,https://sns-avatar-qc.xhscdn.com/avatar/1040g2jo31dd041k40k6g4bgbnvp3cbmtdff7r08?imageView2/2/w/120/format/jpg,1,,0,1774563173721,1
69644498000000000b0351ee,1768178840000,辽宁,69017da50000000007003d5b,[合十R],5f0fe0fc0000000001001902,小红薯66169D47 知识就是力量！,https://sns-avatar-qc.xhscdn.com/avatar/1040g2jo311dcj3kqmq005nofs3u08682f8j7a00?imageView2/2/w/120/format/jpg,1,,0,1774563173722,1
687a68a1000000000400e324,1752852642000,四川,687a5a3f0000000010010b0c,哇塞,5e96cbfc000000000100ac21,yuan_n,https://sns-avatar-qc.xhscdn.com/avatar/1040g2jo31tkb9q3o78005nkmpfu09b111nncb0o?imageView2/2/w/120/format/jpg,2,,0,1774563185127,0
688890c1000000002a0180ef,1753780417000,辽宁,687a5a3f0000000010010b0c,点什么茶有表演呀,5d843f1a0000000001000645,豆沙蝴蝶结,https://sns-avatar-qc.xhscdn.com/avatar/1040g2jo31heqs96v42005nc47sd081i5rlrft7g?imageView2/2/w/120/format/jpg,3,,0,1774563185129,2
6889df22000000002b00baad,1753866029000,四川,687a5a3f0000000010010b0c,时不时去一下[偷笑R]昨天刚好下雨，凉快,5d048b7b000000001602f3b8,营丘的虞子酱,https://sns-avatar-qc.xhscdn.com/avatar/1040g2jo31tq0t8oun26g5n84hdtllsto2hu3qno?imageView2/2/w/120/format/jpg,3,"http://sns-webpic-qc.xhscdn.com/202603270613/2982e4dd26e1c150303f332b45864d6a/comment/1040g2h031ki9hkgc32505n84hdtllsto616h7n0!nd_whgt34_webp_wm_1,http://sns-webpic-qc.xhscdn.com/202603270613/1d8f1cb41a7b2da4c93fb391da9f5526/comment/1040g2h031ki9hkgc32205n84hdtllsto4fprvp8!nd_whgt34_webp_wm_1",0,1774563185130,0
687cf31000000000190274e0,1753019152000,四川,687a5a3f0000000010010b0c,需要预约吗,5c0562a00000000007003de6,不念过往x9l,https://sns-avatar-qc.xhscdn.com/avatar/1040g2jo30rcod68n1m6g4buq58ha0ff66bmcps0?imageView2/2/w/120/format/jpg,1,,0,1774563185131,0
68c3281a000000003002f0e4,1757620251000,四川,687a5a3f0000000010010b0c,哇，又刷到你了。希望你每一天醒来，都能心怀期待，💪相信今天会比昨天更美💯好，未来的日子充满无限可能！,6352062d000000001901cd0f,小红薯635272E5,https://sns-avatar-qc.xhscdn.com/avatar/411309441983cdc4ce073ff8da73b5b6.jpg?imageView2/2/w/120/format/jpg,0,,0,1774563185132,0
69a01dbe000000000f00ee32,1772101068000,四川,699ee7db000000000e00c68d,今天下午的金华寺,5d9199990000000001002083,莉丽,https://sns-avatar-qc.xhscdn.com/avatar/1040g2jo31p7nm57k2u005nchj6cg8843kbvqv60?imageView2/2/w/120/format/jpg,4,"http://sns-webpic-qc.xhscdn.com/202603270613/bf3c6db9dc4bfd80887f6643c1b5ae04/comment/1040g2h031t21s3nm5k105nchj6cg88436fk0iu0!nd_whgt34_webp_wm_1,http://sns-webpic-qc.xhscdn.com/202603270613/b40f8d4a2665f41f9c7197c4e8069222/comment/1040g2h031t20ej1am26g5nchj6cg8843tpm2d6g!nd_whgt34_webp_wm_1,http://sns-webpic-qc.xhscdn.com/202603270613/1d7d1f3ad60d356f3fd14e2865c63d6f/comment/1040g2h031t21s3nm5k0g5nchj6cg8843fgd336o!nd_whgt34_webp_wm_1,http://sns-webpic-qc.xhscdn.com/202603270613/d31d113128860909db5e9f216b32f843/comment/1040g2h031t21s3nm5k005nchj6cg88439cp7v4g!nd_whgt34_webp_wm_1",0,1774563196739,1
699f1f0e000000000601f0a0,1772035855000,四川,699ee7db000000000e00c68d,南郊公园开了吗 搜了好多都是去年的[哭惹R],5e50044b000000000100bd83,嘿 把星星吵醒,https://sns-avatar-qc.xhscdn.com/avatar/1040g2jo31hjbg6fl346g5nig0h5g9fc3tmuvri8?imageView2/2/w/120/format/jpg,5,,0,1774563196741,0
699ef4c9000000000803045f,1772025033000,四川,699ee7db000000000e00c68d,好美[派对R],5702a076aed758132231e6e4,硬核羊哥,https://sns-avatar-qc.xhscdn.com/avatar/1040g2jo31tc57jha5s0047mcbtg7dpn4c3hgekg?imageView2/2/w/120/format/jpg,2,,0,1774563196741,0
699fa6dc000000001d00c171,1772070621000,四川,699ee7db000000000e00c68d,最近白玉兰开得正好啊,614eb19b000000000201c970,吾月山,https://sns-avatar-qc.xhscdn.com/avatar/62b1e6b82e0f1f515a86325e.jpg?imageView2/2/w/120/format/jpg,1,,0,1774563196742,0
699f7310000000000f018a72,1772057379000,四川,699ee7db000000000e00c68d,骑行绕城绿道南段、西段，随处可见玉兰,617cad8f000000000201846b,猫大家人,https://sns-avatar-qc.xhscdn.com/avatar/1040g2jo31b2pd8oj7e6g5obslm7gj13b3jomacg?imageView2/2/w/120/format/jpg,2,"http://sns-webpic-qc.xhscdn.com/202603270613/4ec4e2fca4237e6f775a1d7b8adfcf0a/comment/1040g2h031t1d1ap75k6g5obslm7gj13boh3rfs0!nd_whgt34_webp_wm_1,http://sns-webpic-qc.xhscdn.com/202603270613/6dd7014fa7c3547f0029e80c05c6f375/comment/1040g2h031t1d1ap75k505obslm7gj13bc9lk7f0!nd_whgt34_webp_wm_1,http://sns-webpic-qc.xhscdn.com/202603270613/ad99a2eec0ba40f131c7fc5445195f51/comment/1040g2h031t1d1ap75k405obslm7gj13b5k7uqig!nd_whgt34_webp_wm_1,http://sns-webpic-qc.xhscdn.com/202603270613/619ae4624c6d32723ecfd2389cb2c682/comment/1040g2h031t1d1ap75k3g5obslm7gj13bv28i858!nd_whgt34_webp_wm_1,http://sns-webpic-qc.xhscdn.com/202603270613/ec6d194d0fe9ccdb53f952f203a7c9f0/comment/1040g2h031t1d1ap75k605obslm7gj13bdu96kt8!nd_whgt34_webp_wm_1,http://sns-webpic-qc.xhscdn.com/202603270613/af9c9fcdf9769c4033c4c2ca8e564b53/comment/1040g2h031t1d1ap75k5g5obslm7gj13bj2ugbm8!nd_whgt34_webp_wm_1,http://sns-webpic-qc.xhscdn.com/202603270613/6eb4c6b9fdc65f58360085bf44506cea/comment/1040g2h031t1d1ap75k2g5obslm7gj13bi74u290!nd_whgt34_webp_wm_1",0,1774563196743,0
699efa67000000000600a8ff,1772026472000,四川,699ee7db000000000e00c68d,太会了👍[派对R],55c02d6c62a60c0ca6d6f50c,三三代三三,https://sns-avatar-qc.xhscdn.com/avatar/62e49572d2982f7d8e138f16.jpg?imageView2/2/w/120/format/jpg,1,,0,1774563196744,0
69a07ff20000000006008dae,1772126195000,四川,699ee7db000000000e00c68d,玉兰花最喜欢的，每年都会到处去拍玉兰。,5f2666db00000000010098b5,马大姐,https://sns-avatar-qc.xhscdn.com/avatar/1040g2jo3198t9bmnko6g5np6crdg965lhq8ean8?imageView2/2/w/120/format/jpg,1,,0,1774563196744,0
699f904a000000000601e004,1772064842000,四川,699ee7db000000000e00c68d,图5是什么鬼[笑哭R],5bd139b035c11a00018f63ee,横塘鹤影,https://sns-avatar-qc.xhscdn.com/avatar/cd255d0e201935e0d852bd371f18c198.jpg?imageView2/2/w/120/format/jpg,1,,0,1774563196745,0
699fd1d5000000000803052f,1772081621000,陕西,699ee7db000000000e00c68d,真美啊,5c9e031800000000160076e4,高原的红坨坨,https://sns-avatar-qc.xhscdn.com/avatar/5e93bb25c3beac0001803b1f.jpg?imageView2/2/w/120/format/jpg,1,,0,1774563196745,0
69a256ab000000000503230d,1772246703000,四川,699ee7db000000000e00c68d,小区楼下的玉兰也盛开了，春天真好,60ebaa0f0000000001006cae,sunny阳,https://sns-avatar-qc.xhscdn.com/avatar/1000g2jo2g4etdbqi206g5o7bl87g8r5ebp4bve0?imageView2/2/w/120/format/jpg,1,http://sns-webpic-qc.xhscdn.com/202603270613/55cea2c681699cd2854f04f4bb979234/comment/1040g4b831t47acqj5cd05o7bl87g8r5e0p2f650!nd_whgt34_webp_wm_1,0,1774563196746,0
699f0946000000000f01f428,1772030279000,四川,699ee7db000000000e00c68d,都太好看了,5ffab6de0000000001007cb5,艾小艾,https://sns-avatar-qc.xhscdn.com/avatar/6134b8bb97faed19f260666d.jpg?imageView2/2/w/120/format/jpg,1,,0,1774563203037,0
69b213360000000014033280,1773278007000,四川,699ee7db000000000e00c68d,看晚了[笑哭R],5be6022c6270090001b2775a,ReneeChiao,https://sns-avatar-qc.xhscdn.com/avatar/60098196753f4bb6cbf585f8.jpg?imageView2/2/w/120/format/jpg,2,,0,1774563203038,0
699ef173000000000f0293fd,1772024180000,四川,699ee7db000000000e00c68d,铁像寺水街有几棵树啊？,6154fb78000000001f037a40,天空之镜🎫,https://sns-avatar-qc.xhscdn.com/avatar/1000g2jo2h1espuqis04g5oakvds7uui060aqodo?imageView2/2/w/120/format/jpg,1,,0,1774563203039,0
699ee819000000000600c27c,1772021786000,四川,699ee7db000000000e00c68d,谁说远不去的[萌萌哒R],5938cde94f8fd6792df371e0,烦遇,https://sns-avatar-qc.xhscdn.com/avatar/1040g2jo31pn5o439k00g49j6fu6uisf0bnq1pvg?imageView2/2/w/120/format/jpg,1,,0,1774563203040,0
699efe7f000000001d009359,1772027519000,四川,699ee7db000000000e00c68d,成都的春天虽然短暂但是过分美丽[哇R],5683a11daed758673d5c55c4,有个圆滚滚的肚子,https://sns-avatar-qc.xhscdn.com/avatar/633c2c5017105a419102b6a8.jpg?imageView2/2/w/120/format/jpg,1,,0,1774563203041,0
69afc202000000001500491e,1773126147000,四川,699ee7db000000000e00c68d,封神,614d8b18000000000201ee8e,一碗酱可可,https://sns-avatar-qc.xhscdn.com/avatar/1040g2jo30v4eqdj1lg005oadhcc0jrkelpmjmro?imageView2/2/w/120/format/jpg,1,,0,1774563203041,0
69a014890000000009022ad6,1772098700000,四川,699ee7db000000000e00c68d,铁像寺的美人梅也不错,5ebc0f0f0000000001001dc9,雨,https://sns-avatar-qc.xhscdn.com/avatar/5ebc0f0f0000000001001dc9.jpg?imageView2/2/w/120/format/jpg,0,"http://sns-webpic-qc.xhscdn.com/202603270613/175703372fb136c0c6971ecb9a14a98a/comment/1040g4b831t20o2d0lkd05nls1s7g87e9do4l05g!nd_whgt34_webp_wm_1,http://sns-webpic-qc.xhscdn.com/202603270613/64911d09bf54d721296375aa23dbf491/comment/1040g4b831t20o2d0lkag5nls1s7g87e965tkhq8!nd_whlt34_webp_wm_1,http://sns-webpic-qc.xhscdn.com/202603270613/20df2c73e1f31242ad0d55080d0571bd/comment/1040g4b831t20o2d0lkbg5nls1s7g87e9dre7o8g!nd_whgt34_webp_wm_1,http://sns-webpic-qc.xhscdn.com/202603270613/fcc3814621ebe8487e1efcd91f79ac28/comment/1040g4b831t20o2d0lka05nls1s7g87e9ela9lj0!nd_whgt34_webp_wm_1",0,1774563203042,0
69a15ae0000000000f02522c,1772182241000,广西,699ee7db000000000e00c68d,太美啦[庆祝R][庆祝R],5c3613550000000005020f68,秋秋元气满满,https://sns-avatar-qc.xhscdn.com/avatar/610ba738ce2093169feed145.jpg?imageView2/2/w/120/format/jpg,0,,0,1774563203042,0
69a6d3f000000000050390e6,1772540913000,四川,699ee7db000000000e00c68d,@草莓辣椒酱 好全,5fd9924a00000000010071c7,包包弦子,https://sns-avatar-qc.xhscdn.com/avatar/1040g2jo310aoa4urma005nupi9508se7hrn6nv8?imageView2/2/w/120/format/jpg,1,,0,1774563203043,0
69a06385000000000600d526,1772118917000,四川,699ee7db000000000e00c68d,美,5c44ace90000000006016cc2,露仔,https://sns-avatar-qc.xhscdn.com/avatar/1040g2jo31nsp2u7fku005n24ljkhir629mhm6no?imageView2/2/w/120/format/jpg,1,,0,1774563203044,0
69bb9ff40000000015013e01,1773903861000,陕西,68e1eec2000000000301fbe2,人太多了安逸不了一点[害羞R],5f0336c400000000010066b3,夏至未至,https://sns-avatar-qc.xhscdn.com/avatar/63a3140cb4956e469e0cc7f6.jpg?imageView2/2/w/120/format/jpg,0,,0,1774563214338,0
694ff1fe00000000140347b7,1766846975000,四川,68e1eec2000000000301fbe2,明天去玩下,609d25d1000000000100a393,peter,https://sns-avatar-qc.xhscdn.com/avatar/609d25d1000000000100a393.jpg?imageView2/2/w/120/format/jpg,0,,0,1774563214339,0
6755ce72000000000c027cb1,1733676658000,,67551c17000000000700c8c8,衣服是哪家呀！！！,59882e256a6a691ebd0525eb,eve,https://sns-avatar-qc.xhscdn.com/avatar/1040g2jo317818d6pjm0g49niafn2a9fbj5lvoro?imageView2/2/w/120/format/jpg,2,,0,1774563225659,0
675d1da3000000000f030f84,1734155683000,,67551c17000000000700c8c8,美女请问啥设备拍的呀,56d45cc41c07df76c624bec8,请你跟我这样做,https://sns-avatar-qc.xhscdn.com/avatar/1040g2jo31avno7ts6q00468mmvec9fm8an78dcg?imageView2/2/w/120/format/jpg,2,,0,1774563225661,1
676c6efd000000001200ee04,1735159550000,,67551c17000000000700c8c8,那边有街边拍照的摄影师嘛,62af0dc1000000001b025c60,121,https://sns-avatar-qc.xhscdn.com/avatar/6440ba87bd3f1abdb1cadf73.jpg?imageView2/2/w/120/format/jpg,1,,0,1774563225662,0
697dde2400000000190002df,1769856549000,河南,697dcb4f000000000b0120e5,好看诶，明天就是2月份了，2月份一定要顺顺利利的[心心眼R],67e8030e000000000d0083fe,冰糖葫芦_如Ru,https://sns-avatar-qc.xhscdn.com/avatar/1040g2jo31sebo01l5k605pv80c7390vu03a9tdo?imageView2/2/w/120/format/jpg,2,,0,1774563237854,0
697e03aa000000000601da03,1769866154000,广东,697dcb4f000000000b0120e5,头饰太可爱了🐼🐼,6682807b0000000003031072,兔纸警官,https://sns-avatar-qc.xhscdn.com/avatar/1040g2jo31qollq8mn4005pk2g1tgu43ien2o040?imageView2/2/w/120/format/jpg,1,,0,1774563237857,0
69804cd600000000140338d1,1770015958000,重庆,697dcb4f000000000b0120e5,大熊猫耳朵太可爱了[飞吻R],5762a6e36a6a692a4ea9cf04,莫小离evonne,https://sns-avatar-qc.xhscdn.com/avatar/1040g2jo31eqjc5blmg0048gms5je7jo4ett29cg?imageView2/2/w/120/format/jpg,0,,0,1774563237858,0
68e510950000000039009193,1759842453000,四川,67fc5252000000001e00aeda,作者大大，请问可以用一下视频吗，学校要用,5f649bdd000000000101e838,曲琦饼干,https://sns-avatar-qc.xhscdn.com/avatar/1040g2jo31jkgoo1aj4605nr4jfegbq1o9sd797g?imageView2/2/w/120/format/jpg,2,,0,1774563249177,0
680f1dc7000000001f00d7fe,1745821127000,北京,67fc5252000000001e00aeda,拍的好好！请问是什么镜头拍的呀,56565af403eb8411949e1bf7,鹅鹅鹅,https://sns-avatar-qc.xhscdn.com/avatar/1040g2jo31d7veg3l0e00433j4kdf86vn4ia6sl8?imageView2/2/w/120/format/jpg,1,,0,1774563249178,0
68a8698500000000270021ed,1755867525000,四川,67fc5252000000001e00aeda,作者大大能分享一下原视频素材吗？学校作业需要绝不商用,62c41f4c000000001b028a6d,Lisong,https://sns-avatar-qc.xhscdn.com/avatar/62c41f4c000000001b028a6d.jpg?imageView2/2/w/120/format/jpg,0,,0,1774563249179,0
68e86cce00000000380332ed,1760062671000,福建,67fc5252000000001e00aeda,礼拿，谢谢,610f99c0000000000100b6a6,鱼,https://sns-avatar-qc.xhscdn.com/avatar/637200488df888c1a4ca1d91.jpg?imageView2/2/w/120/format/jpg,0,,0,1774563249180,0
69070002000000003802a27d,1762066435000,四川,67fc5252000000001e00aeda,剪辑学校视频作业，谢谢,591463226a6a6905d20426c6,袋装维他,https://sns-avatar-qc.xhscdn.com/avatar/61f92229165fe7fd4ddd74db.jpg?imageView2/2/w/120/format/jpg,0,,0,1774563249181,0
680853a800000000200128a1,1745376169000,江苏,680841f7000000001d025ac3,小姐姐，白天穿短袖不冷吧,597c29de5e87e777fff18b8a,孙小喵,https://sns-avatar-qc.xhscdn.com/avatar/63e432db72e641d79eacb26e.jpg?imageView2/2/w/120/format/jpg,3,,0,1774563260968,0
686347ae000000001100c2ac,1751336879000,安徽,680841f7000000001d025ac3,真辣,66f7fa41000000001d023242,猜不透,https://sns-avatar-qc.xhscdn.com/avatar/1040g2jo319dbngm45o6g5pnnv90ncci2c44fjao?imageView2/2/w/120/format/jpg,0,,0,1774563260970,0
684c5ae7000000000c024d08,1749834471000,四川,680841f7000000001d025ac3,i also went there and it was confusing for me [害羞R],64856a180000000011002817,爱尔兰黑玫咖啡Black Rose,https://sns-avatar-qc.xhscdn.com/avatar/1040g2jo31ec3l60u0m6g5p45d8c48a0namnk4bo?imageView2/2/w/120/format/jpg,0,,0,1774563260971,0
684a24ac000000001c01f990,1749689517000,四川,680841f7000000001d025ac3,可以偶遇吗,683b1699000000001d00b583,用户123654,https://sns-avatar-qc.xhscdn.com/avatar/1040g2jo31mvb8bhflm705q1r2qcn9dc3rp2olrg?imageView2/2/w/120/format/jpg,0,,0,1774563260971,0
682ee8c9000000000b02f504,1747904713000,四川,680841f7000000001d025ac3,挺漂亮,63e06956000000002702a6df,每天都很困,https://sns-avatar-qc.xhscdn.com/avatar/1040g2jo31pq2gmd9la005ov0d5b9t9mvrufdcv0?imageView2/2/w/120/format/jpg,0,,0,1774563260972,0
682d9b68000000000a037f39,1747819369000,四川,680841f7000000001d025ac3,成都[偷笑R],682d961f000000000a03ca31,seeyou,https://sns-avatar-qc.xhscdn.com/avatar/645b806f731e07eb8ca3d845.jpg?imageView2/2/w/120/format/jpg,0,,0,1774563260972,0
68280bc60000000009017bf2,1747454919000,四川,680841f7000000001d025ac3,dd,66b5b303000000001d0301cb,小小柚子,https://sns-avatar-qc.xhscdn.com/avatar/1040g2jo31mg9lj4ukq005pllmc1ne0eb72sn7o8?imageView2/2/w/120/format/jpg,0,,0,1774563260972,0
68234d6a0000000008027c45,1747144042000,四川,680841f7000000001d025ac3,滴滴🈳️,61434cc9000000000201a842,小青同学,https://sns-avatar-qc.xhscdn.com/avatar/1040g2jo31h17ot9c3i005oa39j4gja22evfap38?imageView2/2/w/120/format/jpg,0,,0,1774563260973,0
681c4a160000000003036dad,1746684438000,四川,680841f7000000001d025ac3,茶不怎么样  人确实美,681c3024000000000e01d13b,吉吉国王,https://sns-avatar-qc.xhscdn.com/avatar/1040g2jo31h77g69vji6g5q0s60i3jk9rnidenb8?imageView2/2/w/120/format/jpg,0,,0,1774563260973,0
6819c7ce000000000103ddb5,1746520015000,四川,680841f7000000001d025ac3,人民公园太闹了,636442a8000000001f014f5b,爱美图的小蜗666,https://sns-avatar-qc.xhscdn.com/avatar/636447cde7f93ece534e3abf.jpg?imageView2/2/w/120/format/jpg,0,,0,1774563260973,0
6814344d0000000020010fe6,1746154574000,四川,680841f7000000001d025ac3,好美呀,5e8ab3be0000000001000756,迷kopwg,https://sns-avatar-qc.xhscdn.com/avatar/1040g2jo31b3hl9k06m6g5nkamev081qmgvbdsb0?imageView2/2/w/120/format/jpg,0,,0,1774563267340,0
68138139000000000b02d3d7,1746108730000,四川,680841f7000000001d025ac3,武侯祠也很出众哟,68097962000000000e01e5ab,小红薯680A6322,https://sns-avatar-qc.xhscdn.com/avatar/645b7e17e29f7d0acadad89f.jpg?imageView2/2/w/120/format/jpg,0,,0,1774563267341,0
6810c53200000000120027c3,1745929523000,四川,680841f7000000001d025ac3,认识一下呀[偷笑R],607d8367000000000101dbee,清风许我丶,https://sns-avatar-qc.xhscdn.com/avatar/1040g2jo31gs19u0n3i5g5o3tgdjgbmvef7n8tb8?imageView2/2/w/120/format/jpg,0,,0,1774563267342,1
6810aa8e000000000400e0e0,1745922703000,四川,680841f7000000001d025ac3,评论区看到没有同行就放心了，宝子快看看我[偷笑R]娱乐直播考虑一了解一下不,638088e3000000001f018db3,亦然-拉勾传媒,https://sns-avatar-qc.xhscdn.com/avatar/672d9c467885eb6c640dea38.jpg?imageView2/2/w/120/format/jpg,0,,0,1774563267343,0
681030b8000000001e03ffd9,1745891513000,四川,680841f7000000001d025ac3,🉑,64bdddd2000000002b008ba0,imxiaoluo,https://sns-avatar-qc.xhscdn.com/avatar/1040g2jo31grg5e3j3skg5p5trn9ap2t053mug6g?imageView2/2/w/120/format/jpg,0,,0,1774563267343,0
680dad99000000001f009ed6,1745726873000,四川,680841f7000000001d025ac3,相亲没,67ed77bf000000000d0088f2,发福版 彭于晏,https://sns-avatar-qc.xhscdn.com/avatar/1040g2jo31gjrdu54ji005pvdeuvj927itvmuvo0?imageView2/2/w/120/format/jpg,0,,0,1774563267344,0
6808562b000000000401f080,1745376811000,四川,680841f7000000001d025ac3,为什么ip又在外地？,64d2851a000000001100167b,顾宴惜,https://sns-avatar-qc.xhscdn.com/avatar/1040g2jo31ghsv4p83i5g5p6igkd485jro987g4g?imageView2/2/w/120/format/jpg,0,,0,1774563267345,0
680853bc000000001e03c249,1745376188000,四川,680841f7000000001d025ac3,咦老乡哦哈哈哈,6793c2f7000000000a03ff11,迷茫特别迷茫,https://sns-avatar-qc.xhscdn.com/avatar/1040g2jo31fktkgk6g4705psjobrinvohron7fq0?imageView2/2/w/120/format/jpg,0,,0,1774563267345,1
682a809a000000000b015b0c,1747615898000,四川,680841f7000000001d025ac3,滴滴,67f40087000000000d00b7c4,骑着老奶奶过马路,https://sns-avatar-qc.xhscdn.com/avatar/1040g2jo31hkn2b3l4q605pvk023j9du4kv7tcjo?imageView2/2/w/120/format/jpg,0,,0,1774563267346,0
681eea29000000000901471e,1746856490000,四川,680841f7000000001d025ac3,小米Su7买吗[买爆R]可以上门看车试驾哦,5f811c680000000001007bd0,四川商通【文旅年票】,https://sns-avatar-qc.xhscdn.com/avatar/1040g2jo31jkmv618jq105ns13hk08uugudqr308?imageView2/2/w/120/format/jpg,0,,0,1774563267346,0
693e4177000000003802e8df,1765687671000,四川,6936fac5000000001e005060,请问今天还有吗,58991a2b11b4e73170d4f1e4,Koalala,https://sns-avatar-qc.xhscdn.com/avatar/5f2eb12d0889230001f8e260.jpg?imageView2/2/w/120/format/jpg,1,,0,1774563278670,0
693a923a000000003802a174,1765446202000,四川,6936fac5000000001e005060,可以拿图吗[偷笑R],5a8a7ebe11be1026c43e1827,何卷卷小朋友（成都消防改造）,https://sns-avatar-qc.xhscdn.com/avatar/6425119bf2aadfb42d44e1c7.jpg?imageView2/2/w/120/format/jpg,2,,0,1774563278672,0
693ea4ed000000001601e99f,1765713134000,广东,6936fac5000000001e005060,月尾去還有嗎[哭惹R],660e11a0000000000b00d19b,📶,https://sns-avatar-qc.xhscdn.com/avatar/1040g2jo31s4nsmq15s005pge26g2pkcraab6ndo?imageView2/2/w/120/format/jpg,1,,0,1774563278673,0
6939388b0000000038026460,1765357708000,广东,6936fac5000000001e005060,这是昨天的吗,59c9f85d51783a6e7576ce93,咕噜咕噜噜,https://sns-avatar-qc.xhscdn.com/avatar/1040g2jo31h3sglu53s0049rb27s5rjkjho62eb0?imageView2/2/w/120/format/jpg,1,,0,1774563278674,0
693bdd75000000000e034f9b,1765531001000,四川,6936fac5000000001e005060,你这个滤镜好6,5c4860690000000012006bc4,不停,https://sns-avatar-qc.xhscdn.com/avatar/1040g2jo31nt8u85852005n28c1kkgqu4u1fm7mo?imageView2/2/w/120/format/jpg,1,http://sns-webpic-qc.xhscdn.com/202603270614/a74ff56e2b6208fcfa925d33596f4e1d/comment/1040g2h031q050tjfn2005n28c1kkgqu4c2g5ado!nd_whgt34_webp_wm_1,0,1774563278674,0
693be8bd000000001601df76,1765533885000,四川,6936fac5000000001e005060,美女[害羞R]请问有视频吗？想拿走,614fda150000000002026d91,7个汉堡堡,https://sns-avatar-qc.xhscdn.com/avatar/1040g2jo314h64jd36k005oafr8agkrch52oo8g8?imageView2/2/w/120/format/jpg,1,,0,1774563278675,0
693999360000000016024237,1765382454000,上海,6936fac5000000001e005060,这周六还有么,5aeaa3a8e8ac2b728bba3bd7,momo,https://sns-avatar-qc.xhscdn.com/avatar/1040g2jo31mdv0l65mg004a50v5hqgeunfgv7ijo?imageView2/2/w/120/format/jpg,1,,0,1774563278675,0
693c012d000000001d025197,1765540143000,四川,6936fac5000000001e005060,,67a4a31c000000000d009a75,老鲨鱼,https://sns-avatar-qc.xhscdn.com/avatar/645b7ea002c16c941e0bcb05.jpg?imageView2/2/w/120/format/jpg,0,http://sns-webpic-qc.xhscdn.com/202603270614/2a695369262f6c19e83dac48e304b2b0/comment/1040g2h031q09cecln46g5pt4kce396jl2imolfo!nd_whgt34_webp_wm_1,0,1774563278676,1
69a3c85e000000000c015c2c,1772341343000,澳大利亚,699abd63000000001a02ee17,小时候的轨道可比现在的长一些而且是脚蹬的，还可以去撞前面的小伙伴,650e59c20000000017021ac3,悉尼锅具院院长,https://sns-avatar-qc.xhscdn.com/avatar/65842749432f7a46382d735b.jpg?imageView2/2/w/120/format/jpg,6,,0,1774563289986,7
699f2c81000000000600ea84,1772039297000,四川,699abd63000000001a02ee17,多少钱一次啊,5bb659ea38423e0001dbd3d9,娣弟,https://sns-avatar-qc.xhscdn.com/avatar/5cecc39d4a99b60001ac1953.jpg?imageView2/2/w/120/format/jpg,3,,0,1774563289989,0
69a4422e00000000060315f6,1772372527000,新加坡,699abd63000000001a02ee17,就是这个音乐如果能换一个就好了[失望R],59f016a5b1da1463e2a60c65,阿慧和熊猫,https://sns-avatar-qc.xhscdn.com/avatar/59f016a5b1da1463e2a60c65.jpg?imageView2/2/w/120/format/jpg,1,,0,1774563289990,0
69a970d2000000000803173b,1772712146000,四川,699abd63000000001a02ee17,原来都是个人蹬的 好巴适,565a75d70bf90c53cfe5c84a,盆盆盆,https://sns-avatar-qc.xhscdn.com/avatar/925bdb54-4aad-34a7-a108-ca3c419892d6?imageView2/2/w/120/format/jpg,4,,0,1774563289991,1
699b33bd000000000f01b22d,1771779005000,四川,699abd63000000001a02ee17,喜欢,5b155faa4eacab6efca52f58,跳一跳十年少,https://sns-avatar-qc.xhscdn.com/avatar/5fd89dc1e9b51ad68f6afeb5.jpg?imageView2/2/w/120/format/jpg,0,,0,1774563289991,1
69a44f7a000000000c015bb4,1772375930000,广东,699abd63000000001a02ee17,这个乐园价格死贵，把娃糊弄走了。,575e021050c4b40aacc8e496,博,https://sns-avatar-qc.xhscdn.com/avatar/0dd6f7e91ce0bea602fbc47515b7c72f.jpg?imageView2/2/w/120/format/jpg,1,,0,1774563289992,7
69abeb590000000015005a6f,1772874585000,四川,699abd63000000001a02ee17,这个好玩的呀[哇R]下来了才发现方向盘可以让车转圈，感觉少玩了20块[完啦R],6270e5ae0000000010005f0c,ᅠᅠ,https://sns-avatar-qc.xhscdn.com/avatar/1040g2jo31kjn8cmlj26g5ojgsmn40noc8adb29g?imageView2/2/w/120/format/jpg,1,,0,1774563289993,0
69a8f5ec000000000800d720,1772680685000,四川,699abd63000000001a02ee17,以前轨道还长得多，基本上可以围到公园转一圈，现在这个都缩短好多了。,6799ffa3000000000d00afe6,正义警长克里夫,https://sns-avatar-qc.xhscdn.com/avatar/1040g2jo31l2mbvge32605pspvuhj9bv69q1gfp0?imageView2/2/w/120/format/jpg,0,,0,1774563289993,0
69a38a920000000015010c2f,1772325523000,四川,699abd63000000001a02ee17,504的要带着天府广场李若桃去做显年轻,642446e700000000110204cf,小迷妹爱,https://sns-avatar-qc.xhscdn.com/avatar/1040g2jo31he8b9p4ji6g5p148rjkc16fhd7vob8?imageView2/2/w/120/format/jpg,1,,0,1774563289994,0
69ae4b43000000001601499a,1773030212000,四川,699abd63000000001a02ee17,有吗[石化R],6010222900000000010092d9,Amri,https://sns-avatar-qc.xhscdn.com/avatar/53ba1722242c3e9344db7b0fc2e1005f.jpg?imageView2/2/w/120/format/jpg,0,,0,1774563289994,0
69ac4ec4000000000103cb2b,1772900036000,四川,699abd63000000001a02ee17,好干净哦 这个车车,5e0b7fab0000000001001212,豆嘿妹妹,https://sns-avatar-qc.xhscdn.com/avatar/1040g2jo30o2m6pir1u605ngbfulg84gif33dkc8?imageView2/2/w/120/format/jpg,1,,0,1774563296340,0
69a92da00000000006009d98,1772694944000,四川,699abd63000000001a02ee17,好多钱,589d217882ec394e80b898de,背着安崽跑,https://sns-avatar-qc.xhscdn.com/avatar/1040g2jo31u4kceuv1s10494eb6gnh66u2jblduo?imageView2/2/w/120/format/jpg,0,,0,1774563296341,0
699be9fb000000000c008779,1771825660000,四川,699abd63000000001a02ee17,264月龄……我的月龄算了算是520[偷笑R],65eb2ca8000000000500ff37,中国的骄傲,https://sns-avatar-qc.xhscdn.com/avatar/1040g2jo31s7smun3lm005pfb5ik19vpnps4geig?imageView2/2/w/120/format/jpg,1,,0,1774563296342,1
69ad1174000000001d00b310,1772949876000,四川,699abd63000000001a02ee17,贵啊！我儿小时候也常去～,5a6c299b4eacab1e7b1d5d9d,Maggie～,https://sns-avatar-qc.xhscdn.com/avatar/1040g2jo31p82fj7j2s004a13unkpmnctoadn7r0?imageView2/2/w/120/format/jpg,0,,0,1774563296343,0
69abb2ee000000000503123b,1772860142000,四川,699abd63000000001a02ee17,价格表有吗？看一看呀～,5a30b536db2e601d6b79dc2f,道友请了,https://sns-avatar-qc.xhscdn.com/avatar/1040g2jo31jnkcgipia004a08jrqjdn1fmp8cloo?imageView2/2/w/120/format/jpg,0,,0,1774563296344,0
69aa3b5c000000000f0190a7,1772763996000,四川,699abd63000000001a02ee17,这个好耍得很，我经常去耍，从小耍到大。,670e1ac8000000001d032131,无情吐槽机,https://sns-avatar-qc.xhscdn.com/avatar/1040g2jo31chkdo9kgm005poe3b47e89hd9gvdh0?imageView2/2/w/120/format/jpg,0,,0,1774563296344,0
69aaddc8000000000600d9d4,1772805577000,四川,699abd63000000001a02ee17,小时候是脚蹬勒哈哈哈哈哈,5b093ff211be105d841c05b2,草莓🍓小泡芙,https://sns-avatar-qc.xhscdn.com/avatar/1040g2jo31g6cn13uh6604a5lsmvv41disrdnql0?imageView2/2/w/120/format/jpg,0,,0,1774563296345,0
69aa8cdd000000000d011e76,1772784862000,海南,699abd63000000001a02ee17,塔子山也有,612ce079000000000101731b,肉肉的猴子,https://sns-avatar-qc.xhscdn.com/avatar/53ba1722242c3e9344db7b0fc2e1005f.jpg?imageView2/2/w/120/format/jpg,0,,0,1774563296345,0
69a8fe3c0000000008030e4c,1772682812000,四川,699abd63000000001a02ee17,@momo 我之前就想带你去坐这个，但是没有找到,63465b23000000001802bb82,没事早点睡吧,https://sns-avatar-qc.xhscdn.com/avatar/1040g2jo312d9ac41m2605oq6bchm5es2oo66168?imageView2/2/w/120/format/jpg,3,,0,1774563296346,0
69a79595000000000f02b19f,1772590486000,四川,699abd63000000001a02ee17,@困鼠,5c086e7200000000070006cb,贝狗,https://sns-avatar-qc.xhscdn.com/avatar/1040g2jo31s5pleta5s604bus0rn741mb353kjv8?imageView2/2/w/120/format/jpg,0,,0,1774563296346,0
69b8d8c5000000001803a4dd,1773721797000,广西,69b6c710000000001f0063c0,茶文化等同于杂耍倒茶了,607c1a96000000000100b1eb,安德生童话,https://sns-avatar-qc.xhscdn.com/avatar/ae351b5abc78ae2e8d79998354db8440.jpg?imageView2/2/w/120/format/jpg,1,,0,1774563307630,4
69b6f7080000000003010a6a,1773598472000,加拿大,69b6c710000000001f0063c0,男版赵盼儿么[笑哭R],5b7e242fbc93d60001ba9c59,莱西今天放电了吗,https://sns-avatar-qc.xhscdn.com/avatar/1040g2jo30pflunso5i004aifvti2v72pookd94o?imageView2/2/w/120/format/jpg,1,,0,1774563307632,0
69b93df3000000000f01f2ab,1773747700000,山东,69b6c710000000001f0063c0,每一杯茶都有这个表演吗[微笑R],5b607a78e8ac2b4272af9b7e,J.,https://sns-avatar-qc.xhscdn.com/avatar/1040g2jo31avooev17a6g4a7npgt7h6rupq3v6mo?imageView2/2/w/120/format/jpg,1,,0,1774563307633,0
69c1f33f000000000f02be31,1774318399000,加拿大,69b6c710000000001f0063c0,这个好好玩 都想回国了,5c916a260000000012020d38,是Nana妈呀,https://sns-avatar-qc.xhscdn.com/avatar/637ae9610a206483701cc73f.jpg?imageView2/2/w/120/format/jpg,0,,0,1774563307634,0
69c0e631000000001500079f,1774249521000,上海,69b6c710000000001f0063c0,我去的时候也是这个小哥,55bd8835e4b1cf3d5308f864,我是杏子,https://sns-avatar-qc.xhscdn.com/avatar/1040g2jo31qgugqqqg00041166e43bu34908m440?imageView2/2/w/120/format/jpg,0,,0,1774563307634,1
69b8f0650000000002035698,1773727845000,四川,69b6c710000000001f0063c0,We were there yesterday [派对R],678b1e92000000000d008caf,Peter,https://sns-avatar-qc.xhscdn.com/avatar/1040g2jo31qbs4a0hmudg5psb3q93935f88eigt8?imageView2/2/w/120/format/jpg,1,,0,1774563307635,0
69ba7edb0000000015006666,1773829857000,辽宁,69b6c710000000001f0063c0,去啦,5b8f97fe39dc5e000149e7c2,拜托了,https://sns-avatar-qc.xhscdn.com/avatar/1040g2jo3136eqh8dno004aqpk2bvtpu2a8a8n9g?imageView2/2/w/120/format/jpg,0,http://sns-webpic-qc.xhscdn.com/202603270615/083ceaa46db0e8f3e4ab7c4ee5d8b39e/comment/1040g4b831trq7cjb7e704aqpk2bvtpu2a50vp70!nd_whgt34_webp_wm_1,0,1774563307636,0
69bb1eb2000000000103ded5,1773870771000,加拿大,69b6c710000000001f0063c0,没掏耳朵吗？[大笑R],622403dd0000000010004fbc,阿旺凯巧,https://sns-avatar-qc.xhscdn.com/avatar/1040g2jo31p3btqeu280g5oh40fek0jtskt4f49g?imageView2/2/w/120/format/jpg,0,,0,1774563307636,0
69ba9bb4000000000d03f55f,1773837237000,上海,69b6c710000000001f0063c0,这不是，这是给游客的,620e4ad50000000021028d6f,打工人,https://sns-avatar-qc.xhscdn.com/avatar/1040g2jo31f4lqn706a005oge9baod3bf91lctd0?imageView2/2/w/120/format/jpg,0,,0,1774563307637,0
69b9f901000000001500c054,1773795586000,四川,69b6c710000000001f0063c0,好多钱这种,601913b20000000001003581,浪浪山,https://sns-avatar-qc.xhscdn.com/avatar/6612161a1d9d8ddde45d87e9.jpg?imageView2/2/w/120/format/jpg,1,,0,1774563307637,0
69ba3d7f00000000020371d6,1773813120000,陕西,69b6c710000000001f0063c0,公园很吵很乱,63eedbcf000000001001d98e,小红薯63EF8551,https://sns-avatar-qc.xhscdn.com/avatar/411309441983cdc4ce073ff8da73b5b6.jpg?imageView2/2/w/120/format/jpg,1,,0,1774563313957,0
69bd0f6c000000000301263c,1773997938000,四川,69b6c710000000001f0063c0,同款,6686b8d600000000030317be,Z.,https://sns-avatar-qc.xhscdn.com/avatar/1040g2jo3152hug6l14005pk6n3b0u5tug3ei8to?imageView2/2/w/120/format/jpg,0,http://sns-webpic-qc.xhscdn.com/202603270615/d0df82c602eb9567c3c010a1d3bb1d93/comment/1040g2h031tuac33anq005pk6n3b0u5tucn0in68!nd_whlt34_webp_wm_1,0,1774563313958,1
69bdd647000000001400a7ab,1774048839000,黑龙江,69b6c710000000001f0063c0,好歹穿个古装鞋,5d8a357d0000000001018d99,黄州谪人,https://sns-avatar-qc.xhscdn.com/avatar/529594cd91bbf4c43608131bf9134bdc.jpg?imageView2/2/w/120/format/jpg,0,,0,1774563313959,0
69ba8aa7000000001803a5ec,1773832873000,广东,69b6c710000000001f0063c0,春节刚去过，也是这个小哥。这家都算便宜了，在武侯祠更贵,5bbad34c8526dd0001e45079,omom,https://sns-avatar-qc.xhscdn.com/avatar/1040g2jo31o9i05a1mm4g4bc01j9kok3p0elht90?imageView2/2/w/120/format/jpg,0,http://sns-webpic-qc.xhscdn.com/202603270615/2b49f304382e4e1513c1bf2e838f9ac1/comment/1040g4b831trrlf0372704bc01j9kok3pvj84h28!nd_whgt34_webp_wm_1,0,1774563313960,0
69b6d97d00000000020297ad,1773590920000,加拿大,69b6c710000000001f0063c0,我两年前去的[doge],5910463e7fc5b874ae5479ce,干饭选手又困了💤,https://sns-avatar-qc.xhscdn.com/avatar/1040g2jo31oogcv004q0049fnl833sueercd35ro?imageView2/2/w/120/format/jpg,0,http://sns-webpic-qc.xhscdn.com/202603270615/39778c43e5ef7913296696aa43b0062c/comment/1040g2h031to89dec6o0049fnl833sueecv2qs2o!nd_whgt34_webp_wm_1,0,1774563313960,1
69b6e121000000000c030ee6,1773592866000,加拿大,69b6c710000000001f0063c0,很酷啊[点赞R][点赞R][点赞R],5ec1d74b00000000010016a9,老静,https://sns-avatar-qc.xhscdn.com/avatar/5ec1d74b00000000010016a9.jpg?imageView2/2/w/120/format/jpg,0,,0,1774563313961,0
69b84e320000000016017b82,1773686323000,加拿大,69b6c710000000001f0063c0,好有意思,633bfcc5000000001901dc70,朵朵酱,https://sns-avatar-qc.xhscdn.com/avatar/1040g2jo31cau6nokgm005oprvj2mbn3gn81m368?imageView2/2/w/120/format/jpg,0,,0,1774563313961,0
69b6d9450000000018038d0a,1773590854000,韩国,69b6c710000000001f0063c0,成都人民公园. 好玩,5ec078c40000000001007cfc,长不大的妈妈子,https://sns-avatar-qc.xhscdn.com/avatar/612bb3b93a1c202c67c67237.jpg?imageView2/2/w/120/format/jpg,0,,0,1774563313962,0
69ba504300000000150049f8,1773817925000,上海,69b6c710000000001f0063c0,今年春节正好碰到财神爷发红包[赞R],57b1139da9b2ed18ff8f7ae0,miaomiao,https://sns-avatar-qc.xhscdn.com/avatar/57b1139da9b2ed18ff8f7ae0.jpg?imageView2/2/w/120/format/jpg,0,"http://sns-webpic-qc.xhscdn.com/202603270615/5a280c5117d948b61179055a426a9bb4/comment/1040g4b831trkhc7o72b048l2as9pqun0jlcnni0!nd_whgt34_webp_wm_1,http://sns-webpic-qc.xhscdn.com/202603270615/60b696e8c11d274bc1b914dd76139547/comment/1040g4b831trkhc7o728g48l2as9pqun0vcqqvlg!nd_whgt34_webp_wm_1",0,1774563313962,0
672ab4eb000000001b006ede,1730852076000,,6728105f000000003c019fff,不是今年的吧！,5f6ad01e000000000100643b,黄碧云,https://sns-avatar-qc.xhscdn.com/avatar/5f6ad01e000000000100643b.jpg?imageView2/2/w/120/format/jpg,5,,0,1774563325364,0
672824300000000017026f0a,1730683953000,,6728105f000000003c019fff,确定是今天的吗？今天不是在下雨吗？,5c17b5a6000000000701e960,是阿绿啊～,https://sns-avatar-qc.xhscdn.com/avatar/5ca17cb96fbde30001067fc4.jpg?imageView2/2/w/120/format/jpg,4,,0,1774563325367,0
67295454000000001b006f13,1730761813000,,6728105f000000003c019fff,上周去还啥都没有,5fb8ce3e000000000101c7b5,1077099690,https://sns-avatar-qc.xhscdn.com/avatar/1040g2jo31d8ori2r0k6g5ntopov0bhtl9ol049g?imageView2/2/w/120/format/jpg,2,,0,1774563325368,2
672971a5000000001802b6a7,1730769318000,,6728105f000000003c019fff,昨天去了，根本没有什么花,5c714dbe000000001103a8d7,棒棒糖手作,https://sns-avatar-qc.xhscdn.com/avatar/1040g2jo31e16ljfsgm005n3h9mv4fa6n21isr48?imageView2/2/w/120/format/jpg,1,,0,1774563325368,0
6728d688000000001b037699,1730729608000,,6728105f000000003c019fff,哪里哪里,612f0f3e00000000020262a7,清水煮茶,https://sns-avatar-qc.xhscdn.com/avatar/612f106b969858871c9d5cea.jpg?imageView2/2/w/120/format/jpg,1,,0,1774563325369,0
67297e02000000001503a006,1730772483000,,6728105f000000003c019fff,感觉今年的品种要好看些呢,5a249ac14eacab7c10533723,青草蛋糕,https://sns-avatar-qc.xhscdn.com/avatar/1040g2jo31jj6pngdiu004a02rrdc2dp34vq0hkg?imageView2/2/w/120/format/jpg,0,,0,1774563325370,1
67294cc0000000001b005630,1730759872000,,6728105f000000003c019fff,这么多的菊花品种，还是小时候看到过呢[点赞R][点赞R][点赞R],6074207d0000000001009dd3,*岸芷汀兰*,https://sns-avatar-qc.xhscdn.com/avatar/60a069bd6254a51e3480f8e5.jpg?imageView2/2/w/120/format/jpg,0,,0,1774563325370,1
6728a295000000001a01b6eb,1730716310000,,6728105f000000003c019fff,@乌西西 开了,5d1d72100000000010003ce0,黒嘿歘欻歘,https://sns-avatar-qc.xhscdn.com/avatar/5d3c1721035998000173ca9c.jpg?imageView2/2/w/120/format/jpg,0,,0,1774563325371,1
67283934000000001b021c21,1730689333000,,6728105f000000003c019fff,正在去的路上,5b52c52bf7e8b90b72ea8fc9,美丽365,https://sns-avatar-qc.xhscdn.com/avatar/5b52c52bf7e8b90b72ea8fc9.jpg?imageView2/2/w/120/format/jpg,0,,0,1774563325371,1
674c0b18000000001a01b11f,1733036825000,,6728105f000000003c019fff,花海赏心悦目的美[点赞R][点赞R],61176b15000000000100ba21,绒玩坊,https://sns-avatar-qc.xhscdn.com/avatar/1040g2jo31ijembirno6g5o8ndcag9eh18p3ecr8?imageView2/2/w/120/format/jpg,0,,0,1774563325372,0
672d6299000000001a0331bf,1731027609000,,6728105f000000003c019fff,希望如實報導，不是深圳那種玩算術遊戲話有萬架無人機表演的坑人宣傳。,64731d3b00000000100365e8,小红薯67F86E91,https://sns-avatar-qc.xhscdn.com/avatar/645b802027c6616ef4dc0b4a.jpg?imageView2/2/w/120/format/jpg,0,,0,1774563331675,0
672cbe7e000000001b0234f8,1730985599000,,6728105f000000003c019fff,挺喜庆啊，好多年没看菊展了,5a6c750ce8ac2b4820771af9,月落星沉,https://sns-avatar-qc.xhscdn.com/avatar/1040g2jo3179kddg8k4004a144iqgo6np4au7d1g?imageView2/2/w/120/format/jpg,0,,0,1774563331677,0
672c55220000000017025c99,1730958626000,,6728105f000000003c019fff,我3号去都没这么多[黑薯问号R],5c9e0f150000000011005e1b,南方姑娘,https://sns-avatar-qc.xhscdn.com/avatar/1040g2jo31ng6r8efmmdg5n4u1sak8ngrhkadvjo?imageView2/2/w/120/format/jpg,0,,0,1774563331678,0
672ac677000000001b006395,1730856567000,,6728105f000000003c019fff,我前几天去看了，几乎没什么菊花，而且都焉兮兮的,562e29310bf90c54e120ca2f,萝卜lyinr,https://sns-avatar-qc.xhscdn.com/avatar/seller_69ba1d1aa3959c0001a0e33f?imageView2/2/w/120/format/jpg,0,,0,1774563331679,0
672a5a77000000001b025abd,1730828920000,,6728105f000000003c019fff,好奇开败了怎么处理[偷笑R],64d43ec9000000000b00a86e,陆十六,https://sns-avatar-qc.xhscdn.com/avatar/1040g2jo318tn5f4gk66g5p6k7r4ipa3egtlq6p0?imageView2/2/w/120/format/jpg,0,,0,1774563331680,0
672a063d000000001b03561f,1730807358000,,6728105f000000003c019fff,今天刚去，花不多,602e752900000000010054b9,zw,https://sns-avatar-qc.xhscdn.com/avatar/ae351b5abc78ae2e8d79998354db8440.jpg?imageView2/2/w/120/format/jpg,0,,0,1774563331680,0
67287ca2000000001702650c,1730706595000,,6728105f000000003c019fff,@nice,602e78b4000000000100712b,car,https://sns-avatar-qc.xhscdn.com/avatar/62eb88e3bc96e4f58ae5cbef.jpg?imageView2/2/w/120/format/jpg,0,,0,1774563331681,0
672bb989000000001b0214f3,1730918795000,,6728105f000000003c019fff,,633bee3c000000001802b1d1,河水东流,https://sns-avatar-qc.xhscdn.com/avatar/633bee3c000000001802b1d1.jpg?imageView2/2/w/120/format/jpg,0,http://sns-webpic-qc.xhscdn.com/202603270615/242a0d2ae91196c3b26e83ee6a5e5e2d/comment/1040g2h0319s95qktng405oprtou65cehq51cpg8!nd_whgt34_webp_wm_1,0,1774563331682,1
6924ed840000000039006486,1764027781000,河北,6924dfcc000000001f007812,美景尽收眼底[郁金香R],5d9006860000000001003c20,热爱生活的退休人（请勿连赞）,https://sns-avatar-qc.xhscdn.com/avatar/1040g2jo31dtmij9ngk6g5ncg0q308f10vadfsa0?imageView2/2/w/120/format/jpg,2,,0,1774563343038,1
6925030d0000000038014871,1764033294000,上海,6924dfcc000000001f007812,我最羡慕的就是你[玫瑰R][点赞R][派对R],60b858ec0000000020025555,氛围组大队长,https://sns-avatar-qc.xhscdn.com/avatar/1040g2jo31ln7j72p5o605o5ob3m84lallo316ro?imageView2/2/w/120/format/jpg,1,,0,1774563343040,2
6924f889000000000e037ae4,1764030601000,江苏,6924dfcc000000001f007812,成都值得多次刷，我总共去了4次，每一次都解锁以前没观赏的景点。,5fd7b4000000000001007b85,朦朦烟雨楼,https://sns-avatar-qc.xhscdn.com/avatar/1040g2jo31m6311p84s6g5nunmg008us52ollfi8?imageView2/2/w/120/format/jpg,1,,0,1774563343041,2
6924f2500000000039006531,1764029008000,江西,6924dfcc000000001f007812,拍的清晰唯美，电影质感[点赞R][玫瑰R],6789ea5c000000000e01f2d4,敏锐杰米,https://sns-avatar-qc.xhscdn.com/avatar/1040g2jo31khcl4ea2o605ps9t9e3jsmku1b5j78?imageView2/2/w/120/format/jpg,1,,0,1774563343042,2
6924f21a0000000038033fef,1764028954000,河南,6924dfcc000000001f007812,大美妞儿[点赞R][玫瑰R][玫瑰R][玫瑰R],66ff6dbf000000001d032a68,凤凰,https://sns-avatar-qc.xhscdn.com/avatar/66ff6e029816211ff002d001.jpg?imageView2/2/w/120/format/jpg,1,,0,1774563343042,2
692589d7000000001600c34c,1764067800000,江苏,6924dfcc000000001f007812,每一帧都好美[玫瑰R],60c397810000000001007563,爱穿搭的Moon,https://sns-avatar-qc.xhscdn.com/avatar/1040g2jo31i08mcf17e005o63iu0g8tb31bamm1g?imageView2/2/w/120/format/jpg,1,,0,1774563343043,1
6925683400000000380132a7,1764059189000,北京,6924dfcc000000001f007812,休闲好去处！[点赞R][玫瑰R],5dfe31cb0000000001004805,风信子,https://sns-avatar-qc.xhscdn.com/avatar/635d00965a3a894021e72fc8.jpg?imageView2/2/w/120/format/jpg,1,,0,1774563343044,1
692553bb000000000e034e16,1764053947000,黑龙江,6924dfcc000000001f007812,也是我喜欢的城市[点赞R][玫瑰R],61a2d3b10000000010006991,吾皇她妈,https://sns-avatar-qc.xhscdn.com/avatar/61aed5e94aad0c7548e8d409.jpg?imageView2/2/w/120/format/jpg,1,,0,1774563343045,1
69253efe000000003803eb86,1764048639000,安徽,6924dfcc000000001f007812,[赞R][赞R][赞R],5d4101c00000000016039f4f,乐老头,https://sns-avatar-qc.xhscdn.com/avatar/1040g2jo31mdcms135m005na10705n7qf9sbh80o?imageView2/2/w/120/format/jpg,1,,0,1774563343045,1
6925347c0000000006019ed0,1764045948000,河北,6924dfcc000000001f007812,美美哒[两颗心R]午安[玫瑰R],65709e39000000002003649f,至纯至真至诚,https://sns-avatar-qc.xhscdn.com/avatar/1040g2jo30se57u1e3k605pbgjoso6p4vle73obg?imageView2/2/w/120/format/jpg,1,,0,1774563343046,1
692b089b000000001601d85a,1764427932000,广东,6924dfcc000000001f007812,周末愉快,610d21bd0000000001000681,世外茶源,https://sns-avatar-qc.xhscdn.com/avatar/1040g2jo31kak5fji2u005o8d46ug81k1f0ro1tg?imageView2/2/w/120/format/jpg,0,,0,1774563349341,0
6926f7bc000000003803db1a,1764161469000,浙江,6924dfcc000000001f007812,美好的回忆[点赞R],6287bd440000000021024f5d,言午姐的闲暇时光,https://sns-avatar-qc.xhscdn.com/avatar/1040g2jo311e9uih8mg605ok7nl28cjqtse1vpb0?imageView2/2/w/120/format/jpg,0,,0,1774563349343,0
6926b929000000003900272e,1764145449000,广东,6924dfcc000000001f007812,喜欢成都[点赞R],5dfdcdae0000000001006648,老妞儿,https://sns-avatar-qc.xhscdn.com/avatar/1040g2jo31g2g90d900605nftpmn08pi8qnad7i0?imageView2/2/w/120/format/jpg,0,,0,1774563349343,0
6926a170000000001600cad1,1764139376000,黑龙江,6924dfcc000000001f007812,成都是可以去了再去的城市[点赞R],685675f3000000001b020002,素棉的小时光,https://sns-avatar-qc.xhscdn.com/avatar/1040g2jo31jqhi2vv326g5q2menpms002e7b43eg?imageView2/2/w/120/format/jpg,0,,0,1774563349344,0
69267fbc00000000390094c7,1764130749000,甘肃,6924dfcc000000001f007812,好美的景，拍的真好[赞R][赞R][赞R][点赞R][点赞R][点赞R],638213e3000000001f01f9ff,刘国梅,https://sns-avatar-qc.xhscdn.com/avatar/1040g2jo31snqjdf7lkdg5os22fhnrufvb4cj9m8?imageView2/2/w/120/format/jpg,0,,0,1774563349345,0
69267d68000000001602639c,1764130152000,北京,6924dfcc000000001f007812,每一处都是美景[萌萌哒R]，好喜欢这优美的环境[握手R],61c09896000000001000dd37,石腊梅,https://sns-avatar-qc.xhscdn.com/avatar/6449be25dd18c6c67a010fd3.jpg?imageView2/2/w/120/format/jpg,0,,0,1774563349345,0
69266116000000001600d8e2,1764122903000,北京,6924dfcc000000001f007812,早上好美妹[玫瑰R],5c7d960e0000000011022456,静若幽兰,https://sns-avatar-qc.xhscdn.com/avatar/5c7d960e0000000011022456.jpg?imageView2/2/w/120/format/jpg,0,,0,1774563349346,0
692655b4000000003800e56f,1764119988000,山东,6924dfcc000000001f007812,人美会拍[点赞R],5e510516000000000100218e,雨落随风,https://sns-avatar-qc.xhscdn.com/avatar/66cbf4c89595d870d1e120c5.jpg?imageView2/2/w/120/format/jpg,0,,0,1774563349346,0
692644c900000000160236e6,1764115658000,重庆,6924dfcc000000001f007812,成都确实很好逛[偷笑R],5c6f682a000000001000a633,木 木 三,https://sns-avatar-qc.xhscdn.com/avatar/1040g2jo31k5eeco8325g5n3fd0l419hjgmr0keo?imageView2/2/w/120/format/jpg,0,,0,1774563349346,0
6926334b000000001d027cbd,1764111180000,日本,6924dfcc000000001f007812,巴适,6106b261000000000101cb29,梦梦*旅行酱,https://sns-avatar-qc.xhscdn.com/avatar/1040g2jo31dl48btq0e605o86m9ggbip9mgs6cb0?imageView2/2/w/120/format/jpg,0,,0,1774563349346,1
69a52083000000001900330c,1772429445000,四川,6965a4ea000000001a03059e,宝宝宝宝🐼汤圆how much 呀,5a8d84eee8ac2b0de74021f4,Gowiththeflow_,https://sns-avatar-qc.xhscdn.com/avatar/1040g2jo31tb2gcdam2004a1ln92es8fkovbe5qg?imageView2/2/w/120/format/jpg,3,http://sns-webpic-qc.xhscdn.com/202603270616/826c12434c4d8148d547ded561bc2c3d/comment/1040g2h031t6uer5j62004a1ln92es8fkp4a3f5g!nd_whlt34_webp_wm_1,0,1774563360660,0
6965b2a7000000000f02cd7f,1768272552000,四川,6965a4ea000000001a03059e,人多吗,5cc83607000000001603157b,就那样,https://sns-avatar-qc.xhscdn.com/avatar/61b0b56f49112df6a851c4f3.jpg?imageView2/2/w/120/format/jpg,3,,0,1774563360662,0
696861e5000000000b035604,1768448486000,四川,6965a4ea000000001a03059e,请问可以求茶馆图片吗,6021f6fe000000000100a00d,85,https://sns-avatar-qc.xhscdn.com/avatar/1040g2jo311g3ancima6g5o11urv0980di30e8lg?imageView2/2/w/120/format/jpg,2,,0,1774563360663,1
69b8f3b200000000150086ce,1773728691000,四川,6965a4ea000000001a03059e,借一下图，谢谢,65cd355a000000000401e8e7,四川省最深情的前夫哥,https://sns-avatar-qc.xhscdn.com/avatar/645b7e90e29f7d0acadad8aa.jpg?imageView2/2/w/120/format/jpg,0,,0,1774563360663,0
69661e95000000001d008eef,1768300181000,四川,6965a4ea000000001a03059e,有机会欢迎再来成都玩～ 哈哈哈哈,5f16c3d80000000001001a31,Damienrice,https://sns-avatar-qc.xhscdn.com/avatar/6744436b899e80222591ef9a.jpg?imageView2/2/w/120/format/jpg,1,,0,1774563360664,0
69674be9000000000f01b72f,1768377322000,四川,6965a4ea000000001a03059e,人多，就感受不到慢生活了[笑哭R],5b740d1726935d0001e50ab7,Lavender Shaw💜,https://sns-avatar-qc.xhscdn.com/avatar/1040g2jo31rv13dkn2s004aekub6he2lnkga5p5o?imageView2/2/w/120/format/jpg,0,,0,1774563360664,1
6997b0140000000019001a39,1771548693000,四川,6965a4ea000000001a03059e,不是本地人喝茶地,6117408a000000000100944c,天涯,https://sns-avatar-qc.xhscdn.com/avatar/1040g2jo31sm0hh8m68005o8n8250952cm4k41q8?imageView2/2/w/120/format/jpg,0,,0,1774563360665,0
67f369d70000000012021f8f,1744005592000,陕西,67f18cc5000000001c02c616,河边的位置必须点198的套餐吗宝宝，我看有的帖子说的,5e70814e000000000100bb48,吃吃吃33,https://sns-avatar-qc.xhscdn.com/avatar/1040g2jo31s3e45bplk005njgg5709eq82dqmi70?imageView2/2/w/120/format/jpg,2,,0,1774563372086,1
67f6648c0000000020013c7c,1744200844000,四川,67f18cc5000000001c02c616,人超多,5f6eb7a800000000010034f9,芊廷,https://sns-avatar-qc.xhscdn.com/avatar/6728eaa1f0f61ec034e5ebed.jpg?imageView2/2/w/120/format/jpg,3,,0,1774563372088,1
6802a0c40000000012003db9,1745002692000,贵州,67f18cc5000000001c02c616,这里可以吃钟水饺嘛,60a53358000000000101efef,Ekko.,https://sns-avatar-qc.xhscdn.com/avatar/1040g2jo31ipn5p6t1a005o556dc0brvfablhh2g?imageView2/2/w/120/format/jpg,1,,0,1774563372089,0
67fe70c1000000001e011a83,1744728257000,四川,67f18cc5000000001c02c616,工作日人也很多吗,5e34f40c00000000010020e2,不李不李,https://sns-avatar-qc.xhscdn.com/avatar/1040g2jo31truth6i0c105qb73f46el3p0j53oqo?imageView2/2/w/120/format/jpg,1,,0,1774563372090,0
680a0bc2000000001f00f2eb,1745488835000,甘肃,67f18cc5000000001c02c616,钟水饺早上7点40可以点餐吗,5cf251f50000000005007b71,七七,https://sns-avatar-qc.xhscdn.com/avatar/612c4ddf117e42cef2800bbf.jpg?imageView2/2/w/120/format/jpg,1,,0,1774563372090,0
6801558d000000001f009aed,1744917902000,四川,67f18cc5000000001c02c616,上次我就坐的这个位置[偷笑R],6684b681000000000b032822,全国汽车数字交流,https://sns-avatar-qc.xhscdn.com/avatar/1040g2jo31cq7p6p1h0005pk4mq0iua12rcdnjvg?imageView2/2/w/120/format/jpg,0,,0,1774563372091,0
67f21002000000002001487c,1743917058000,四川,67f18cc5000000001c02c616,全部是我爱吃的[赞R],60157c32000000000101eae6,麻辣兔头,https://sns-avatar-qc.xhscdn.com/avatar/1040g2jo31mf7u9294s005o0lfgp0bqn63u7jl48?imageView2/2/w/120/format/jpg,2,,0,1774563372091,0
6893839b0000000029039c42,1754497948000,四川,688b0db2000000002500f776,请问这个公园从北门进还是南门方便？,5a0fb0944eacab14dff75df7,💋我是我的小马达,https://sns-avatar-qc.xhscdn.com/avatar/1040g2jo318ga67c3k60049vm9oo98nfn067gvpg?imageView2/2/w/120/format/jpg,1,,0,1774563383416,0
688b2721000000002a0182cb,1753949986000,四川,688b0db2000000002500f776,人民公园里面的新游乐设施还没有修好嘛？[捂脸R],5f797d91000000000101c7ac,七妹💍,https://sns-avatar-qc.xhscdn.com/avatar/639d5fbfa69bb73baef9133e.jpg?imageView2/2/w/120/format/jpg,1,,0,1774563383418,0
6896fb78000000002903c1e6,1754725241000,广西,688b0db2000000002500f776,这样玩下来大概要几个小时呢,62ce961c000000000e00ecc8,T_T,https://sns-avatar-qc.xhscdn.com/avatar/1040g2jo313bmhn3tg8005omeioe3hr682c1isag?imageView2/2/w/120/format/jpg,0,,0,1774563383419,0
68bd78f90000000030011d6f,1757247737000,山西,688b0db2000000002500f776,请问导览图和纪念票是在北门领还是南门领呢？,5aa0935c11be10361925abca,亲情树,https://sns-avatar-qc.xhscdn.com/avatar/5aa0935c11be10361925abca.jpg?imageView2/2/w/120/format/jpg,0,,0,1774563383420,0
